============================================================
  Generated by:           Genus(TM) Synthesis Solution 21.19-s055_1
  Generated on:           Apr 17 2026  06:11:48 pm
  Module:                 prbs_ber_chip_top
  Operating conditions:   WCCOM 
  Interconnect mode:      global
  Area mode:              physical library
============================================================


Path 1: MET (258 ps) Setup Check with Pin u_prbs_ber_top/total_count_reg[31]/CP->D
           View: WCCOM.setup_view
          Group: clk
     Startpoint: (R) u_prbs_ber_top/total_count_reg[0]/CP
          Clock: (R) clk
       Endpoint: (F) u_prbs_ber_top/total_count_reg[31]/D
          Clock: (R) clk

                     Capture       Launch     
        Clock Edge:+    4000            0     
       Src Latency:+       0            0     
       Net Latency:+       0 (I)        0 (I) 
           Arrival:=    4000            0     
                                              
             Setup:-     251                  
     Required Time:=    3749                  
      Launch Clock:-       0                  
         Data Path:-    3491                  
             Slack:=     258                  

#------------------------------------------------------------------------------------------------------------------------
#               Timing Point                 Flags    Arc   Edge     Cell       Fanout Load Trans Delay Arrival Instance 
#                                                                                      (fF)  (ps)  (ps)   (ps)  Location 
#------------------------------------------------------------------------------------------------------------------------
  u_prbs_ber_top/total_count_reg[0]/CP       -       -      R     (arrival)         32    -     0     0       0    (-,-) 
  u_prbs_ber_top/total_count_reg[0]/Q        -       CP->Q  R     DFKCNQD1BWP7T      6 38.2   335   469     469    (-,-) 
  u_prbs_ber_top/inc_add_99_40_g534__5107/ZN -       A1->ZN F     ND2D1BWP7T         3 23.7   216   195     664    (-,-) 
  u_prbs_ber_top/inc_add_99_40_g523__6161/ZN -       A1->ZN R     NR2XD1BWP7T        2 25.5   256   197     861    (-,-) 
  u_prbs_ber_top/inc_add_99_40_g522__4733/ZN -       A1->ZN F     ND3D2BWP7T         2 18.5   177   148    1008    (-,-) 
  u_prbs_ber_top/inc_add_99_40_g520__7482/ZN -       A1->ZN R     NR2XD1BWP7T        2 25.5   254   187    1196    (-,-) 
  u_prbs_ber_top/inc_add_99_40_g518__1881/ZN -       A1->ZN F     ND2D2BWP7T         2 24.2   136   127    1323    (-,-) 
  u_prbs_ber_top/inc_add_99_40_g514__8246/ZN -       A1->ZN R     NR2XD2BWP7T        2 21.6   151   112    1435    (-,-) 
  u_prbs_ber_top/inc_add_99_40_g510__1617/ZN -       A1->ZN F     ND2D1BWP7T         2 16.6   156   129    1564    (-,-) 
  u_prbs_ber_top/inc_add_99_40_g506__5526/ZN -       A1->ZN R     NR2D1BWP7T         2 19.8   395   270    1834    (-,-) 
  u_prbs_ber_top/inc_add_99_40_g503__6260/Z  -       A1->Z  R     AN3D1BWP7T         2 19.8   217   370    2203    (-,-) 
  u_prbs_ber_top/inc_add_99_40_g499__6417/Z  -       A1->Z  R     AN3D1BWP7T         2 19.8   217   336    2539    (-,-) 
  u_prbs_ber_top/inc_add_99_40_g495__2883/Z  -       A1->Z  R     AN3D1BWP7T         1 16.7   194   321    2860    (-,-) 
  u_prbs_ber_top/inc_add_99_40_g484__5122/CO -       B->CO  R     HA1D1BWP7T         1 11.0   130   188    3048    (-,-) 
  u_prbs_ber_top/inc_add_99_40_g480__3680/Z  -       A1->Z  F     XOR2D1BWP7T        1  8.1   114   253    3301    (-,-) 
  u_prbs_ber_top/g1121__6260/ZN              -       A1->ZN F     INR2D1BWP7T        1  9.3   285   190    3491    (-,-) 
  u_prbs_ber_top/total_count_reg[31]/D       -       -      F     DFKCNQD1BWP7T      1    -     -     0    3491    (-,-) 
#------------------------------------------------------------------------------------------------------------------------



Path 2: MET (280 ps) Setup Check with Pin u_measure_ctrl/busy_q_reg/CP->SA
           View: WCCOM.setup_view
          Group: clk
     Startpoint: (R) u_csr_regbank/window_reg_reg[11]/CP
          Clock: (R) clk
       Endpoint: (R) u_measure_ctrl/busy_q_reg/SA
          Clock: (R) clk

                     Capture       Launch     
        Clock Edge:+    4000            0     
       Src Latency:+       0            0     
       Net Latency:+       0 (I)        0 (I) 
           Arrival:=    4000            0     
                                              
             Setup:-     523                  
     Required Time:=    3477                  
      Launch Clock:-       0                  
         Data Path:-    3197                  
             Slack:=     280                  

#------------------------------------------------------------------------------------------------------------------------
#               Timing Point                 Flags    Arc   Edge     Cell       Fanout Load Trans Delay Arrival Instance 
#                                                                                      (fF)  (ps)  (ps)   (ps)  Location 
#------------------------------------------------------------------------------------------------------------------------
  u_csr_regbank/window_reg_reg[11]/CP        -       -      R     (arrival)         32    -     0     0       0    (-,-) 
  u_csr_regbank/window_reg_reg[11]/Q         -       CP->Q  R     DFKCNQD1BWP7T      4 28.1   256   425     425    (-,-) 
  u_measure_ctrl/dec_sub_53_58_g979__5107/Z  -       A2->Z  R     OR2D1BWP7T         1 25.8   240   295     720    (-,-) 
  u_measure_ctrl/dec_sub_53_58_g919__3680/ZN -       A2->ZN F     NR2XD3BWP7T        3 33.1   107   124     843    (-,-) 
  u_measure_ctrl/dec_sub_53_58_g973__2346/Z  -       A2->Z  F     AN2XD1BWP7T        1 18.5   104   188    1031    (-,-) 
  u_measure_ctrl/dec_sub_53_58_g890__7482/ZN -       A2->ZN R     ND2D3BWP7T         3 27.8   126   110    1141    (-,-) 
  u_measure_ctrl/dec_sub_53_58_g873__5526/ZN -       A1->ZN F     NR2D2BWP7T         2 16.8   109    66    1207    (-,-) 
  u_measure_ctrl/dec_sub_53_58_g970__9315/Z  -       B->Z   F     AO21D1BWP7T        2 13.7   114   303    1510    (-,-) 
  u_measure_ctrl/gte_53_43_g743__5115/ZN     -       A1->ZN F     IOA21D1BWP7T       2 13.7   139   233    1743    (-,-) 
  u_measure_ctrl/gte_53_43_g735__2802/ZN     -       A1->ZN F     IND3D1BWP7T        2 15.8   223   297    2040    (-,-) 
  u_measure_ctrl/gte_53_43_g717__9315/ZN     -       A1->ZN R     NR2XD0BWP7T        1  9.5   224   183    2223    (-,-) 
  u_measure_ctrl/gte_53_43_g706__2802/ZN     -       B->ZN  F     IOA21D1BWP7T       1 10.0   123   116    2339    (-,-) 
  u_measure_ctrl/gte_53_43_g705__1617/ZN     -       B->ZN  R     OAI211D1BWP7T      1  9.0   281   146    2485    (-,-) 
  u_measure_ctrl/gte_53_43_g704__3680/ZN     -       B1->ZN F     IND3D1BWP7T        1  9.9   178   163    2648    (-,-) 
  u_measure_ctrl/gte_53_43_g703__6783/ZN     -       C->ZN  R     OAI211D1BWP7T      1  7.7   260   164    2812    (-,-) 
  u_measure_ctrl/g901__6417/Z                -       A1->Z  R     AO211D0BWP7T       2 21.3   388   385    3197    (-,-) 
  u_measure_ctrl/busy_q_reg/SA               -       -      R     DFXD0BWP7T         2    -     -     0    3197    (-,-) 
#------------------------------------------------------------------------------------------------------------------------



Path 3: MET (282 ps) Setup Check with Pin u_measure_ctrl/done_q_reg/CP->SA
           View: WCCOM.setup_view
          Group: clk
     Startpoint: (R) u_csr_regbank/window_reg_reg[24]/CP
          Clock: (R) clk
       Endpoint: (F) u_measure_ctrl/done_q_reg/SA
          Clock: (R) clk

                     Capture       Launch     
        Clock Edge:+    4000            0     
       Src Latency:+       0            0     
       Net Latency:+       0 (I)        0 (I) 
           Arrival:=    4000            0     
                                              
             Setup:-     340                  
     Required Time:=    3660                  
      Launch Clock:-       0                  
         Data Path:-    3378                  
             Slack:=     282                  

#------------------------------------------------------------------------------------------------------------------------
#               Timing Point                 Flags    Arc   Edge     Cell       Fanout Load Trans Delay Arrival Instance 
#                                                                                      (fF)  (ps)  (ps)   (ps)  Location 
#------------------------------------------------------------------------------------------------------------------------
  u_csr_regbank/window_reg_reg[24]/CP        -       -      R     (arrival)         32    -     0     0       0    (-,-) 
  u_csr_regbank/window_reg_reg[24]/Q         -       CP->Q  F     DFKCNQD1BWP7T      5 43.3   198   472     472    (-,-) 
  u_measure_ctrl/dec_sub_53_58_g981__4319/ZN -       A1->ZN F     IND2D1BWP7T        2 17.6   163   264     737    (-,-) 
  u_measure_ctrl/dec_sub_53_58_g921__1617/ZN -       A1->ZN R     NR2XD1BWP7T        2 25.8   256   185     922    (-,-) 
  u_measure_ctrl/dec_sub_53_58_g913__4319/ZN -       B2->ZN F     IND3D1BWP7T        1  8.4   164   151    1072    (-,-) 
  u_measure_ctrl/dec_sub_53_58_g909__5107/Z  -       A1->Z  F     OR2D1BWP7T         1 12.3    98   213    1286    (-,-) 
  u_measure_ctrl/dec_sub_53_58_g884__8246/ZN -       A2->ZN R     NR2XD1BWP7T        3 20.6   215   176    1462    (-,-) 
  u_measure_ctrl/dec_sub_53_58_g851__2883/ZN -       B1->ZN R     MOAI22D0BWP7T      2 14.8   587   337    1799    (-,-) 
  u_measure_ctrl/gte_53_43_g769__7098/ZN     -       B1->ZN F     IND2D1BWP7T        3 21.5   253   228    2027    (-,-) 
  u_measure_ctrl/gte_53_43_g723__6417/ZN     -       A1->ZN R     AOI22D0BWP7T       1 10.1   522   349    2376    (-,-) 
  u_measure_ctrl/gte_53_43_g707__1705/Z      -       C->Z   R     OA221D1BWP7T       1 10.0   143   369    2744    (-,-) 
  u_measure_ctrl/gte_53_43_g703__6783/ZN     -       B->ZN  F     OAI211D1BWP7T      1  7.6   192   171    2916    (-,-) 
  u_measure_ctrl/g901__6417/Z                -       A1->Z  F     AO211D0BWP7T       2 20.7   274   462    3378    (-,-) 
  u_measure_ctrl/done_q_reg/SA               -       -      F     DFXQD1BWP7T        2    -     -     0    3378    (-,-) 
#------------------------------------------------------------------------------------------------------------------------



Path 4: MET (331 ps) Setup Check with Pin u_prbs_ber_top/error_count_reg[31]/CP->D
           View: WCCOM.setup_view
          Group: clk
     Startpoint: (R) u_prbs_ber_top/error_count_reg[0]/CP
          Clock: (R) clk
       Endpoint: (F) u_prbs_ber_top/error_count_reg[31]/D
          Clock: (R) clk

                     Capture       Launch     
        Clock Edge:+    4000            0     
       Src Latency:+       0            0     
       Net Latency:+       0 (I)        0 (I) 
           Arrival:=    4000            0     
                                              
             Setup:-     251                  
     Required Time:=    3749                  
      Launch Clock:-       0                  
         Data Path:-    3418                  
             Slack:=     331                  

#-------------------------------------------------------------------------------------------------------------------------
#                Timing Point                 Flags    Arc   Edge     Cell       Fanout Load Trans Delay Arrival Instance 
#                                                                                       (fF)  (ps)  (ps)   (ps)  Location 
#-------------------------------------------------------------------------------------------------------------------------
  u_prbs_ber_top/error_count_reg[0]/CP        -       -      R     (arrival)         32    -     0     0       0    (-,-) 
  u_prbs_ber_top/error_count_reg[0]/Q         -       CP->Q  R     DFKCNQD1BWP7T      4 26.5   244   418     418    (-,-) 
  u_prbs_ber_top/inc_add_101_44_g535__7410/ZN -       A2->ZN F     ND2D1BWP7T         3 23.7   201   172     590    (-,-) 
  u_prbs_ber_top/inc_add_101_44_g524__1881/ZN -       A1->ZN R     NR2XD1BWP7T        2 25.5   255   193     783    (-,-) 
  u_prbs_ber_top/inc_add_101_44_g523__6131/ZN -       A1->ZN F     ND3D2BWP7T         2 18.5   165   148     930    (-,-) 
  u_prbs_ber_top/inc_add_101_44_g521__7098/ZN -       A1->ZN R     NR2XD1BWP7T        2 25.5   254   184    1115    (-,-) 
  u_prbs_ber_top/inc_add_101_44_g519__5122/ZN -       A1->ZN F     ND2D2BWP7T         2 23.9   135   127    1241    (-,-) 
  u_prbs_ber_top/inc_add_101_44_g515__1617/ZN -       A1->ZN R     NR2D3BWP7T         2 21.6   194   145    1386    (-,-) 
  u_prbs_ber_top/inc_add_101_44_g510__8428/ZN -       A1->ZN F     ND2D1BWP7T         2 16.6   156   138    1524    (-,-) 
  u_prbs_ber_top/inc_add_101_44_g506__5107/ZN -       A1->ZN R     NR2D1BWP7T         2 21.7   425   287    1811    (-,-) 
  u_prbs_ber_top/inc_add_101_44_g503__6417/Z  -       A1->Z  R     AN3XD1BWP7T        2 19.8   208   322    2133    (-,-) 
  u_prbs_ber_top/inc_add_101_44_g499__2883/Z  -       A1->Z  R     AN3D1BWP7T         2 19.8   216   334    2466    (-,-) 
  u_prbs_ber_top/inc_add_101_44_g495__4733/Z  -       A1->Z  R     AN3D1BWP7T         1 16.7   193   321    2787    (-,-) 
  u_prbs_ber_top/inc_add_101_44_g484__3680/CO -       B->CO  R     HA1D1BWP7T         1 11.0   128   188    2975    (-,-) 
  u_prbs_ber_top/inc_add_101_44_g480__4319/Z  -       A1->Z  F     XOR2D1BWP7T        1  8.1   114   252    3228    (-,-) 
  u_prbs_ber_top/g1171__1666/ZN               -       A1->ZN F     INR2D1BWP7T        1  9.3   285   190    3418    (-,-) 
  u_prbs_ber_top/error_count_reg[31]/D        -       -      F     DFKCNQD1BWP7T      1    -     -     0    3418    (-,-) 
#-------------------------------------------------------------------------------------------------------------------------



Path 5: MET (432 ps) Setup Check with Pin u_prbs_ber_top/total_count_reg[30]/CP->D
           View: WCCOM.setup_view
          Group: clk
     Startpoint: (R) u_prbs_ber_top/total_count_reg[0]/CP
          Clock: (R) clk
       Endpoint: (F) u_prbs_ber_top/total_count_reg[30]/D
          Clock: (R) clk

                     Capture       Launch     
        Clock Edge:+    4000            0     
       Src Latency:+       0            0     
       Net Latency:+       0 (I)        0 (I) 
           Arrival:=    4000            0     
                                              
             Setup:-     251                  
     Required Time:=    3749                  
      Launch Clock:-       0                  
         Data Path:-    3317                  
             Slack:=     432                  

#------------------------------------------------------------------------------------------------------------------------
#               Timing Point                 Flags    Arc   Edge     Cell       Fanout Load Trans Delay Arrival Instance 
#                                                                                      (fF)  (ps)  (ps)   (ps)  Location 
#------------------------------------------------------------------------------------------------------------------------
  u_prbs_ber_top/total_count_reg[0]/CP       -       -      R     (arrival)         32    -     0     0       0    (-,-) 
  u_prbs_ber_top/total_count_reg[0]/Q        -       CP->Q  R     DFKCNQD1BWP7T      6 38.2   335   469     469    (-,-) 
  u_prbs_ber_top/inc_add_99_40_g534__5107/ZN -       A1->ZN F     ND2D1BWP7T         3 23.7   216   195     664    (-,-) 
  u_prbs_ber_top/inc_add_99_40_g523__6161/ZN -       A1->ZN R     NR2XD1BWP7T        2 25.5   256   197     861    (-,-) 
  u_prbs_ber_top/inc_add_99_40_g522__4733/ZN -       A1->ZN F     ND3D2BWP7T         2 18.5   177   148    1008    (-,-) 
  u_prbs_ber_top/inc_add_99_40_g520__7482/ZN -       A1->ZN R     NR2XD1BWP7T        2 25.5   254   187    1196    (-,-) 
  u_prbs_ber_top/inc_add_99_40_g518__1881/ZN -       A1->ZN F     ND2D2BWP7T         2 24.2   136   127    1323    (-,-) 
  u_prbs_ber_top/inc_add_99_40_g514__8246/ZN -       A1->ZN R     NR2XD2BWP7T        2 21.6   151   112    1435    (-,-) 
  u_prbs_ber_top/inc_add_99_40_g510__1617/ZN -       A1->ZN F     ND2D1BWP7T         2 16.6   156   129    1564    (-,-) 
  u_prbs_ber_top/inc_add_99_40_g506__5526/ZN -       A1->ZN R     NR2D1BWP7T         2 19.8   395   270    1834    (-,-) 
  u_prbs_ber_top/inc_add_99_40_g503__6260/Z  -       A1->Z  R     AN3D1BWP7T         2 19.8   217   370    2203    (-,-) 
  u_prbs_ber_top/inc_add_99_40_g499__6417/Z  -       A1->Z  R     AN3D1BWP7T         2 19.8   217   336    2539    (-,-) 
  u_prbs_ber_top/inc_add_99_40_g495__2883/Z  -       A1->Z  R     AN3D1BWP7T         1 16.7   194   321    2860    (-,-) 
  u_prbs_ber_top/inc_add_99_40_g484__5122/S  -       B->S   F     HA1D1BWP7T         1  8.1    88   274    3134    (-,-) 
  u_prbs_ber_top/g1166__6161/ZN              -       A1->ZN F     INR2D1BWP7T        1  9.3   285   183    3317    (-,-) 
  u_prbs_ber_top/total_count_reg[30]/D       -       -      F     DFKCNQD1BWP7T      1    -     -     0    3317    (-,-) 
#------------------------------------------------------------------------------------------------------------------------



Path 6: MET (466 ps) Setup Check with Pin u_prbs_ber_top/total_count_reg[29]/CP->D
           View: WCCOM.setup_view
          Group: clk
     Startpoint: (R) u_prbs_ber_top/total_count_reg[0]/CP
          Clock: (R) clk
       Endpoint: (R) u_prbs_ber_top/total_count_reg[29]/D
          Clock: (R) clk

                     Capture       Launch     
        Clock Edge:+    4000            0     
       Src Latency:+       0            0     
       Net Latency:+       0 (I)        0 (I) 
           Arrival:=    4000            0     
                                              
             Setup:-     174                  
     Required Time:=    3826                  
      Launch Clock:-       0                  
         Data Path:-    3360                  
             Slack:=     466                  

#------------------------------------------------------------------------------------------------------------------------
#               Timing Point                 Flags    Arc   Edge     Cell       Fanout Load Trans Delay Arrival Instance 
#                                                                                      (fF)  (ps)  (ps)   (ps)  Location 
#------------------------------------------------------------------------------------------------------------------------
  u_prbs_ber_top/total_count_reg[0]/CP       -       -      R     (arrival)         32    -     0     0       0    (-,-) 
  u_prbs_ber_top/total_count_reg[0]/Q        -       CP->Q  R     DFKCNQD1BWP7T      6 38.2   335   469     469    (-,-) 
  u_prbs_ber_top/inc_add_99_40_g534__5107/ZN -       A1->ZN F     ND2D1BWP7T         3 23.7   216   195     664    (-,-) 
  u_prbs_ber_top/inc_add_99_40_g523__6161/ZN -       A1->ZN R     NR2XD1BWP7T        2 25.5   256   197     861    (-,-) 
  u_prbs_ber_top/inc_add_99_40_g522__4733/ZN -       A1->ZN F     ND3D2BWP7T         2 18.5   177   148    1008    (-,-) 
  u_prbs_ber_top/inc_add_99_40_g520__7482/ZN -       A1->ZN R     NR2XD1BWP7T        2 25.5   254   187    1196    (-,-) 
  u_prbs_ber_top/inc_add_99_40_g518__1881/ZN -       A1->ZN F     ND2D2BWP7T         2 24.2   136   127    1323    (-,-) 
  u_prbs_ber_top/inc_add_99_40_g514__8246/ZN -       A1->ZN R     NR2XD2BWP7T        2 21.6   151   112    1435    (-,-) 
  u_prbs_ber_top/inc_add_99_40_g510__1617/ZN -       A1->ZN F     ND2D1BWP7T         2 16.6   156   129    1564    (-,-) 
  u_prbs_ber_top/inc_add_99_40_g506__5526/ZN -       A1->ZN R     NR2D1BWP7T         2 19.8   395   270    1834    (-,-) 
  u_prbs_ber_top/inc_add_99_40_g503__6260/Z  -       A1->Z  R     AN3D1BWP7T         2 19.8   217   370    2203    (-,-) 
  u_prbs_ber_top/inc_add_99_40_g499__6417/Z  -       A1->Z  R     AN3D1BWP7T         2 19.8   217   336    2539    (-,-) 
  u_prbs_ber_top/inc_add_99_40_g486__7098/CO -       B->CO  R     HA1D0BWP7T         1 11.7   232   247    2786    (-,-) 
  u_prbs_ber_top/inc_add_99_40_g482__2802/Z  -       A1->Z  R     CKXOR2D1BWP7T      1  8.2   125   328    3113    (-,-) 
  u_prbs_ber_top/g1130__5122/ZN              -       A1->ZN R     INR2D1BWP7T        1  9.3   322   247    3360    (-,-) 
  u_prbs_ber_top/total_count_reg[29]/D       -       -      R     DFKCNQD1BWP7T      1    -     -     0    3360    (-,-) 
#------------------------------------------------------------------------------------------------------------------------



Path 7: MET (505 ps) Setup Check with Pin u_prbs_ber_top/error_count_reg[30]/CP->D
           View: WCCOM.setup_view
          Group: clk
     Startpoint: (R) u_prbs_ber_top/error_count_reg[0]/CP
          Clock: (R) clk
       Endpoint: (F) u_prbs_ber_top/error_count_reg[30]/D
          Clock: (R) clk

                     Capture       Launch     
        Clock Edge:+    4000            0     
       Src Latency:+       0            0     
       Net Latency:+       0 (I)        0 (I) 
           Arrival:=    4000            0     
                                              
             Setup:-     251                  
     Required Time:=    3749                  
      Launch Clock:-       0                  
         Data Path:-    3244                  
             Slack:=     505                  

#-------------------------------------------------------------------------------------------------------------------------
#                Timing Point                 Flags    Arc   Edge     Cell       Fanout Load Trans Delay Arrival Instance 
#                                                                                       (fF)  (ps)  (ps)   (ps)  Location 
#-------------------------------------------------------------------------------------------------------------------------
  u_prbs_ber_top/error_count_reg[0]/CP        -       -      R     (arrival)         32    -     0     0       0    (-,-) 
  u_prbs_ber_top/error_count_reg[0]/Q         -       CP->Q  R     DFKCNQD1BWP7T      4 26.5   244   418     418    (-,-) 
  u_prbs_ber_top/inc_add_101_44_g535__7410/ZN -       A2->ZN F     ND2D1BWP7T         3 23.7   201   172     590    (-,-) 
  u_prbs_ber_top/inc_add_101_44_g524__1881/ZN -       A1->ZN R     NR2XD1BWP7T        2 25.5   255   193     783    (-,-) 
  u_prbs_ber_top/inc_add_101_44_g523__6131/ZN -       A1->ZN F     ND3D2BWP7T         2 18.5   165   148     930    (-,-) 
  u_prbs_ber_top/inc_add_101_44_g521__7098/ZN -       A1->ZN R     NR2XD1BWP7T        2 25.5   254   184    1115    (-,-) 
  u_prbs_ber_top/inc_add_101_44_g519__5122/ZN -       A1->ZN F     ND2D2BWP7T         2 23.9   135   127    1241    (-,-) 
  u_prbs_ber_top/inc_add_101_44_g515__1617/ZN -       A1->ZN R     NR2D3BWP7T         2 21.6   194   145    1386    (-,-) 
  u_prbs_ber_top/inc_add_101_44_g510__8428/ZN -       A1->ZN F     ND2D1BWP7T         2 16.6   156   138    1524    (-,-) 
  u_prbs_ber_top/inc_add_101_44_g506__5107/ZN -       A1->ZN R     NR2D1BWP7T         2 21.7   425   287    1811    (-,-) 
  u_prbs_ber_top/inc_add_101_44_g503__6417/Z  -       A1->Z  R     AN3XD1BWP7T        2 19.8   208   322    2133    (-,-) 
  u_prbs_ber_top/inc_add_101_44_g499__2883/Z  -       A1->Z  R     AN3D1BWP7T         2 19.8   216   334    2466    (-,-) 
  u_prbs_ber_top/inc_add_101_44_g495__4733/Z  -       A1->Z  R     AN3D1BWP7T         1 16.7   193   321    2787    (-,-) 
  u_prbs_ber_top/inc_add_101_44_g484__3680/S  -       B->S   F     HA1D1BWP7T         1  8.1    86   274    3061    (-,-) 
  u_prbs_ber_top/g1165__4733/ZN               -       A1->ZN F     INR2D1BWP7T        1  9.3   285   182    3244    (-,-) 
  u_prbs_ber_top/error_count_reg[30]/D        -       -      F     DFKCNQD1BWP7T      1    -     -     0    3244    (-,-) 
#-------------------------------------------------------------------------------------------------------------------------



Path 8: MET (539 ps) Setup Check with Pin u_prbs_ber_top/error_count_reg[29]/CP->D
           View: WCCOM.setup_view
          Group: clk
     Startpoint: (R) u_prbs_ber_top/error_count_reg[0]/CP
          Clock: (R) clk
       Endpoint: (R) u_prbs_ber_top/error_count_reg[29]/D
          Clock: (R) clk

                     Capture       Launch     
        Clock Edge:+    4000            0     
       Src Latency:+       0            0     
       Net Latency:+       0 (I)        0 (I) 
           Arrival:=    4000            0     
                                              
             Setup:-     174                  
     Required Time:=    3826                  
      Launch Clock:-       0                  
         Data Path:-    3288                  
             Slack:=     539                  

#-------------------------------------------------------------------------------------------------------------------------
#                Timing Point                 Flags    Arc   Edge     Cell       Fanout Load Trans Delay Arrival Instance 
#                                                                                       (fF)  (ps)  (ps)   (ps)  Location 
#-------------------------------------------------------------------------------------------------------------------------
  u_prbs_ber_top/error_count_reg[0]/CP        -       -      R     (arrival)         32    -     0     0       0    (-,-) 
  u_prbs_ber_top/error_count_reg[0]/Q         -       CP->Q  R     DFKCNQD1BWP7T      4 26.5   244   418     418    (-,-) 
  u_prbs_ber_top/inc_add_101_44_g535__7410/ZN -       A2->ZN F     ND2D1BWP7T         3 23.7   201   172     590    (-,-) 
  u_prbs_ber_top/inc_add_101_44_g524__1881/ZN -       A1->ZN R     NR2XD1BWP7T        2 25.5   255   193     783    (-,-) 
  u_prbs_ber_top/inc_add_101_44_g523__6131/ZN -       A1->ZN F     ND3D2BWP7T         2 18.5   165   148     930    (-,-) 
  u_prbs_ber_top/inc_add_101_44_g521__7098/ZN -       A1->ZN R     NR2XD1BWP7T        2 25.5   254   184    1115    (-,-) 
  u_prbs_ber_top/inc_add_101_44_g519__5122/ZN -       A1->ZN F     ND2D2BWP7T         2 23.9   135   127    1241    (-,-) 
  u_prbs_ber_top/inc_add_101_44_g515__1617/ZN -       A1->ZN R     NR2D3BWP7T         2 21.6   194   145    1386    (-,-) 
  u_prbs_ber_top/inc_add_101_44_g510__8428/ZN -       A1->ZN F     ND2D1BWP7T         2 16.6   156   138    1524    (-,-) 
  u_prbs_ber_top/inc_add_101_44_g506__5107/ZN -       A1->ZN R     NR2D1BWP7T         2 21.7   425   287    1811    (-,-) 
  u_prbs_ber_top/inc_add_101_44_g503__6417/Z  -       A1->Z  R     AN3XD1BWP7T        2 19.8   208   322    2133    (-,-) 
  u_prbs_ber_top/inc_add_101_44_g499__2883/Z  -       A1->Z  R     AN3D1BWP7T         2 19.8   216   334    2466    (-,-) 
  u_prbs_ber_top/inc_add_101_44_g486__2802/CO -       B->CO  R     HA1D0BWP7T         1 11.7   232   247    2713    (-,-) 
  u_prbs_ber_top/inc_add_101_44_g482__5526/Z  -       A1->Z  R     CKXOR2D1BWP7T      1  8.2   125   327    3041    (-,-) 
  u_prbs_ber_top/g1169__2883/ZN               -       A1->ZN R     INR2D1BWP7T        1  9.3   322   247    3288    (-,-) 
  u_prbs_ber_top/error_count_reg[29]/D        -       -      R     DFKCNQD1BWP7T      1    -     -     0    3288    (-,-) 
#-------------------------------------------------------------------------------------------------------------------------



Path 9: MET (708 ps) Setup Check with Pin u_prbs_ber_top/total_count_reg[28]/CP->D
           View: WCCOM.setup_view
          Group: clk
     Startpoint: (R) u_prbs_ber_top/total_count_reg[0]/CP
          Clock: (R) clk
       Endpoint: (R) u_prbs_ber_top/total_count_reg[28]/D
          Clock: (R) clk

                     Capture       Launch     
        Clock Edge:+    4000            0     
       Src Latency:+       0            0     
       Net Latency:+       0 (I)        0 (I) 
           Arrival:=    4000            0     
                                              
             Setup:-     174                  
     Required Time:=    3826                  
      Launch Clock:-       0                  
         Data Path:-    3118                  
             Slack:=     708                  

#------------------------------------------------------------------------------------------------------------------------
#               Timing Point                 Flags    Arc   Edge     Cell       Fanout Load Trans Delay Arrival Instance 
#                                                                                      (fF)  (ps)  (ps)   (ps)  Location 
#------------------------------------------------------------------------------------------------------------------------
  u_prbs_ber_top/total_count_reg[0]/CP       -       -      R     (arrival)         32    -     0     0       0    (-,-) 
  u_prbs_ber_top/total_count_reg[0]/Q        -       CP->Q  R     DFKCNQD1BWP7T      6 38.2   335   469     469    (-,-) 
  u_prbs_ber_top/inc_add_99_40_g534__5107/ZN -       A1->ZN F     ND2D1BWP7T         3 23.7   216   195     664    (-,-) 
  u_prbs_ber_top/inc_add_99_40_g523__6161/ZN -       A1->ZN R     NR2XD1BWP7T        2 25.5   256   197     861    (-,-) 
  u_prbs_ber_top/inc_add_99_40_g522__4733/ZN -       A1->ZN F     ND3D2BWP7T         2 18.5   177   148    1008    (-,-) 
  u_prbs_ber_top/inc_add_99_40_g520__7482/ZN -       A1->ZN R     NR2XD1BWP7T        2 25.5   254   187    1196    (-,-) 
  u_prbs_ber_top/inc_add_99_40_g518__1881/ZN -       A1->ZN F     ND2D2BWP7T         2 24.2   136   127    1323    (-,-) 
  u_prbs_ber_top/inc_add_99_40_g514__8246/ZN -       A1->ZN R     NR2XD2BWP7T        2 21.6   151   112    1435    (-,-) 
  u_prbs_ber_top/inc_add_99_40_g510__1617/ZN -       A1->ZN F     ND2D1BWP7T         2 16.6   156   129    1564    (-,-) 
  u_prbs_ber_top/inc_add_99_40_g506__5526/ZN -       A1->ZN R     NR2D1BWP7T         2 19.8   395   270    1834    (-,-) 
  u_prbs_ber_top/inc_add_99_40_g503__6260/Z  -       A1->Z  R     AN3D1BWP7T         2 19.8   217   370    2203    (-,-) 
  u_prbs_ber_top/inc_add_99_40_g499__6417/Z  -       A1->Z  R     AN3D1BWP7T         2 19.8   217   336    2539    (-,-) 
  u_prbs_ber_top/inc_add_99_40_g486__7098/S  -       B->S   R     HA1D0BWP7T         1  8.2   178   323    2862    (-,-) 
  u_prbs_ber_top/g1120__5107/ZN              -       A1->ZN R     INR2D1BWP7T        1  9.3   322   256    3118    (-,-) 
  u_prbs_ber_top/total_count_reg[28]/D       -       -      R     DFKCNQD1BWP7T      1    -     -     0    3118    (-,-) 
#------------------------------------------------------------------------------------------------------------------------



Path 10: MET (781 ps) Setup Check with Pin u_prbs_ber_top/error_count_reg[28]/CP->D
           View: WCCOM.setup_view
          Group: clk
     Startpoint: (R) u_prbs_ber_top/error_count_reg[0]/CP
          Clock: (R) clk
       Endpoint: (R) u_prbs_ber_top/error_count_reg[28]/D
          Clock: (R) clk

                     Capture       Launch     
        Clock Edge:+    4000            0     
       Src Latency:+       0            0     
       Net Latency:+       0 (I)        0 (I) 
           Arrival:=    4000            0     
                                              
             Setup:-     174                  
     Required Time:=    3826                  
      Launch Clock:-       0                  
         Data Path:-    3045                  
             Slack:=     781                  

#-------------------------------------------------------------------------------------------------------------------------
#                Timing Point                 Flags    Arc   Edge     Cell       Fanout Load Trans Delay Arrival Instance 
#                                                                                       (fF)  (ps)  (ps)   (ps)  Location 
#-------------------------------------------------------------------------------------------------------------------------
  u_prbs_ber_top/error_count_reg[0]/CP        -       -      R     (arrival)         32    -     0     0       0    (-,-) 
  u_prbs_ber_top/error_count_reg[0]/Q         -       CP->Q  R     DFKCNQD1BWP7T      4 26.5   244   418     418    (-,-) 
  u_prbs_ber_top/inc_add_101_44_g535__7410/ZN -       A2->ZN F     ND2D1BWP7T         3 23.7   201   172     590    (-,-) 
  u_prbs_ber_top/inc_add_101_44_g524__1881/ZN -       A1->ZN R     NR2XD1BWP7T        2 25.5   255   193     783    (-,-) 
  u_prbs_ber_top/inc_add_101_44_g523__6131/ZN -       A1->ZN F     ND3D2BWP7T         2 18.5   165   148     930    (-,-) 
  u_prbs_ber_top/inc_add_101_44_g521__7098/ZN -       A1->ZN R     NR2XD1BWP7T        2 25.5   254   184    1115    (-,-) 
  u_prbs_ber_top/inc_add_101_44_g519__5122/ZN -       A1->ZN F     ND2D2BWP7T         2 23.9   135   127    1241    (-,-) 
  u_prbs_ber_top/inc_add_101_44_g515__1617/ZN -       A1->ZN R     NR2D3BWP7T         2 21.6   194   145    1386    (-,-) 
  u_prbs_ber_top/inc_add_101_44_g510__8428/ZN -       A1->ZN F     ND2D1BWP7T         2 16.6   156   138    1524    (-,-) 
  u_prbs_ber_top/inc_add_101_44_g506__5107/ZN -       A1->ZN R     NR2D1BWP7T         2 21.7   425   287    1811    (-,-) 
  u_prbs_ber_top/inc_add_101_44_g503__6417/Z  -       A1->Z  R     AN3XD1BWP7T        2 19.8   208   322    2133    (-,-) 
  u_prbs_ber_top/inc_add_101_44_g499__2883/Z  -       A1->Z  R     AN3D1BWP7T         2 19.8   216   334    2466    (-,-) 
  u_prbs_ber_top/inc_add_101_44_g486__2802/S  -       B->S   R     HA1D0BWP7T         1  8.2   178   322    2789    (-,-) 
  u_prbs_ber_top/g1168__9945/ZN               -       A1->ZN R     INR2D1BWP7T        1  9.3   322   256    3045    (-,-) 
  u_prbs_ber_top/error_count_reg[28]/D        -       -      R     DFKCNQD1BWP7T      1    -     -     0    3045    (-,-) 
#-------------------------------------------------------------------------------------------------------------------------



Path 11: MET (801 ps) Setup Check with Pin u_prbs_ber_top/total_count_reg[27]/CP->D
           View: WCCOM.setup_view
          Group: clk
     Startpoint: (R) u_prbs_ber_top/total_count_reg[0]/CP
          Clock: (R) clk
       Endpoint: (R) u_prbs_ber_top/total_count_reg[27]/D
          Clock: (R) clk

                     Capture       Launch     
        Clock Edge:+    4000            0     
       Src Latency:+       0            0     
       Net Latency:+       0 (I)        0 (I) 
           Arrival:=    4000            0     
                                              
             Setup:-     174                  
     Required Time:=    3826                  
      Launch Clock:-       0                  
         Data Path:-    3025                  
             Slack:=     801                  

#------------------------------------------------------------------------------------------------------------------------
#               Timing Point                 Flags    Arc   Edge     Cell       Fanout Load Trans Delay Arrival Instance 
#                                                                                      (fF)  (ps)  (ps)   (ps)  Location 
#------------------------------------------------------------------------------------------------------------------------
  u_prbs_ber_top/total_count_reg[0]/CP       -       -      R     (arrival)         32    -     0     0       0    (-,-) 
  u_prbs_ber_top/total_count_reg[0]/Q        -       CP->Q  R     DFKCNQD1BWP7T      6 38.2   335   469     469    (-,-) 
  u_prbs_ber_top/inc_add_99_40_g534__5107/ZN -       A1->ZN F     ND2D1BWP7T         3 23.7   216   195     664    (-,-) 
  u_prbs_ber_top/inc_add_99_40_g523__6161/ZN -       A1->ZN R     NR2XD1BWP7T        2 25.5   256   197     861    (-,-) 
  u_prbs_ber_top/inc_add_99_40_g522__4733/ZN -       A1->ZN F     ND3D2BWP7T         2 18.5   177   148    1008    (-,-) 
  u_prbs_ber_top/inc_add_99_40_g520__7482/ZN -       A1->ZN R     NR2XD1BWP7T        2 25.5   254   187    1196    (-,-) 
  u_prbs_ber_top/inc_add_99_40_g518__1881/ZN -       A1->ZN F     ND2D2BWP7T         2 24.2   136   127    1323    (-,-) 
  u_prbs_ber_top/inc_add_99_40_g514__8246/ZN -       A1->ZN R     NR2XD2BWP7T        2 21.6   151   112    1435    (-,-) 
  u_prbs_ber_top/inc_add_99_40_g510__1617/ZN -       A1->ZN F     ND2D1BWP7T         2 16.6   156   129    1564    (-,-) 
  u_prbs_ber_top/inc_add_99_40_g506__5526/ZN -       A1->ZN R     NR2D1BWP7T         2 19.8   395   270    1834    (-,-) 
  u_prbs_ber_top/inc_add_99_40_g503__6260/Z  -       A1->Z  R     AN3D1BWP7T         2 19.8   217   370    2203    (-,-) 
  u_prbs_ber_top/inc_add_99_40_g491__4733/CO -       B->CO  R     HA1D0BWP7T         1 11.7   232   247    2450    (-,-) 
  u_prbs_ber_top/inc_add_99_40_g485__8246/Z  -       A1->Z  R     CKXOR2D1BWP7T      1  8.2   125   328    2778    (-,-) 
  u_prbs_ber_top/g1135__5115/ZN              -       A1->ZN R     INR2D1BWP7T        1  9.3   322   247    3025    (-,-) 
  u_prbs_ber_top/total_count_reg[27]/D       -       -      R     DFKCNQD1BWP7T      1    -     -     0    3025    (-,-) 
#------------------------------------------------------------------------------------------------------------------------



Path 12: MET (873 ps) Setup Check with Pin u_prbs_ber_top/error_count_reg[27]/CP->D
           View: WCCOM.setup_view
          Group: clk
     Startpoint: (R) u_prbs_ber_top/error_count_reg[0]/CP
          Clock: (R) clk
       Endpoint: (R) u_prbs_ber_top/error_count_reg[27]/D
          Clock: (R) clk

                     Capture       Launch     
        Clock Edge:+    4000            0     
       Src Latency:+       0            0     
       Net Latency:+       0 (I)        0 (I) 
           Arrival:=    4000            0     
                                              
             Setup:-     174                  
     Required Time:=    3826                  
      Launch Clock:-       0                  
         Data Path:-    2953                  
             Slack:=     873                  

#-------------------------------------------------------------------------------------------------------------------------
#                Timing Point                 Flags    Arc   Edge     Cell       Fanout Load Trans Delay Arrival Instance 
#                                                                                       (fF)  (ps)  (ps)   (ps)  Location 
#-------------------------------------------------------------------------------------------------------------------------
  u_prbs_ber_top/error_count_reg[0]/CP        -       -      R     (arrival)         32    -     0     0       0    (-,-) 
  u_prbs_ber_top/error_count_reg[0]/Q         -       CP->Q  R     DFKCNQD1BWP7T      4 26.5   244   418     418    (-,-) 
  u_prbs_ber_top/inc_add_101_44_g535__7410/ZN -       A2->ZN F     ND2D1BWP7T         3 23.7   201   172     590    (-,-) 
  u_prbs_ber_top/inc_add_101_44_g524__1881/ZN -       A1->ZN R     NR2XD1BWP7T        2 25.5   255   193     783    (-,-) 
  u_prbs_ber_top/inc_add_101_44_g523__6131/ZN -       A1->ZN F     ND3D2BWP7T         2 18.5   165   148     930    (-,-) 
  u_prbs_ber_top/inc_add_101_44_g521__7098/ZN -       A1->ZN R     NR2XD1BWP7T        2 25.5   254   184    1115    (-,-) 
  u_prbs_ber_top/inc_add_101_44_g519__5122/ZN -       A1->ZN F     ND2D2BWP7T         2 23.9   135   127    1241    (-,-) 
  u_prbs_ber_top/inc_add_101_44_g515__1617/ZN -       A1->ZN R     NR2D3BWP7T         2 21.6   194   145    1386    (-,-) 
  u_prbs_ber_top/inc_add_101_44_g510__8428/ZN -       A1->ZN F     ND2D1BWP7T         2 16.6   156   138    1524    (-,-) 
  u_prbs_ber_top/inc_add_101_44_g506__5107/ZN -       A1->ZN R     NR2D1BWP7T         2 21.7   425   287    1811    (-,-) 
  u_prbs_ber_top/inc_add_101_44_g503__6417/Z  -       A1->Z  R     AN3XD1BWP7T        2 19.8   208   322    2133    (-,-) 
  u_prbs_ber_top/inc_add_101_44_g491__6131/CO -       B->CO  R     HA1D0BWP7T         1 11.7   232   246    2379    (-,-) 
  u_prbs_ber_top/inc_add_101_44_g485__1617/Z  -       A1->Z  R     CKXOR2D1BWP7T      1  8.2   125   327    2706    (-,-) 
  u_prbs_ber_top/g1160__7098/ZN               -       A1->ZN R     INR2D1BWP7T        1  9.3   322   247    2953    (-,-) 
  u_prbs_ber_top/error_count_reg[27]/D        -       -      R     DFKCNQD1BWP7T      1    -     -     0    2953    (-,-) 
#-------------------------------------------------------------------------------------------------------------------------



Path 13: MET (1015 ps) Setup Check with Pin u_prbs_ber_top/total_count_reg[19]/CP->D
           View: WCCOM.setup_view
          Group: clk
     Startpoint: (R) u_prbs_ber_top/total_count_reg[0]/CP
          Clock: (R) clk
       Endpoint: (R) u_prbs_ber_top/total_count_reg[19]/D
          Clock: (R) clk

                     Capture       Launch     
        Clock Edge:+    4000            0     
       Src Latency:+       0            0     
       Net Latency:+       0 (I)        0 (I) 
           Arrival:=    4000            0     
                                              
             Setup:-     174                  
     Required Time:=    3826                  
      Launch Clock:-       0                  
         Data Path:-    2811                  
             Slack:=    1015                  

#------------------------------------------------------------------------------------------------------------------------
#               Timing Point                 Flags    Arc   Edge     Cell       Fanout Load Trans Delay Arrival Instance 
#                                                                                      (fF)  (ps)  (ps)   (ps)  Location 
#------------------------------------------------------------------------------------------------------------------------
  u_prbs_ber_top/total_count_reg[0]/CP       -       -      R     (arrival)         32    -     0     0       0    (-,-) 
  u_prbs_ber_top/total_count_reg[0]/Q        -       CP->Q  R     DFKCNQD1BWP7T      6 38.2   335   469     469    (-,-) 
  u_prbs_ber_top/inc_add_99_40_g534__5107/ZN -       A1->ZN F     ND2D1BWP7T         3 23.7   216   195     664    (-,-) 
  u_prbs_ber_top/inc_add_99_40_g523__6161/ZN -       A1->ZN R     NR2XD1BWP7T        2 25.5   256   197     861    (-,-) 
  u_prbs_ber_top/inc_add_99_40_g522__4733/ZN -       A1->ZN F     ND3D2BWP7T         2 18.5   177   148    1008    (-,-) 
  u_prbs_ber_top/inc_add_99_40_g520__7482/ZN -       A1->ZN R     NR2XD1BWP7T        2 25.5   254   187    1196    (-,-) 
  u_prbs_ber_top/inc_add_99_40_g518__1881/ZN -       A1->ZN F     ND2D2BWP7T         2 24.2   136   127    1323    (-,-) 
  u_prbs_ber_top/inc_add_99_40_g514__8246/ZN -       A1->ZN R     NR2XD2BWP7T        2 21.6   151   112    1435    (-,-) 
  u_prbs_ber_top/inc_add_99_40_g501__2398/CO -       B->CO  R     HA1D0BWP7T         1 14.7   280   266    1701    (-,-) 
  u_prbs_ber_top/inc_add_99_40_g490__7482/CO -       B->CO  R     HA1D0BWP7T         1 14.7   280   281    1982    (-,-) 
  u_prbs_ber_top/inc_add_99_40_g481__1617/CO -       B->CO  R     HA1D0BWP7T         1 11.7   232   254    2237    (-,-) 
  u_prbs_ber_top/inc_add_99_40_g479__6783/Z  -       A1->Z  R     CKXOR2D1BWP7T      1  8.2   125   328    2564    (-,-) 
  u_prbs_ber_top/g1152__5526/ZN              -       A1->ZN R     INR2D1BWP7T        1  9.3   322   247    2811    (-,-) 
  u_prbs_ber_top/total_count_reg[19]/D       -       -      R     DFKCNQD1BWP7T      1    -     -     0    2811    (-,-) 
#------------------------------------------------------------------------------------------------------------------------



Path 14: MET (1044 ps) Setup Check with Pin u_prbs_ber_top/total_count_reg[26]/CP->D
           View: WCCOM.setup_view
          Group: clk
     Startpoint: (R) u_prbs_ber_top/total_count_reg[0]/CP
          Clock: (R) clk
       Endpoint: (R) u_prbs_ber_top/total_count_reg[26]/D
          Clock: (R) clk

                     Capture       Launch     
        Clock Edge:+    4000            0     
       Src Latency:+       0            0     
       Net Latency:+       0 (I)        0 (I) 
           Arrival:=    4000            0     
                                              
             Setup:-     174                  
     Required Time:=    3826                  
      Launch Clock:-       0                  
         Data Path:-    2782                  
             Slack:=    1044                  

#------------------------------------------------------------------------------------------------------------------------
#               Timing Point                 Flags    Arc   Edge     Cell       Fanout Load Trans Delay Arrival Instance 
#                                                                                      (fF)  (ps)  (ps)   (ps)  Location 
#------------------------------------------------------------------------------------------------------------------------
  u_prbs_ber_top/total_count_reg[0]/CP       -       -      R     (arrival)         32    -     0     0       0    (-,-) 
  u_prbs_ber_top/total_count_reg[0]/Q        -       CP->Q  R     DFKCNQD1BWP7T      6 38.2   335   469     469    (-,-) 
  u_prbs_ber_top/inc_add_99_40_g534__5107/ZN -       A1->ZN F     ND2D1BWP7T         3 23.7   216   195     664    (-,-) 
  u_prbs_ber_top/inc_add_99_40_g523__6161/ZN -       A1->ZN R     NR2XD1BWP7T        2 25.5   256   197     861    (-,-) 
  u_prbs_ber_top/inc_add_99_40_g522__4733/ZN -       A1->ZN F     ND3D2BWP7T         2 18.5   177   148    1008    (-,-) 
  u_prbs_ber_top/inc_add_99_40_g520__7482/ZN -       A1->ZN R     NR2XD1BWP7T        2 25.5   254   187    1196    (-,-) 
  u_prbs_ber_top/inc_add_99_40_g518__1881/ZN -       A1->ZN F     ND2D2BWP7T         2 24.2   136   127    1323    (-,-) 
  u_prbs_ber_top/inc_add_99_40_g514__8246/ZN -       A1->ZN R     NR2XD2BWP7T        2 21.6   151   112    1435    (-,-) 
  u_prbs_ber_top/inc_add_99_40_g510__1617/ZN -       A1->ZN F     ND2D1BWP7T         2 16.6   156   129    1564    (-,-) 
  u_prbs_ber_top/inc_add_99_40_g506__5526/ZN -       A1->ZN R     NR2D1BWP7T         2 19.8   395   270    1834    (-,-) 
  u_prbs_ber_top/inc_add_99_40_g503__6260/Z  -       A1->Z  R     AN3D1BWP7T         2 19.8   217   370    2203    (-,-) 
  u_prbs_ber_top/inc_add_99_40_g491__4733/S  -       B->S   R     HA1D0BWP7T         1  8.2   178   323    2526    (-,-) 
  u_prbs_ber_top/g1132__7098/ZN              -       A1->ZN R     INR2D1BWP7T        1  9.3   322   256    2782    (-,-) 
  u_prbs_ber_top/total_count_reg[26]/D       -       -      R     DFKCNQD1BWP7T      1    -     -     0    2782    (-,-) 
#------------------------------------------------------------------------------------------------------------------------



Path 15: MET (1059 ps) Setup Check with Pin u_prbs_ber_top/total_count_reg[23]/CP->D
           View: WCCOM.setup_view
          Group: clk
     Startpoint: (R) u_prbs_ber_top/total_count_reg[0]/CP
          Clock: (R) clk
       Endpoint: (R) u_prbs_ber_top/total_count_reg[23]/D
          Clock: (R) clk

                     Capture       Launch     
        Clock Edge:+    4000            0     
       Src Latency:+       0            0     
       Net Latency:+       0 (I)        0 (I) 
           Arrival:=    4000            0     
                                              
             Setup:-     174                  
     Required Time:=    3826                  
      Launch Clock:-       0                  
         Data Path:-    2768                  
             Slack:=    1059                  

#------------------------------------------------------------------------------------------------------------------------
#               Timing Point                 Flags    Arc   Edge     Cell       Fanout Load Trans Delay Arrival Instance 
#                                                                                      (fF)  (ps)  (ps)   (ps)  Location 
#------------------------------------------------------------------------------------------------------------------------
  u_prbs_ber_top/total_count_reg[0]/CP       -       -      R     (arrival)         32    -     0     0       0    (-,-) 
  u_prbs_ber_top/total_count_reg[0]/Q        -       CP->Q  R     DFKCNQD1BWP7T      6 38.2   335   469     469    (-,-) 
  u_prbs_ber_top/inc_add_99_40_g534__5107/ZN -       A1->ZN F     ND2D1BWP7T         3 23.7   216   195     664    (-,-) 
  u_prbs_ber_top/inc_add_99_40_g523__6161/ZN -       A1->ZN R     NR2XD1BWP7T        2 25.5   256   197     861    (-,-) 
  u_prbs_ber_top/inc_add_99_40_g522__4733/ZN -       A1->ZN F     ND3D2BWP7T         2 18.5   177   148    1008    (-,-) 
  u_prbs_ber_top/inc_add_99_40_g520__7482/ZN -       A1->ZN R     NR2XD1BWP7T        2 25.5   254   187    1196    (-,-) 
  u_prbs_ber_top/inc_add_99_40_g518__1881/ZN -       A1->ZN F     ND2D2BWP7T         2 24.2   136   127    1323    (-,-) 
  u_prbs_ber_top/inc_add_99_40_g514__8246/ZN -       A1->ZN R     NR2XD2BWP7T        2 21.6   151   112    1435    (-,-) 
  u_prbs_ber_top/inc_add_99_40_g510__1617/ZN -       A1->ZN F     ND2D1BWP7T         2 16.6   156   129    1564    (-,-) 
  u_prbs_ber_top/inc_add_99_40_g509/ZN       -       I->ZN  R     INVD1BWP7T         2 20.1   194   156    1720    (-,-) 
  u_prbs_ber_top/inc_add_99_40_g505__8428/Z  -       A1->Z  R     CKAN2D1BWP7T       1 14.7   156   233    1953    (-,-) 
  u_prbs_ber_top/inc_add_99_40_g494__9945/CO -       B->CO  R     HA1D0BWP7T         1 11.7   232   240    2193    (-,-) 
  u_prbs_ber_top/inc_add_99_40_g489__5115/Z  -       A1->Z  R     CKXOR2D1BWP7T      1  8.2   125   328    2520    (-,-) 
  u_prbs_ber_top/g1136__7482/ZN              -       A1->ZN R     INR2D1BWP7T        1  9.3   322   247    2767    (-,-) 
  u_prbs_ber_top/total_count_reg[23]/D       -       -      R     DFKCNQD1BWP7T      1    -     -     0    2768    (-,-) 
#------------------------------------------------------------------------------------------------------------------------



Path 16: MET (1059 ps) Setup Check with Pin u_prbs_ber_top/error_count_reg[19]/CP->D
           View: WCCOM.setup_view
          Group: clk
     Startpoint: (R) u_prbs_ber_top/error_count_reg[0]/CP
          Clock: (R) clk
       Endpoint: (R) u_prbs_ber_top/error_count_reg[19]/D
          Clock: (R) clk

                     Capture       Launch     
        Clock Edge:+    4000            0     
       Src Latency:+       0            0     
       Net Latency:+       0 (I)        0 (I) 
           Arrival:=    4000            0     
                                              
             Setup:-     174                  
     Required Time:=    3826                  
      Launch Clock:-       0                  
         Data Path:-    2767                  
             Slack:=    1059                  

#-------------------------------------------------------------------------------------------------------------------------
#                Timing Point                 Flags    Arc   Edge     Cell       Fanout Load Trans Delay Arrival Instance 
#                                                                                       (fF)  (ps)  (ps)   (ps)  Location 
#-------------------------------------------------------------------------------------------------------------------------
  u_prbs_ber_top/error_count_reg[0]/CP        -       -      R     (arrival)         32    -     0     0       0    (-,-) 
  u_prbs_ber_top/error_count_reg[0]/Q         -       CP->Q  R     DFKCNQD1BWP7T      4 26.5   244   418     418    (-,-) 
  u_prbs_ber_top/inc_add_101_44_g535__7410/ZN -       A2->ZN F     ND2D1BWP7T         3 23.7   201   172     590    (-,-) 
  u_prbs_ber_top/inc_add_101_44_g524__1881/ZN -       A1->ZN R     NR2XD1BWP7T        2 25.5   255   193     783    (-,-) 
  u_prbs_ber_top/inc_add_101_44_g523__6131/ZN -       A1->ZN F     ND3D2BWP7T         2 18.5   165   148     930    (-,-) 
  u_prbs_ber_top/inc_add_101_44_g521__7098/ZN -       A1->ZN R     NR2XD1BWP7T        2 25.5   254   184    1115    (-,-) 
  u_prbs_ber_top/inc_add_101_44_g519__5122/ZN -       A1->ZN F     ND2D2BWP7T         2 23.9   135   127    1241    (-,-) 
  u_prbs_ber_top/inc_add_101_44_g515__1617/ZN -       A1->ZN R     NR2D3BWP7T         2 21.6   194   145    1386    (-,-) 
  u_prbs_ber_top/inc_add_101_44_g501__1666/CO -       B->CO  R     HA1D0BWP7T         1 14.7   279   271    1657    (-,-) 
  u_prbs_ber_top/inc_add_101_44_g490__7098/CO -       B->CO  R     HA1D0BWP7T         1 14.7   279   281    1939    (-,-) 
  u_prbs_ber_top/inc_add_101_44_g481__8428/CO -       B->CO  R     HA1D0BWP7T         1 11.7   232   254    2193    (-,-) 
  u_prbs_ber_top/inc_add_101_44_g479__6260/Z  -       A1->Z  R     CKXOR2D1BWP7T      1  8.2   125   327    2520    (-,-) 
  u_prbs_ber_top/g1156__2802/ZN               -       A1->ZN R     INR2D1BWP7T        1  9.3   322   247    2767    (-,-) 
  u_prbs_ber_top/error_count_reg[19]/D        -       -      R     DFKCNQD1BWP7T      1    -     -     0    2767    (-,-) 
#-------------------------------------------------------------------------------------------------------------------------



Path 17: MET (1098 ps) Setup Check with Pin u_prbs_ber_top/error_count_reg[23]/CP->D
           View: WCCOM.setup_view
          Group: clk
     Startpoint: (R) u_prbs_ber_top/error_count_reg[0]/CP
          Clock: (R) clk
       Endpoint: (R) u_prbs_ber_top/error_count_reg[23]/D
          Clock: (R) clk

                     Capture       Launch     
        Clock Edge:+    4000            0     
       Src Latency:+       0            0     
       Net Latency:+       0 (I)        0 (I) 
           Arrival:=    4000            0     
                                              
             Setup:-     174                  
     Required Time:=    3826                  
      Launch Clock:-       0                  
         Data Path:-    2728                  
             Slack:=    1098                  

#-------------------------------------------------------------------------------------------------------------------------
#                Timing Point                 Flags    Arc   Edge     Cell       Fanout Load Trans Delay Arrival Instance 
#                                                                                       (fF)  (ps)  (ps)   (ps)  Location 
#-------------------------------------------------------------------------------------------------------------------------
  u_prbs_ber_top/error_count_reg[0]/CP        -       -      R     (arrival)         32    -     0     0       0    (-,-) 
  u_prbs_ber_top/error_count_reg[0]/Q         -       CP->Q  R     DFKCNQD1BWP7T      4 26.5   244   418     418    (-,-) 
  u_prbs_ber_top/inc_add_101_44_g535__7410/ZN -       A2->ZN F     ND2D1BWP7T         3 23.7   201   172     590    (-,-) 
  u_prbs_ber_top/inc_add_101_44_g524__1881/ZN -       A1->ZN R     NR2XD1BWP7T        2 25.5   255   193     783    (-,-) 
  u_prbs_ber_top/inc_add_101_44_g523__6131/ZN -       A1->ZN F     ND3D2BWP7T         2 18.5   165   148     930    (-,-) 
  u_prbs_ber_top/inc_add_101_44_g521__7098/ZN -       A1->ZN R     NR2XD1BWP7T        2 25.5   254   184    1115    (-,-) 
  u_prbs_ber_top/inc_add_101_44_g519__5122/ZN -       A1->ZN F     ND2D2BWP7T         2 23.9   135   127    1241    (-,-) 
  u_prbs_ber_top/inc_add_101_44_g515__1617/ZN -       A1->ZN R     NR2D3BWP7T         2 21.6   194   145    1386    (-,-) 
  u_prbs_ber_top/inc_add_101_44_g510__8428/ZN -       A1->ZN F     ND2D1BWP7T         2 16.6   156   138    1524    (-,-) 
  u_prbs_ber_top/inc_add_101_44_g509/ZN       -       I->ZN  R     INVD1BWP7T         2 20.1   194   156    1681    (-,-) 
  u_prbs_ber_top/inc_add_101_44_g505__2398/Z  -       A1->Z  R     CKAN2D1BWP7T       1 14.7   156   233    1914    (-,-) 
  u_prbs_ber_top/inc_add_101_44_g494__7482/CO -       B->CO  R     HA1D0BWP7T         1 11.7   232   240    2154    (-,-) 
  u_prbs_ber_top/inc_add_101_44_g489__8246/Z  -       A1->Z  R     CKXOR2D1BWP7T      1  8.2   125   327    2481    (-,-) 
  u_prbs_ber_top/g1162__1881/ZN               -       A1->ZN R     INR2D1BWP7T        1  9.3   322   247    2728    (-,-) 
  u_prbs_ber_top/error_count_reg[23]/D        -       -      R     DFKCNQD1BWP7T      1    -     -     0    2728    (-,-) 
#-------------------------------------------------------------------------------------------------------------------------



Path 18: MET (1117 ps) Setup Check with Pin u_prbs_ber_top/error_count_reg[26]/CP->D
           View: WCCOM.setup_view
          Group: clk
     Startpoint: (R) u_prbs_ber_top/error_count_reg[0]/CP
          Clock: (R) clk
       Endpoint: (R) u_prbs_ber_top/error_count_reg[26]/D
          Clock: (R) clk

                     Capture       Launch     
        Clock Edge:+    4000            0     
       Src Latency:+       0            0     
       Net Latency:+       0 (I)        0 (I) 
           Arrival:=    4000            0     
                                              
             Setup:-     174                  
     Required Time:=    3826                  
      Launch Clock:-       0                  
         Data Path:-    2709                  
             Slack:=    1117                  

#-------------------------------------------------------------------------------------------------------------------------
#                Timing Point                 Flags    Arc   Edge     Cell       Fanout Load Trans Delay Arrival Instance 
#                                                                                       (fF)  (ps)  (ps)   (ps)  Location 
#-------------------------------------------------------------------------------------------------------------------------
  u_prbs_ber_top/error_count_reg[0]/CP        -       -      R     (arrival)         32    -     0     0       0    (-,-) 
  u_prbs_ber_top/error_count_reg[0]/Q         -       CP->Q  R     DFKCNQD1BWP7T      4 26.5   244   418     418    (-,-) 
  u_prbs_ber_top/inc_add_101_44_g535__7410/ZN -       A2->ZN F     ND2D1BWP7T         3 23.7   201   172     590    (-,-) 
  u_prbs_ber_top/inc_add_101_44_g524__1881/ZN -       A1->ZN R     NR2XD1BWP7T        2 25.5   255   193     783    (-,-) 
  u_prbs_ber_top/inc_add_101_44_g523__6131/ZN -       A1->ZN F     ND3D2BWP7T         2 18.5   165   148     930    (-,-) 
  u_prbs_ber_top/inc_add_101_44_g521__7098/ZN -       A1->ZN R     NR2XD1BWP7T        2 25.5   254   184    1115    (-,-) 
  u_prbs_ber_top/inc_add_101_44_g519__5122/ZN -       A1->ZN F     ND2D2BWP7T         2 23.9   135   127    1241    (-,-) 
  u_prbs_ber_top/inc_add_101_44_g515__1617/ZN -       A1->ZN R     NR2D3BWP7T         2 21.6   194   145    1386    (-,-) 
  u_prbs_ber_top/inc_add_101_44_g510__8428/ZN -       A1->ZN F     ND2D1BWP7T         2 16.6   156   138    1524    (-,-) 
  u_prbs_ber_top/inc_add_101_44_g506__5107/ZN -       A1->ZN R     NR2D1BWP7T         2 21.7   425   287    1811    (-,-) 
  u_prbs_ber_top/inc_add_101_44_g503__6417/Z  -       A1->Z  R     AN3XD1BWP7T        2 19.8   208   322    2133    (-,-) 
  u_prbs_ber_top/inc_add_101_44_g491__6131/S  -       B->S   R     HA1D0BWP7T         1  8.2   178   320    2453    (-,-) 
  u_prbs_ber_top/g1149__6260/ZN               -       A1->ZN R     INR2D1BWP7T        1  9.3   322   256    2709    (-,-) 
  u_prbs_ber_top/error_count_reg[26]/D        -       -      R     DFKCNQD1BWP7T      1    -     -     0    2709    (-,-) 
#-------------------------------------------------------------------------------------------------------------------------



Path 19: MET (1156 ps) Setup Check with Pin u_prbs_ber_top/total_count_reg[25]/CP->D
           View: WCCOM.setup_view
          Group: clk
     Startpoint: (R) u_prbs_ber_top/total_count_reg[0]/CP
          Clock: (R) clk
       Endpoint: (R) u_prbs_ber_top/total_count_reg[25]/D
          Clock: (R) clk

                     Capture       Launch     
        Clock Edge:+    4000            0     
       Src Latency:+       0            0     
       Net Latency:+       0 (I)        0 (I) 
           Arrival:=    4000            0     
                                              
             Setup:-     174                  
     Required Time:=    3826                  
      Launch Clock:-       0                  
         Data Path:-    2670                  
             Slack:=    1156                  

#------------------------------------------------------------------------------------------------------------------------
#               Timing Point                 Flags    Arc   Edge     Cell       Fanout Load Trans Delay Arrival Instance 
#                                                                                      (fF)  (ps)  (ps)   (ps)  Location 
#------------------------------------------------------------------------------------------------------------------------
  u_prbs_ber_top/total_count_reg[0]/CP       -       -      R     (arrival)         32    -     0     0       0    (-,-) 
  u_prbs_ber_top/total_count_reg[0]/Q        -       CP->Q  R     DFKCNQD1BWP7T      6 38.2   335   469     469    (-,-) 
  u_prbs_ber_top/inc_add_99_40_g534__5107/ZN -       A1->ZN F     ND2D1BWP7T         3 23.7   216   195     664    (-,-) 
  u_prbs_ber_top/inc_add_99_40_g523__6161/ZN -       A1->ZN R     NR2XD1BWP7T        2 25.5   256   197     861    (-,-) 
  u_prbs_ber_top/inc_add_99_40_g522__4733/ZN -       A1->ZN F     ND3D2BWP7T         2 18.5   177   148    1008    (-,-) 
  u_prbs_ber_top/inc_add_99_40_g520__7482/ZN -       A1->ZN R     NR2XD1BWP7T        2 25.5   254   187    1196    (-,-) 
  u_prbs_ber_top/inc_add_99_40_g518__1881/ZN -       A1->ZN F     ND2D2BWP7T         2 24.2   136   127    1323    (-,-) 
  u_prbs_ber_top/inc_add_99_40_g514__8246/ZN -       A1->ZN R     NR2XD2BWP7T        2 21.6   151   112    1435    (-,-) 
  u_prbs_ber_top/inc_add_99_40_g510__1617/ZN -       A1->ZN F     ND2D1BWP7T         2 16.6   156   129    1564    (-,-) 
  u_prbs_ber_top/inc_add_99_40_g506__5526/ZN -       A1->ZN R     NR2D1BWP7T         2 19.8   395   270    1834    (-,-) 
  u_prbs_ber_top/inc_add_99_40_g493__9315/CO -       B->CO  R     HA1D0BWP7T         1 11.7   233   262    2096    (-,-) 
  u_prbs_ber_top/inc_add_99_40_g488__1881/Z  -       A1->Z  R     CKXOR2D1BWP7T      1  8.2   125   328    2423    (-,-) 
  u_prbs_ber_top/g1137__4733/ZN              -       A1->ZN R     INR2D1BWP7T        1  9.3   322   247    2670    (-,-) 
  u_prbs_ber_top/total_count_reg[25]/D       -       -      R     DFKCNQD1BWP7T      1    -     -     0    2670    (-,-) 
#------------------------------------------------------------------------------------------------------------------------



Path 20: MET (1176 ps) Setup Check with Pin u_prbs_ber_top/error_count_reg[25]/CP->D
           View: WCCOM.setup_view
          Group: clk
     Startpoint: (R) u_prbs_ber_top/error_count_reg[0]/CP
          Clock: (R) clk
       Endpoint: (R) u_prbs_ber_top/error_count_reg[25]/D
          Clock: (R) clk

                     Capture       Launch     
        Clock Edge:+    4000            0     
       Src Latency:+       0            0     
       Net Latency:+       0 (I)        0 (I) 
           Arrival:=    4000            0     
                                              
             Setup:-     174                  
     Required Time:=    3826                  
      Launch Clock:-       0                  
         Data Path:-    2650                  
             Slack:=    1176                  

#-------------------------------------------------------------------------------------------------------------------------
#                Timing Point                 Flags    Arc   Edge     Cell       Fanout Load Trans Delay Arrival Instance 
#                                                                                       (fF)  (ps)  (ps)   (ps)  Location 
#-------------------------------------------------------------------------------------------------------------------------
  u_prbs_ber_top/error_count_reg[0]/CP        -       -      R     (arrival)         32    -     0     0       0    (-,-) 
  u_prbs_ber_top/error_count_reg[0]/Q         -       CP->Q  R     DFKCNQD1BWP7T      4 26.5   244   418     418    (-,-) 
  u_prbs_ber_top/inc_add_101_44_g535__7410/ZN -       A2->ZN F     ND2D1BWP7T         3 23.7   201   172     590    (-,-) 
  u_prbs_ber_top/inc_add_101_44_g524__1881/ZN -       A1->ZN R     NR2XD1BWP7T        2 25.5   255   193     783    (-,-) 
  u_prbs_ber_top/inc_add_101_44_g523__6131/ZN -       A1->ZN F     ND3D2BWP7T         2 18.5   165   148     930    (-,-) 
  u_prbs_ber_top/inc_add_101_44_g521__7098/ZN -       A1->ZN R     NR2XD1BWP7T        2 25.5   254   184    1115    (-,-) 
  u_prbs_ber_top/inc_add_101_44_g519__5122/ZN -       A1->ZN F     ND2D2BWP7T         2 23.9   135   127    1241    (-,-) 
  u_prbs_ber_top/inc_add_101_44_g515__1617/ZN -       A1->ZN R     NR2D3BWP7T         2 21.6   194   145    1386    (-,-) 
  u_prbs_ber_top/inc_add_101_44_g510__8428/ZN -       A1->ZN F     ND2D1BWP7T         2 16.6   156   138    1524    (-,-) 
  u_prbs_ber_top/inc_add_101_44_g506__5107/ZN -       A1->ZN R     NR2D1BWP7T         2 21.7   425   287    1811    (-,-) 
  u_prbs_ber_top/inc_add_101_44_g493__5115/CO -       B->CO  R     HA1D0BWP7T         1 11.7   233   264    2075    (-,-) 
  u_prbs_ber_top/inc_add_101_44_g488__5122/Z  -       A1->Z  R     CKXOR2D1BWP7T      1  8.2   125   328    2403    (-,-) 
  u_prbs_ber_top/g1164__7482/ZN               -       A1->ZN R     INR2D1BWP7T        1  9.3   322   247    2650    (-,-) 
  u_prbs_ber_top/error_count_reg[25]/D        -       -      R     DFKCNQD1BWP7T      1    -     -     0    2650    (-,-) 
#-------------------------------------------------------------------------------------------------------------------------



Path 21: MET (1233 ps) Setup Check with Pin u_prbs_ber_top/total_count_reg[15]/CP->D
           View: WCCOM.setup_view
          Group: clk
     Startpoint: (R) u_prbs_ber_top/total_count_reg[0]/CP
          Clock: (R) clk
       Endpoint: (R) u_prbs_ber_top/total_count_reg[15]/D
          Clock: (R) clk

                     Capture       Launch     
        Clock Edge:+    4000            0     
       Src Latency:+       0            0     
       Net Latency:+       0 (I)        0 (I) 
           Arrival:=    4000            0     
                                              
             Setup:-     174                  
     Required Time:=    3826                  
      Launch Clock:-       0                  
         Data Path:-    2593                  
             Slack:=    1233                  

#------------------------------------------------------------------------------------------------------------------------
#               Timing Point                 Flags    Arc   Edge     Cell       Fanout Load Trans Delay Arrival Instance 
#                                                                                      (fF)  (ps)  (ps)   (ps)  Location 
#------------------------------------------------------------------------------------------------------------------------
  u_prbs_ber_top/total_count_reg[0]/CP       -       -      R     (arrival)         32    -     0     0       0    (-,-) 
  u_prbs_ber_top/total_count_reg[0]/Q        -       CP->Q  R     DFKCNQD1BWP7T      6 38.2   335   469     469    (-,-) 
  u_prbs_ber_top/inc_add_99_40_g534__5107/ZN -       A1->ZN F     ND2D1BWP7T         3 23.7   216   195     664    (-,-) 
  u_prbs_ber_top/inc_add_99_40_g523__6161/ZN -       A1->ZN R     NR2XD1BWP7T        2 25.5   256   197     861    (-,-) 
  u_prbs_ber_top/inc_add_99_40_g522__4733/ZN -       A1->ZN F     ND3D2BWP7T         2 18.5   177   148    1008    (-,-) 
  u_prbs_ber_top/inc_add_99_40_g520__7482/ZN -       A1->ZN R     NR2XD1BWP7T        2 25.5   254   187    1196    (-,-) 
  u_prbs_ber_top/inc_add_99_40_g518__1881/ZN -       A1->ZN F     ND2D2BWP7T         2 24.2   136   127    1323    (-,-) 
  u_prbs_ber_top/inc_add_99_40_g517/ZN       -       I->ZN  R     INVD1BWP7T         2 20.4   195   152    1475    (-,-) 
  u_prbs_ber_top/inc_add_99_40_g513__5122/ZN -       A1->ZN R     INR2XD0BWP7T       1 14.7   302   287    1762    (-,-) 
  u_prbs_ber_top/inc_add_99_40_g502__5107/CO -       B->CO  R     HA1D0BWP7T         1 11.7   233   256    2018    (-,-) 
  u_prbs_ber_top/inc_add_99_40_g496__2346/Z  -       A1->Z  R     CKXOR2D1BWP7T      1  8.2   125   328    2346    (-,-) 
  u_prbs_ber_top/g1128__2802/ZN              -       A1->ZN R     INR2D1BWP7T        1  9.3   322   247    2593    (-,-) 
  u_prbs_ber_top/total_count_reg[15]/D       -       -      R     DFKCNQD1BWP7T      1    -     -     0    2593    (-,-) 
#------------------------------------------------------------------------------------------------------------------------



Path 22: MET (1242 ps) Setup Check with Pin u_prbs_ber_top/total_count_reg[11]/CP->D
           View: WCCOM.setup_view
          Group: clk
     Startpoint: (R) u_prbs_ber_top/total_count_reg[0]/CP
          Clock: (R) clk
       Endpoint: (R) u_prbs_ber_top/total_count_reg[11]/D
          Clock: (R) clk

                     Capture       Launch     
        Clock Edge:+    4000            0     
       Src Latency:+       0            0     
       Net Latency:+       0 (I)        0 (I) 
           Arrival:=    4000            0     
                                              
             Setup:-     174                  
     Required Time:=    3826                  
      Launch Clock:-       0                  
         Data Path:-    2584                  
             Slack:=    1242                  

#------------------------------------------------------------------------------------------------------------------------
#               Timing Point                 Flags    Arc   Edge     Cell       Fanout Load Trans Delay Arrival Instance 
#                                                                                      (fF)  (ps)  (ps)   (ps)  Location 
#------------------------------------------------------------------------------------------------------------------------
  u_prbs_ber_top/total_count_reg[0]/CP       -       -      R     (arrival)         32    -     0     0       0    (-,-) 
  u_prbs_ber_top/total_count_reg[0]/Q        -       CP->Q  R     DFKCNQD1BWP7T      6 38.2   335   469     469    (-,-) 
  u_prbs_ber_top/inc_add_99_40_g534__5107/ZN -       A1->ZN F     ND2D1BWP7T         3 23.7   216   195     664    (-,-) 
  u_prbs_ber_top/inc_add_99_40_g523__6161/ZN -       A1->ZN R     NR2XD1BWP7T        2 25.5   256   197     861    (-,-) 
  u_prbs_ber_top/inc_add_99_40_g522__4733/ZN -       A1->ZN F     ND3D2BWP7T         2 18.5   177   148    1008    (-,-) 
  u_prbs_ber_top/inc_add_99_40_g520__7482/ZN -       A1->ZN R     NR2XD1BWP7T        2 25.5   254   187    1196    (-,-) 
  u_prbs_ber_top/inc_add_99_40_g508__3680/CO -       B->CO  R     HA1D0BWP7T         1 14.7   280   278    1474    (-,-) 
  u_prbs_ber_top/inc_add_99_40_g498__7410/CO -       B->CO  R     HA1D0BWP7T         1 14.7   280   281    1755    (-,-) 
  u_prbs_ber_top/inc_add_99_40_g487__6131/CO -       B->CO  R     HA1D0BWP7T         1 11.7   232   254    2010    (-,-) 
  u_prbs_ber_top/inc_add_99_40_g483__1705/Z  -       A1->Z  R     CKXOR2D1BWP7T      1  8.2   125   328    2337    (-,-) 
  u_prbs_ber_top/g1122__4319/ZN              -       A1->ZN R     INR2D1BWP7T        1  9.3   322   247    2584    (-,-) 
  u_prbs_ber_top/total_count_reg[11]/D       -       -      R     DFKCNQD1BWP7T      1    -     -     0    2584    (-,-) 
#------------------------------------------------------------------------------------------------------------------------



Path 23: MET (1247 ps) Setup Check with Pin u_prbs_ber_top/total_count_reg[18]/CP->D
           View: WCCOM.setup_view
          Group: clk
     Startpoint: (R) u_prbs_ber_top/total_count_reg[0]/CP
          Clock: (R) clk
       Endpoint: (R) u_prbs_ber_top/total_count_reg[18]/D
          Clock: (R) clk

                     Capture       Launch     
        Clock Edge:+    4000            0     
       Src Latency:+       0            0     
       Net Latency:+       0 (I)        0 (I) 
           Arrival:=    4000            0     
                                              
             Setup:-     174                  
     Required Time:=    3826                  
      Launch Clock:-       0                  
         Data Path:-    2580                  
             Slack:=    1247                  

#------------------------------------------------------------------------------------------------------------------------
#               Timing Point                 Flags    Arc   Edge     Cell       Fanout Load Trans Delay Arrival Instance 
#                                                                                      (fF)  (ps)  (ps)   (ps)  Location 
#------------------------------------------------------------------------------------------------------------------------
  u_prbs_ber_top/total_count_reg[0]/CP       -       -      R     (arrival)         32    -     0     0       0    (-,-) 
  u_prbs_ber_top/total_count_reg[0]/Q        -       CP->Q  R     DFKCNQD1BWP7T      6 38.2   335   469     469    (-,-) 
  u_prbs_ber_top/inc_add_99_40_g534__5107/ZN -       A1->ZN F     ND2D1BWP7T         3 23.7   216   195     664    (-,-) 
  u_prbs_ber_top/inc_add_99_40_g523__6161/ZN -       A1->ZN R     NR2XD1BWP7T        2 25.5   256   197     861    (-,-) 
  u_prbs_ber_top/inc_add_99_40_g522__4733/ZN -       A1->ZN F     ND3D2BWP7T         2 18.5   177   148    1008    (-,-) 
  u_prbs_ber_top/inc_add_99_40_g520__7482/ZN -       A1->ZN R     NR2XD1BWP7T        2 25.5   254   187    1196    (-,-) 
  u_prbs_ber_top/inc_add_99_40_g518__1881/ZN -       A1->ZN F     ND2D2BWP7T         2 24.2   136   127    1323    (-,-) 
  u_prbs_ber_top/inc_add_99_40_g514__8246/ZN -       A1->ZN R     NR2XD2BWP7T        2 21.6   151   112    1435    (-,-) 
  u_prbs_ber_top/inc_add_99_40_g501__2398/CO -       B->CO  R     HA1D0BWP7T         1 14.7   280   266    1701    (-,-) 
  u_prbs_ber_top/inc_add_99_40_g490__7482/CO -       B->CO  R     HA1D0BWP7T         1 14.7   280   281    1982    (-,-) 
  u_prbs_ber_top/inc_add_99_40_g481__1617/S  -       B->S   R     HA1D0BWP7T         1  8.2   178   341    2323    (-,-) 
  u_prbs_ber_top/g1133__6131/ZN              -       A1->ZN R     INR2D1BWP7T        1  9.3   322   256    2579    (-,-) 
  u_prbs_ber_top/total_count_reg[18]/D       -       -      R     DFKCNQD1BWP7T      1    -     -     0    2580    (-,-) 
#------------------------------------------------------------------------------------------------------------------------



Path 24: MET (1287 ps) Setup Check with Pin u_prbs_ber_top/total_count_reg[21]/CP->D
           View: WCCOM.setup_view
          Group: clk
     Startpoint: (R) u_prbs_ber_top/total_count_reg[0]/CP
          Clock: (R) clk
       Endpoint: (R) u_prbs_ber_top/total_count_reg[21]/D
          Clock: (R) clk

                     Capture       Launch     
        Clock Edge:+    4000            0     
       Src Latency:+       0            0     
       Net Latency:+       0 (I)        0 (I) 
           Arrival:=    4000            0     
                                              
             Setup:-     174                  
     Required Time:=    3826                  
      Launch Clock:-       0                  
         Data Path:-    2539                  
             Slack:=    1287                  

#------------------------------------------------------------------------------------------------------------------------
#               Timing Point                 Flags    Arc   Edge     Cell       Fanout Load Trans Delay Arrival Instance 
#                                                                                      (fF)  (ps)  (ps)   (ps)  Location 
#------------------------------------------------------------------------------------------------------------------------
  u_prbs_ber_top/total_count_reg[0]/CP       -       -      R     (arrival)         32    -     0     0       0    (-,-) 
  u_prbs_ber_top/total_count_reg[0]/Q        -       CP->Q  R     DFKCNQD1BWP7T      6 38.2   335   469     469    (-,-) 
  u_prbs_ber_top/inc_add_99_40_g534__5107/ZN -       A1->ZN F     ND2D1BWP7T         3 23.7   216   195     664    (-,-) 
  u_prbs_ber_top/inc_add_99_40_g523__6161/ZN -       A1->ZN R     NR2XD1BWP7T        2 25.5   256   197     861    (-,-) 
  u_prbs_ber_top/inc_add_99_40_g522__4733/ZN -       A1->ZN F     ND3D2BWP7T         2 18.5   177   148    1008    (-,-) 
  u_prbs_ber_top/inc_add_99_40_g520__7482/ZN -       A1->ZN R     NR2XD1BWP7T        2 25.5   254   187    1196    (-,-) 
  u_prbs_ber_top/inc_add_99_40_g518__1881/ZN -       A1->ZN F     ND2D2BWP7T         2 24.2   136   127    1323    (-,-) 
  u_prbs_ber_top/inc_add_99_40_g514__8246/ZN -       A1->ZN R     NR2XD2BWP7T        2 21.6   151   112    1435    (-,-) 
  u_prbs_ber_top/inc_add_99_40_g510__1617/ZN -       A1->ZN F     ND2D1BWP7T         2 16.6   156   129    1564    (-,-) 
  u_prbs_ber_top/inc_add_99_40_g509/ZN       -       I->ZN  R     INVD1BWP7T         2 20.1   194   156    1720    (-,-) 
  u_prbs_ber_top/inc_add_99_40_g497__1666/CO -       B->CO  R     HA1D0BWP7T         1 11.7   232   244    1964    (-,-) 
  u_prbs_ber_top/inc_add_99_40_g492__6161/Z  -       A1->Z  R     CKXOR2D1BWP7T      1  8.2   125   328    2292    (-,-) 
  u_prbs_ber_top/g1148__5107/ZN              -       A1->ZN R     INR2D1BWP7T        1  9.3   322   247    2539    (-,-) 
  u_prbs_ber_top/total_count_reg[21]/D       -       -      R     DFKCNQD1BWP7T      1    -     -     0    2539    (-,-) 
#------------------------------------------------------------------------------------------------------------------------



Path 25: MET (1290 ps) Setup Check with Pin u_prbs_ber_top/error_count_reg[18]/CP->D
           View: WCCOM.setup_view
          Group: clk
     Startpoint: (R) u_prbs_ber_top/error_count_reg[0]/CP
          Clock: (R) clk
       Endpoint: (R) u_prbs_ber_top/error_count_reg[18]/D
          Clock: (R) clk

                     Capture       Launch     
        Clock Edge:+    4000            0     
       Src Latency:+       0            0     
       Net Latency:+       0 (I)        0 (I) 
           Arrival:=    4000            0     
                                              
             Setup:-     174                  
     Required Time:=    3826                  
      Launch Clock:-       0                  
         Data Path:-    2536                  
             Slack:=    1290                  

#-------------------------------------------------------------------------------------------------------------------------
#                Timing Point                 Flags    Arc   Edge     Cell       Fanout Load Trans Delay Arrival Instance 
#                                                                                       (fF)  (ps)  (ps)   (ps)  Location 
#-------------------------------------------------------------------------------------------------------------------------
  u_prbs_ber_top/error_count_reg[0]/CP        -       -      R     (arrival)         32    -     0     0       0    (-,-) 
  u_prbs_ber_top/error_count_reg[0]/Q         -       CP->Q  R     DFKCNQD1BWP7T      4 26.5   244   418     418    (-,-) 
  u_prbs_ber_top/inc_add_101_44_g535__7410/ZN -       A2->ZN F     ND2D1BWP7T         3 23.7   201   172     590    (-,-) 
  u_prbs_ber_top/inc_add_101_44_g524__1881/ZN -       A1->ZN R     NR2XD1BWP7T        2 25.5   255   193     783    (-,-) 
  u_prbs_ber_top/inc_add_101_44_g523__6131/ZN -       A1->ZN F     ND3D2BWP7T         2 18.5   165   148     930    (-,-) 
  u_prbs_ber_top/inc_add_101_44_g521__7098/ZN -       A1->ZN R     NR2XD1BWP7T        2 25.5   254   184    1115    (-,-) 
  u_prbs_ber_top/inc_add_101_44_g519__5122/ZN -       A1->ZN F     ND2D2BWP7T         2 23.9   135   127    1241    (-,-) 
  u_prbs_ber_top/inc_add_101_44_g515__1617/ZN -       A1->ZN R     NR2D3BWP7T         2 21.6   194   145    1386    (-,-) 
  u_prbs_ber_top/inc_add_101_44_g501__1666/CO -       B->CO  R     HA1D0BWP7T         1 14.7   279   271    1657    (-,-) 
  u_prbs_ber_top/inc_add_101_44_g490__7098/CO -       B->CO  R     HA1D0BWP7T         1 14.7   279   281    1939    (-,-) 
  u_prbs_ber_top/inc_add_101_44_g481__8428/S  -       B->S   R     HA1D0BWP7T         1  8.2   178   341    2280    (-,-) 
  u_prbs_ber_top/g1154__3680/ZN               -       A1->ZN R     INR2D1BWP7T        1  9.3   322   256    2536    (-,-) 
  u_prbs_ber_top/error_count_reg[18]/D        -       -      R     DFKCNQD1BWP7T      1    -     -     0    2536    (-,-) 
#-------------------------------------------------------------------------------------------------------------------------



Path 26: MET (1302 ps) Clock Gating Setup Check at cgic pin u_prbs_ber_top/CLKGATE_RC_CG_HIER_INST4/RC_CGIC_INST/E
           View: WCCOM.setup_view
          Group: cg_enable_group_clk
     Startpoint: (R) u_csr_regbank/ctrl_reg_reg[1]/CP
          Clock: (R) clk
       Endpoint: (R) u_prbs_ber_top/CLKGATE_RC_CG_HIER_INST4/RC_CGIC_INST/E
          Clock: (R) clk

                     Capture       Launch     
        Clock Edge:+    4000            0     
       Src Latency:+       0            0     
       Net Latency:+       0 (I)        0 (I) 
           Arrival:=    4000            0     
                                              
  Gate Check Setup:-     290                  
     Required Time:=    3710                  
      Launch Clock:-       0                  
         Data Path:-    2408                  
             Slack:=    1302                  

#------------------------------------------------------------------------------------------------------------------------------------
#                     Timing Point                       Flags    Arc   Edge     Cell       Fanout Load Trans Delay Arrival Instance 
#                                                                                                  (fF)  (ps)  (ps)   (ps)  Location 
#------------------------------------------------------------------------------------------------------------------------------------
  u_csr_regbank/ctrl_reg_reg[1]/CP                       -       -      R     (arrival)         32    -     0     0       0    (-,-) 
  u_csr_regbank/ctrl_reg_reg[1]/Q                        -       CP->Q  R     DFKCNQD1BWP7T      7 47.3   407   508     508    (-,-) 
  u_prbs_ber_top/u_prbs_gen_top/g90__8246/Z              -       S->Z   R     MUX2D1BWP7T        5 35.3   318   478     986    (-,-) 
  u_prbs_ber_top/g662__1666/ZN                           -       B1->ZN F     IND2D1BWP7T        1  9.5   137   128    1114    (-,-) 
  u_prbs_ber_top/g657__9945/ZN                           -       B->ZN  R     IOA21D1BWP7T       2 17.4   201   145    1259    (-,-) 
  u_prbs_ber_top/g656__9315/Z                            -       A1->Z  R     CKXOR2D1BWP7T      2 16.2   182   358    1617    (-,-) 
  u_prbs_ber_top/g655__6161/ZN                           -       A1->ZN R     XNR2D1BWP7T        1  8.0   118   325    1942    (-,-) 
  u_prbs_ber_top/g654__4733/Z                            -       A1->Z  R     CKAN2D1BWP7T       4 26.4   244   270    2211    (-,-) 
  u_prbs_ber_top/g653__7482/Z                            -       A1->Z  R     OR2D1BWP7T         1  9.1   112   196    2408    (-,-) 
  u_prbs_ber_top/CLKGATE_RC_CG_HIER_INST4/RC_CGIC_INST/E -       -      R     CKLNQD1BWP7T       1    -     -     0    2408    (-,-) 
#------------------------------------------------------------------------------------------------------------------------------------



Path 27: MET (1311 ps) Setup Check with Pin u_prbs_ber_top/total_count_reg[22]/CP->D
           View: WCCOM.setup_view
          Group: clk
     Startpoint: (R) u_prbs_ber_top/total_count_reg[0]/CP
          Clock: (R) clk
       Endpoint: (R) u_prbs_ber_top/total_count_reg[22]/D
          Clock: (R) clk

                     Capture       Launch     
        Clock Edge:+    4000            0     
       Src Latency:+       0            0     
       Net Latency:+       0 (I)        0 (I) 
           Arrival:=    4000            0     
                                              
             Setup:-     174                  
     Required Time:=    3826                  
      Launch Clock:-       0                  
         Data Path:-    2515                  
             Slack:=    1311                  

#------------------------------------------------------------------------------------------------------------------------
#               Timing Point                 Flags    Arc   Edge     Cell       Fanout Load Trans Delay Arrival Instance 
#                                                                                      (fF)  (ps)  (ps)   (ps)  Location 
#------------------------------------------------------------------------------------------------------------------------
  u_prbs_ber_top/total_count_reg[0]/CP       -       -      R     (arrival)         32    -     0     0       0    (-,-) 
  u_prbs_ber_top/total_count_reg[0]/Q        -       CP->Q  R     DFKCNQD1BWP7T      6 38.2   335   469     469    (-,-) 
  u_prbs_ber_top/inc_add_99_40_g534__5107/ZN -       A1->ZN F     ND2D1BWP7T         3 23.7   216   195     664    (-,-) 
  u_prbs_ber_top/inc_add_99_40_g523__6161/ZN -       A1->ZN R     NR2XD1BWP7T        2 25.5   256   197     861    (-,-) 
  u_prbs_ber_top/inc_add_99_40_g522__4733/ZN -       A1->ZN F     ND3D2BWP7T         2 18.5   177   148    1008    (-,-) 
  u_prbs_ber_top/inc_add_99_40_g520__7482/ZN -       A1->ZN R     NR2XD1BWP7T        2 25.5   254   187    1196    (-,-) 
  u_prbs_ber_top/inc_add_99_40_g518__1881/ZN -       A1->ZN F     ND2D2BWP7T         2 24.2   136   127    1323    (-,-) 
  u_prbs_ber_top/inc_add_99_40_g514__8246/ZN -       A1->ZN R     NR2XD2BWP7T        2 21.6   151   112    1435    (-,-) 
  u_prbs_ber_top/inc_add_99_40_g510__1617/ZN -       A1->ZN F     ND2D1BWP7T         2 16.6   156   129    1564    (-,-) 
  u_prbs_ber_top/inc_add_99_40_g509/ZN       -       I->ZN  R     INVD1BWP7T         2 20.1   194   156    1720    (-,-) 
  u_prbs_ber_top/inc_add_99_40_g505__8428/Z  -       A1->Z  R     CKAN2D1BWP7T       1 14.7   156   233    1953    (-,-) 
  u_prbs_ber_top/inc_add_99_40_g494__9945/S  -       B->S   R     HA1D0BWP7T         1  8.2   178   305    2259    (-,-) 
  u_prbs_ber_top/g1134__1881/ZN              -       A1->ZN R     INR2D1BWP7T        1  9.3   322   256    2515    (-,-) 
  u_prbs_ber_top/total_count_reg[22]/D       -       -      R     DFKCNQD1BWP7T      1    -     -     0    2515    (-,-) 
#------------------------------------------------------------------------------------------------------------------------



Path 28: MET (1316 ps) Setup Check with Pin u_prbs_ber_top/error_count_reg[15]/CP->D
           View: WCCOM.setup_view
          Group: clk
     Startpoint: (R) u_prbs_ber_top/error_count_reg[0]/CP
          Clock: (R) clk
       Endpoint: (R) u_prbs_ber_top/error_count_reg[15]/D
          Clock: (R) clk

                     Capture       Launch     
        Clock Edge:+    4000            0     
       Src Latency:+       0            0     
       Net Latency:+       0 (I)        0 (I) 
           Arrival:=    4000            0     
                                              
             Setup:-     174                  
     Required Time:=    3826                  
      Launch Clock:-       0                  
         Data Path:-    2511                  
             Slack:=    1316                  

#-------------------------------------------------------------------------------------------------------------------------
#                Timing Point                 Flags    Arc   Edge     Cell       Fanout Load Trans Delay Arrival Instance 
#                                                                                       (fF)  (ps)  (ps)   (ps)  Location 
#-------------------------------------------------------------------------------------------------------------------------
  u_prbs_ber_top/error_count_reg[0]/CP        -       -      R     (arrival)         32    -     0     0       0    (-,-) 
  u_prbs_ber_top/error_count_reg[0]/Q         -       CP->Q  R     DFKCNQD1BWP7T      4 26.5   244   418     418    (-,-) 
  u_prbs_ber_top/inc_add_101_44_g535__7410/ZN -       A2->ZN F     ND2D1BWP7T         3 23.7   201   172     590    (-,-) 
  u_prbs_ber_top/inc_add_101_44_g524__1881/ZN -       A1->ZN R     NR2XD1BWP7T        2 25.5   255   193     783    (-,-) 
  u_prbs_ber_top/inc_add_101_44_g523__6131/ZN -       A1->ZN F     ND3D2BWP7T         2 18.5   165   148     930    (-,-) 
  u_prbs_ber_top/inc_add_101_44_g521__7098/ZN -       A1->ZN R     NR2XD1BWP7T        2 25.5   254   184    1115    (-,-) 
  u_prbs_ber_top/inc_add_101_44_g519__5122/ZN -       A1->ZN F     ND2D2BWP7T         2 23.9   135   127    1241    (-,-) 
  u_prbs_ber_top/inc_add_101_44_g518/ZN       -       I->ZN  R     INVD1BWP7T         2 20.4   195   152    1393    (-,-) 
  u_prbs_ber_top/inc_add_101_44_g513__3680/ZN -       A1->ZN R     INR2XD0BWP7T       1 14.7   301   287    1680    (-,-) 
  u_prbs_ber_top/inc_add_101_44_g502__7410/CO -       B->CO  R     HA1D0BWP7T         1 11.7   232   256    1936    (-,-) 
  u_prbs_ber_top/inc_add_101_44_g496__6161/Z  -       A1->Z  R     CKXOR2D1BWP7T      1  8.2   125   327    2264    (-,-) 
  u_prbs_ber_top/g1150__4319/ZN               -       A1->ZN R     INR2D1BWP7T        1  9.3   322   247    2510    (-,-) 
  u_prbs_ber_top/error_count_reg[15]/D        -       -      R     DFKCNQD1BWP7T      1    -     -     0    2511    (-,-) 
#-------------------------------------------------------------------------------------------------------------------------



Path 29: MET (1323 ps) Setup Check with Pin u_prbs_ber_top/error_count_reg[11]/CP->D
           View: WCCOM.setup_view
          Group: clk
     Startpoint: (R) u_prbs_ber_top/error_count_reg[0]/CP
          Clock: (R) clk
       Endpoint: (R) u_prbs_ber_top/error_count_reg[11]/D
          Clock: (R) clk

                     Capture       Launch     
        Clock Edge:+    4000            0     
       Src Latency:+       0            0     
       Net Latency:+       0 (I)        0 (I) 
           Arrival:=    4000            0     
                                              
             Setup:-     174                  
     Required Time:=    3826                  
      Launch Clock:-       0                  
         Data Path:-    2503                  
             Slack:=    1323                  

#-------------------------------------------------------------------------------------------------------------------------
#                Timing Point                 Flags    Arc   Edge     Cell       Fanout Load Trans Delay Arrival Instance 
#                                                                                       (fF)  (ps)  (ps)   (ps)  Location 
#-------------------------------------------------------------------------------------------------------------------------
  u_prbs_ber_top/error_count_reg[0]/CP        -       -      R     (arrival)         32    -     0     0       0    (-,-) 
  u_prbs_ber_top/error_count_reg[0]/Q         -       CP->Q  R     DFKCNQD1BWP7T      4 26.5   244   418     418    (-,-) 
  u_prbs_ber_top/inc_add_101_44_g535__7410/ZN -       A2->ZN F     ND2D1BWP7T         3 23.7   201   172     590    (-,-) 
  u_prbs_ber_top/inc_add_101_44_g524__1881/ZN -       A1->ZN R     NR2XD1BWP7T        2 25.5   255   193     783    (-,-) 
  u_prbs_ber_top/inc_add_101_44_g523__6131/ZN -       A1->ZN F     ND3D2BWP7T         2 18.5   165   148     930    (-,-) 
  u_prbs_ber_top/inc_add_101_44_g521__7098/ZN -       A1->ZN R     NR2XD1BWP7T        2 25.5   254   184    1115    (-,-) 
  u_prbs_ber_top/inc_add_101_44_g508__4319/CO -       B->CO  R     HA1D0BWP7T         1 14.7   279   278    1393    (-,-) 
  u_prbs_ber_top/inc_add_101_44_g498__9945/CO -       B->CO  R     HA1D0BWP7T         1 14.7   279   281    1674    (-,-) 
  u_prbs_ber_top/inc_add_101_44_g487__1705/CO -       B->CO  R     HA1D0BWP7T         1 11.7   232   254    1929    (-,-) 
  u_prbs_ber_top/inc_add_101_44_g483__6783/Z  -       A1->Z  R     CKXOR2D1BWP7T      1  8.2   125   327    2256    (-,-) 
  u_prbs_ber_top/g1145__6417/ZN               -       A1->ZN R     INR2D1BWP7T        1  9.3   322   247    2503    (-,-) 
  u_prbs_ber_top/error_count_reg[11]/D        -       -      R     DFKCNQD1BWP7T      1    -     -     0    2503    (-,-) 
#-------------------------------------------------------------------------------------------------------------------------



Path 30: MET (1327 ps) Setup Check with Pin u_prbs_ber_top/error_count_reg[21]/CP->D
           View: WCCOM.setup_view
          Group: clk
     Startpoint: (R) u_prbs_ber_top/error_count_reg[0]/CP
          Clock: (R) clk
       Endpoint: (R) u_prbs_ber_top/error_count_reg[21]/D
          Clock: (R) clk

                     Capture       Launch     
        Clock Edge:+    4000            0     
       Src Latency:+       0            0     
       Net Latency:+       0 (I)        0 (I) 
           Arrival:=    4000            0     
                                              
             Setup:-     174                  
     Required Time:=    3826                  
      Launch Clock:-       0                  
         Data Path:-    2499                  
             Slack:=    1327                  

#-------------------------------------------------------------------------------------------------------------------------
#                Timing Point                 Flags    Arc   Edge     Cell       Fanout Load Trans Delay Arrival Instance 
#                                                                                       (fF)  (ps)  (ps)   (ps)  Location 
#-------------------------------------------------------------------------------------------------------------------------
  u_prbs_ber_top/error_count_reg[0]/CP        -       -      R     (arrival)         32    -     0     0       0    (-,-) 
  u_prbs_ber_top/error_count_reg[0]/Q         -       CP->Q  R     DFKCNQD1BWP7T      4 26.5   244   418     418    (-,-) 
  u_prbs_ber_top/inc_add_101_44_g535__7410/ZN -       A2->ZN F     ND2D1BWP7T         3 23.7   201   172     590    (-,-) 
  u_prbs_ber_top/inc_add_101_44_g524__1881/ZN -       A1->ZN R     NR2XD1BWP7T        2 25.5   255   193     783    (-,-) 
  u_prbs_ber_top/inc_add_101_44_g523__6131/ZN -       A1->ZN F     ND3D2BWP7T         2 18.5   165   148     930    (-,-) 
  u_prbs_ber_top/inc_add_101_44_g521__7098/ZN -       A1->ZN R     NR2XD1BWP7T        2 25.5   254   184    1115    (-,-) 
  u_prbs_ber_top/inc_add_101_44_g519__5122/ZN -       A1->ZN F     ND2D2BWP7T         2 23.9   135   127    1241    (-,-) 
  u_prbs_ber_top/inc_add_101_44_g515__1617/ZN -       A1->ZN R     NR2D3BWP7T         2 21.6   194   145    1386    (-,-) 
  u_prbs_ber_top/inc_add_101_44_g510__8428/ZN -       A1->ZN F     ND2D1BWP7T         2 16.6   156   138    1524    (-,-) 
  u_prbs_ber_top/inc_add_101_44_g509/ZN       -       I->ZN  R     INVD1BWP7T         2 20.1   194   156    1681    (-,-) 
  u_prbs_ber_top/inc_add_101_44_g497__9315/CO -       B->CO  R     HA1D0BWP7T         1 11.7   232   244    1925    (-,-) 
  u_prbs_ber_top/inc_add_101_44_g492__1881/Z  -       A1->Z  R     CKXOR2D1BWP7T      1  8.2   125   327    2252    (-,-) 
  u_prbs_ber_top/g1157__1705/ZN               -       A1->ZN R     INR2D1BWP7T        1  9.3   322   247    2499    (-,-) 
  u_prbs_ber_top/error_count_reg[21]/D        -       -      R     DFKCNQD1BWP7T      1    -     -     0    2499    (-,-) 
#-------------------------------------------------------------------------------------------------------------------------



Path 31: MET (1351 ps) Setup Check with Pin u_prbs_ber_top/error_count_reg[22]/CP->D
           View: WCCOM.setup_view
          Group: clk
     Startpoint: (R) u_prbs_ber_top/error_count_reg[0]/CP
          Clock: (R) clk
       Endpoint: (R) u_prbs_ber_top/error_count_reg[22]/D
          Clock: (R) clk

                     Capture       Launch     
        Clock Edge:+    4000            0     
       Src Latency:+       0            0     
       Net Latency:+       0 (I)        0 (I) 
           Arrival:=    4000            0     
                                              
             Setup:-     174                  
     Required Time:=    3826                  
      Launch Clock:-       0                  
         Data Path:-    2475                  
             Slack:=    1351                  

#-------------------------------------------------------------------------------------------------------------------------
#                Timing Point                 Flags    Arc   Edge     Cell       Fanout Load Trans Delay Arrival Instance 
#                                                                                       (fF)  (ps)  (ps)   (ps)  Location 
#-------------------------------------------------------------------------------------------------------------------------
  u_prbs_ber_top/error_count_reg[0]/CP        -       -      R     (arrival)         32    -     0     0       0    (-,-) 
  u_prbs_ber_top/error_count_reg[0]/Q         -       CP->Q  R     DFKCNQD1BWP7T      4 26.5   244   418     418    (-,-) 
  u_prbs_ber_top/inc_add_101_44_g535__7410/ZN -       A2->ZN F     ND2D1BWP7T         3 23.7   201   172     590    (-,-) 
  u_prbs_ber_top/inc_add_101_44_g524__1881/ZN -       A1->ZN R     NR2XD1BWP7T        2 25.5   255   193     783    (-,-) 
  u_prbs_ber_top/inc_add_101_44_g523__6131/ZN -       A1->ZN F     ND3D2BWP7T         2 18.5   165   148     930    (-,-) 
  u_prbs_ber_top/inc_add_101_44_g521__7098/ZN -       A1->ZN R     NR2XD1BWP7T        2 25.5   254   184    1115    (-,-) 
  u_prbs_ber_top/inc_add_101_44_g519__5122/ZN -       A1->ZN F     ND2D2BWP7T         2 23.9   135   127    1241    (-,-) 
  u_prbs_ber_top/inc_add_101_44_g515__1617/ZN -       A1->ZN R     NR2D3BWP7T         2 21.6   194   145    1386    (-,-) 
  u_prbs_ber_top/inc_add_101_44_g510__8428/ZN -       A1->ZN F     ND2D1BWP7T         2 16.6   156   138    1524    (-,-) 
  u_prbs_ber_top/inc_add_101_44_g509/ZN       -       I->ZN  R     INVD1BWP7T         2 20.1   194   156    1681    (-,-) 
  u_prbs_ber_top/inc_add_101_44_g505__2398/Z  -       A1->Z  R     CKAN2D1BWP7T       1 14.7   156   233    1914    (-,-) 
  u_prbs_ber_top/inc_add_101_44_g494__7482/S  -       B->S   R     HA1D0BWP7T         1  8.2   177   305    2219    (-,-) 
  u_prbs_ber_top/g1159__8246/ZN               -       A1->ZN R     INR2D1BWP7T        1  9.3   322   256    2475    (-,-) 
  u_prbs_ber_top/error_count_reg[22]/D        -       -      R     DFKCNQD1BWP7T      1    -     -     0    2475    (-,-) 
#-------------------------------------------------------------------------------------------------------------------------



Path 32: MET (1368 ps) Setup Check with Pin u_prbs_ber_top/total_count_reg[24]/CP->D
           View: WCCOM.setup_view
          Group: clk
     Startpoint: (R) u_prbs_ber_top/total_count_reg[0]/CP
          Clock: (R) clk
       Endpoint: (R) u_prbs_ber_top/total_count_reg[24]/D
          Clock: (R) clk

                     Capture       Launch     
        Clock Edge:+    4000            0     
       Src Latency:+       0            0     
       Net Latency:+       0 (I)        0 (I) 
           Arrival:=    4000            0     
                                              
             Setup:-     174                  
     Required Time:=    3826                  
      Launch Clock:-       0                  
         Data Path:-    2458                  
             Slack:=    1368                  

#------------------------------------------------------------------------------------------------------------------------
#               Timing Point                 Flags    Arc   Edge     Cell       Fanout Load Trans Delay Arrival Instance 
#                                                                                      (fF)  (ps)  (ps)   (ps)  Location 
#------------------------------------------------------------------------------------------------------------------------
  u_prbs_ber_top/total_count_reg[0]/CP       -       -      R     (arrival)         32    -     0     0       0    (-,-) 
  u_prbs_ber_top/total_count_reg[0]/Q        -       CP->Q  R     DFKCNQD1BWP7T      6 38.2   335   469     469    (-,-) 
  u_prbs_ber_top/inc_add_99_40_g534__5107/ZN -       A1->ZN F     ND2D1BWP7T         3 23.7   216   195     664    (-,-) 
  u_prbs_ber_top/inc_add_99_40_g523__6161/ZN -       A1->ZN R     NR2XD1BWP7T        2 25.5   256   197     861    (-,-) 
  u_prbs_ber_top/inc_add_99_40_g522__4733/ZN -       A1->ZN F     ND3D2BWP7T         2 18.5   177   148    1008    (-,-) 
  u_prbs_ber_top/inc_add_99_40_g520__7482/ZN -       A1->ZN R     NR2XD1BWP7T        2 25.5   254   187    1196    (-,-) 
  u_prbs_ber_top/inc_add_99_40_g518__1881/ZN -       A1->ZN F     ND2D2BWP7T         2 24.2   136   127    1323    (-,-) 
  u_prbs_ber_top/inc_add_99_40_g514__8246/ZN -       A1->ZN R     NR2XD2BWP7T        2 21.6   151   112    1435    (-,-) 
  u_prbs_ber_top/inc_add_99_40_g510__1617/ZN -       A1->ZN F     ND2D1BWP7T         2 16.6   156   129    1564    (-,-) 
  u_prbs_ber_top/inc_add_99_40_g506__5526/ZN -       A1->ZN R     NR2D1BWP7T         2 19.8   395   270    1834    (-,-) 
  u_prbs_ber_top/inc_add_99_40_g493__9315/S  -       B->S   R     HA1D0BWP7T         1  8.2   180   368    2202    (-,-) 
  u_prbs_ber_top/g1141__2883/ZN              -       A1->ZN R     INR2D1BWP7T        1  9.3   322   256    2458    (-,-) 
  u_prbs_ber_top/total_count_reg[24]/D       -       -      R     DFKCNQD1BWP7T      1    -     -     0    2458    (-,-) 
#------------------------------------------------------------------------------------------------------------------------



Path 33: MET (1383 ps) Setup Check with Pin u_prbs_ber_top/error_count_reg[24]/CP->D
           View: WCCOM.setup_view
          Group: clk
     Startpoint: (R) u_prbs_ber_top/error_count_reg[0]/CP
          Clock: (R) clk
       Endpoint: (R) u_prbs_ber_top/error_count_reg[24]/D
          Clock: (R) clk

                     Capture       Launch     
        Clock Edge:+    4000            0     
       Src Latency:+       0            0     
       Net Latency:+       0 (I)        0 (I) 
           Arrival:=    4000            0     
                                              
             Setup:-     174                  
     Required Time:=    3826                  
      Launch Clock:-       0                  
         Data Path:-    2443                  
             Slack:=    1383                  

#-------------------------------------------------------------------------------------------------------------------------
#                Timing Point                 Flags    Arc   Edge     Cell       Fanout Load Trans Delay Arrival Instance 
#                                                                                       (fF)  (ps)  (ps)   (ps)  Location 
#-------------------------------------------------------------------------------------------------------------------------
  u_prbs_ber_top/error_count_reg[0]/CP        -       -      R     (arrival)         32    -     0     0       0    (-,-) 
  u_prbs_ber_top/error_count_reg[0]/Q         -       CP->Q  R     DFKCNQD1BWP7T      4 26.5   244   418     418    (-,-) 
  u_prbs_ber_top/inc_add_101_44_g535__7410/ZN -       A2->ZN F     ND2D1BWP7T         3 23.7   201   172     590    (-,-) 
  u_prbs_ber_top/inc_add_101_44_g524__1881/ZN -       A1->ZN R     NR2XD1BWP7T        2 25.5   255   193     783    (-,-) 
  u_prbs_ber_top/inc_add_101_44_g523__6131/ZN -       A1->ZN F     ND3D2BWP7T         2 18.5   165   148     930    (-,-) 
  u_prbs_ber_top/inc_add_101_44_g521__7098/ZN -       A1->ZN R     NR2XD1BWP7T        2 25.5   254   184    1115    (-,-) 
  u_prbs_ber_top/inc_add_101_44_g519__5122/ZN -       A1->ZN F     ND2D2BWP7T         2 23.9   135   127    1241    (-,-) 
  u_prbs_ber_top/inc_add_101_44_g515__1617/ZN -       A1->ZN R     NR2D3BWP7T         2 21.6   194   145    1386    (-,-) 
  u_prbs_ber_top/inc_add_101_44_g510__8428/ZN -       A1->ZN F     ND2D1BWP7T         2 16.6   156   138    1524    (-,-) 
  u_prbs_ber_top/inc_add_101_44_g506__5107/ZN -       A1->ZN R     NR2D1BWP7T         2 21.7   425   287    1811    (-,-) 
  u_prbs_ber_top/inc_add_101_44_g493__5115/S  -       B->S   R     HA1D0BWP7T         1  8.2   180   375    2186    (-,-) 
  u_prbs_ber_top/g1163__5115/ZN               -       A1->ZN R     INR2D1BWP7T        1  9.3   322   257    2443    (-,-) 
  u_prbs_ber_top/error_count_reg[24]/D        -       -      R     DFKCNQD1BWP7T      1    -     -     0    2443    (-,-) 
#-------------------------------------------------------------------------------------------------------------------------



Path 34: MET (1461 ps) Setup Check with Pin u_prbs_ber_top/total_count_reg[14]/CP->D
           View: WCCOM.setup_view
          Group: clk
     Startpoint: (R) u_prbs_ber_top/total_count_reg[0]/CP
          Clock: (R) clk
       Endpoint: (R) u_prbs_ber_top/total_count_reg[14]/D
          Clock: (R) clk

                     Capture       Launch     
        Clock Edge:+    4000            0     
       Src Latency:+       0            0     
       Net Latency:+       0 (I)        0 (I) 
           Arrival:=    4000            0     
                                              
             Setup:-     174                  
     Required Time:=    3826                  
      Launch Clock:-       0                  
         Data Path:-    2365                  
             Slack:=    1461                  

#------------------------------------------------------------------------------------------------------------------------
#               Timing Point                 Flags    Arc   Edge     Cell       Fanout Load Trans Delay Arrival Instance 
#                                                                                      (fF)  (ps)  (ps)   (ps)  Location 
#------------------------------------------------------------------------------------------------------------------------
  u_prbs_ber_top/total_count_reg[0]/CP       -       -      R     (arrival)         32    -     0     0       0    (-,-) 
  u_prbs_ber_top/total_count_reg[0]/Q        -       CP->Q  R     DFKCNQD1BWP7T      6 38.2   335   469     469    (-,-) 
  u_prbs_ber_top/inc_add_99_40_g534__5107/ZN -       A1->ZN F     ND2D1BWP7T         3 23.7   216   195     664    (-,-) 
  u_prbs_ber_top/inc_add_99_40_g523__6161/ZN -       A1->ZN R     NR2XD1BWP7T        2 25.5   256   197     861    (-,-) 
  u_prbs_ber_top/inc_add_99_40_g522__4733/ZN -       A1->ZN F     ND3D2BWP7T         2 18.5   177   148    1008    (-,-) 
  u_prbs_ber_top/inc_add_99_40_g520__7482/ZN -       A1->ZN R     NR2XD1BWP7T        2 25.5   254   187    1196    (-,-) 
  u_prbs_ber_top/inc_add_99_40_g518__1881/ZN -       A1->ZN F     ND2D2BWP7T         2 24.2   136   127    1323    (-,-) 
  u_prbs_ber_top/inc_add_99_40_g517/ZN       -       I->ZN  R     INVD1BWP7T         2 20.4   195   152    1475    (-,-) 
  u_prbs_ber_top/inc_add_99_40_g513__5122/ZN -       A1->ZN R     INR2XD0BWP7T       1 14.7   302   287    1762    (-,-) 
  u_prbs_ber_top/inc_add_99_40_g502__5107/S  -       B->S   R     HA1D0BWP7T         1  8.2   178   346    2108    (-,-) 
  u_prbs_ber_top/g1125__6783/ZN              -       A1->ZN R     INR2D1BWP7T        1  9.3   322   256    2365    (-,-) 
  u_prbs_ber_top/total_count_reg[14]/D       -       -      R     DFKCNQD1BWP7T      1    -     -     0    2365    (-,-) 
#------------------------------------------------------------------------------------------------------------------------



Path 35: MET (1474 ps) Setup Check with Pin u_prbs_ber_top/total_count_reg[10]/CP->D
           View: WCCOM.setup_view
          Group: clk
     Startpoint: (R) u_prbs_ber_top/total_count_reg[0]/CP
          Clock: (R) clk
       Endpoint: (R) u_prbs_ber_top/total_count_reg[10]/D
          Clock: (R) clk

                     Capture       Launch     
        Clock Edge:+    4000            0     
       Src Latency:+       0            0     
       Net Latency:+       0 (I)        0 (I) 
           Arrival:=    4000            0     
                                              
             Setup:-     174                  
     Required Time:=    3826                  
      Launch Clock:-       0                  
         Data Path:-    2353                  
             Slack:=    1474                  

#------------------------------------------------------------------------------------------------------------------------
#               Timing Point                 Flags    Arc   Edge     Cell       Fanout Load Trans Delay Arrival Instance 
#                                                                                      (fF)  (ps)  (ps)   (ps)  Location 
#------------------------------------------------------------------------------------------------------------------------
  u_prbs_ber_top/total_count_reg[0]/CP       -       -      R     (arrival)         32    -     0     0       0    (-,-) 
  u_prbs_ber_top/total_count_reg[0]/Q        -       CP->Q  R     DFKCNQD1BWP7T      6 38.2   335   469     469    (-,-) 
  u_prbs_ber_top/inc_add_99_40_g534__5107/ZN -       A1->ZN F     ND2D1BWP7T         3 23.7   216   195     664    (-,-) 
  u_prbs_ber_top/inc_add_99_40_g523__6161/ZN -       A1->ZN R     NR2XD1BWP7T        2 25.5   256   197     861    (-,-) 
  u_prbs_ber_top/inc_add_99_40_g522__4733/ZN -       A1->ZN F     ND3D2BWP7T         2 18.5   177   148    1008    (-,-) 
  u_prbs_ber_top/inc_add_99_40_g520__7482/ZN -       A1->ZN R     NR2XD1BWP7T        2 25.5   254   187    1196    (-,-) 
  u_prbs_ber_top/inc_add_99_40_g508__3680/CO -       B->CO  R     HA1D0BWP7T         1 14.7   280   278    1474    (-,-) 
  u_prbs_ber_top/inc_add_99_40_g498__7410/CO -       B->CO  R     HA1D0BWP7T         1 14.7   280   281    1755    (-,-) 
  u_prbs_ber_top/inc_add_99_40_g487__6131/S  -       B->S   R     HA1D0BWP7T         1  8.2   178   341    2096    (-,-) 
  u_prbs_ber_top/g1119__2398/ZN              -       A1->ZN R     INR2D1BWP7T        1  9.3   322   256    2353    (-,-) 
  u_prbs_ber_top/total_count_reg[10]/D       -       -      R     DFKCNQD1BWP7T      1    -     -     0    2353    (-,-) 
#------------------------------------------------------------------------------------------------------------------------



Path 36: MET (1528 ps) Setup Check with Pin u_prbs_ber_top/total_count_reg[17]/CP->D
           View: WCCOM.setup_view
          Group: clk
     Startpoint: (R) u_prbs_ber_top/total_count_reg[0]/CP
          Clock: (R) clk
       Endpoint: (R) u_prbs_ber_top/total_count_reg[17]/D
          Clock: (R) clk

                     Capture       Launch     
        Clock Edge:+    4000            0     
       Src Latency:+       0            0     
       Net Latency:+       0 (I)        0 (I) 
           Arrival:=    4000            0     
                                              
             Setup:-     174                  
     Required Time:=    3826                  
      Launch Clock:-       0                  
         Data Path:-    2298                  
             Slack:=    1528                  

#------------------------------------------------------------------------------------------------------------------------
#               Timing Point                 Flags    Arc   Edge     Cell       Fanout Load Trans Delay Arrival Instance 
#                                                                                      (fF)  (ps)  (ps)   (ps)  Location 
#------------------------------------------------------------------------------------------------------------------------
  u_prbs_ber_top/total_count_reg[0]/CP       -       -      R     (arrival)         32    -     0     0       0    (-,-) 
  u_prbs_ber_top/total_count_reg[0]/Q        -       CP->Q  R     DFKCNQD1BWP7T      6 38.2   335   469     469    (-,-) 
  u_prbs_ber_top/inc_add_99_40_g534__5107/ZN -       A1->ZN F     ND2D1BWP7T         3 23.7   216   195     664    (-,-) 
  u_prbs_ber_top/inc_add_99_40_g523__6161/ZN -       A1->ZN R     NR2XD1BWP7T        2 25.5   256   197     861    (-,-) 
  u_prbs_ber_top/inc_add_99_40_g522__4733/ZN -       A1->ZN F     ND3D2BWP7T         2 18.5   177   148    1008    (-,-) 
  u_prbs_ber_top/inc_add_99_40_g520__7482/ZN -       A1->ZN R     NR2XD1BWP7T        2 25.5   254   187    1196    (-,-) 
  u_prbs_ber_top/inc_add_99_40_g518__1881/ZN -       A1->ZN F     ND2D2BWP7T         2 24.2   136   127    1323    (-,-) 
  u_prbs_ber_top/inc_add_99_40_g514__8246/ZN -       A1->ZN R     NR2XD2BWP7T        2 21.6   151   112    1435    (-,-) 
  u_prbs_ber_top/inc_add_99_40_g501__2398/CO -       B->CO  R     HA1D0BWP7T         1 14.7   280   266    1701    (-,-) 
  u_prbs_ber_top/inc_add_99_40_g490__7482/S  -       B->S   R     HA1D0BWP7T         1  8.2   178   341    2042    (-,-) 
  u_prbs_ber_top/g1161__6131/ZN              -       A1->ZN R     INR2D1BWP7T        1  9.3   322   256    2298    (-,-) 
  u_prbs_ber_top/total_count_reg[17]/D       -       -      R     DFKCNQD1BWP7T      1    -     -     0    2298    (-,-) 
#------------------------------------------------------------------------------------------------------------------------



Path 37: MET (1532 ps) Setup Check with Pin u_prbs_ber_top/total_count_reg[13]/CP->D
           View: WCCOM.setup_view
          Group: clk
     Startpoint: (R) u_prbs_ber_top/total_count_reg[0]/CP
          Clock: (R) clk
       Endpoint: (R) u_prbs_ber_top/total_count_reg[13]/D
          Clock: (R) clk

                     Capture       Launch     
        Clock Edge:+    4000            0     
       Src Latency:+       0            0     
       Net Latency:+       0 (I)        0 (I) 
           Arrival:=    4000            0     
                                              
             Setup:-     174                  
     Required Time:=    3826                  
      Launch Clock:-       0                  
         Data Path:-    2294                  
             Slack:=    1532                  

#------------------------------------------------------------------------------------------------------------------------
#               Timing Point                 Flags    Arc   Edge     Cell       Fanout Load Trans Delay Arrival Instance 
#                                                                                      (fF)  (ps)  (ps)   (ps)  Location 
#------------------------------------------------------------------------------------------------------------------------
  u_prbs_ber_top/total_count_reg[0]/CP       -       -      R     (arrival)         32    -     0     0       0    (-,-) 
  u_prbs_ber_top/total_count_reg[0]/Q        -       CP->Q  R     DFKCNQD1BWP7T      6 38.2   335   469     469    (-,-) 
  u_prbs_ber_top/inc_add_99_40_g534__5107/ZN -       A1->ZN F     ND2D1BWP7T         3 23.7   216   195     664    (-,-) 
  u_prbs_ber_top/inc_add_99_40_g523__6161/ZN -       A1->ZN R     NR2XD1BWP7T        2 25.5   256   197     861    (-,-) 
  u_prbs_ber_top/inc_add_99_40_g522__4733/ZN -       A1->ZN F     ND3D2BWP7T         2 18.5   177   148    1008    (-,-) 
  u_prbs_ber_top/inc_add_99_40_g520__7482/ZN -       A1->ZN R     NR2XD1BWP7T        2 25.5   254   187    1196    (-,-) 
  u_prbs_ber_top/inc_add_99_40_g518__1881/ZN -       A1->ZN F     ND2D2BWP7T         2 24.2   136   127    1323    (-,-) 
  u_prbs_ber_top/inc_add_99_40_g517/ZN       -       I->ZN  R     INVD1BWP7T         2 20.4   195   152    1475    (-,-) 
  u_prbs_ber_top/inc_add_99_40_g504__4319/CO -       B->CO  R     HA1D0BWP7T         1 11.7   233   244    1719    (-,-) 
  u_prbs_ber_top/inc_add_99_40_g500__5477/Z  -       A1->Z  R     CKXOR2D1BWP7T      1  8.2   125   328    2047    (-,-) 
  u_prbs_ber_top/g1124__5526/ZN              -       A1->ZN R     INR2D1BWP7T        1  9.3   322   247    2294    (-,-) 
  u_prbs_ber_top/total_count_reg[13]/D       -       -      R     DFKCNQD1BWP7T      1    -     -     0    2294    (-,-) 
#------------------------------------------------------------------------------------------------------------------------



Path 38: MET (1533 ps) Setup Check with Pin u_prbs_ber_top/total_count_reg[20]/CP->D
           View: WCCOM.setup_view
          Group: clk
     Startpoint: (R) u_prbs_ber_top/total_count_reg[0]/CP
          Clock: (R) clk
       Endpoint: (R) u_prbs_ber_top/total_count_reg[20]/D
          Clock: (R) clk

                     Capture       Launch     
        Clock Edge:+    4000            0     
       Src Latency:+       0            0     
       Net Latency:+       0 (I)        0 (I) 
           Arrival:=    4000            0     
                                              
             Setup:-     174                  
     Required Time:=    3826                  
      Launch Clock:-       0                  
         Data Path:-    2293                  
             Slack:=    1533                  

#------------------------------------------------------------------------------------------------------------------------
#               Timing Point                 Flags    Arc   Edge     Cell       Fanout Load Trans Delay Arrival Instance 
#                                                                                      (fF)  (ps)  (ps)   (ps)  Location 
#------------------------------------------------------------------------------------------------------------------------
  u_prbs_ber_top/total_count_reg[0]/CP       -       -      R     (arrival)         32    -     0     0       0    (-,-) 
  u_prbs_ber_top/total_count_reg[0]/Q        -       CP->Q  R     DFKCNQD1BWP7T      6 38.2   335   469     469    (-,-) 
  u_prbs_ber_top/inc_add_99_40_g534__5107/ZN -       A1->ZN F     ND2D1BWP7T         3 23.7   216   195     664    (-,-) 
  u_prbs_ber_top/inc_add_99_40_g523__6161/ZN -       A1->ZN R     NR2XD1BWP7T        2 25.5   256   197     861    (-,-) 
  u_prbs_ber_top/inc_add_99_40_g522__4733/ZN -       A1->ZN F     ND3D2BWP7T         2 18.5   177   148    1008    (-,-) 
  u_prbs_ber_top/inc_add_99_40_g520__7482/ZN -       A1->ZN R     NR2XD1BWP7T        2 25.5   254   187    1196    (-,-) 
  u_prbs_ber_top/inc_add_99_40_g518__1881/ZN -       A1->ZN F     ND2D2BWP7T         2 24.2   136   127    1323    (-,-) 
  u_prbs_ber_top/inc_add_99_40_g514__8246/ZN -       A1->ZN R     NR2XD2BWP7T        2 21.6   151   112    1435    (-,-) 
  u_prbs_ber_top/inc_add_99_40_g510__1617/ZN -       A1->ZN F     ND2D1BWP7T         2 16.6   156   129    1564    (-,-) 
  u_prbs_ber_top/inc_add_99_40_g509/ZN       -       I->ZN  R     INVD1BWP7T         2 20.1   194   156    1720    (-,-) 
  u_prbs_ber_top/inc_add_99_40_g497__1666/S  -       B->S   R     HA1D0BWP7T         1  8.2   178   316    2036    (-,-) 
  u_prbs_ber_top/g1131__8246/ZN              -       A1->ZN R     INR2D1BWP7T        1  9.3   322   256    2293    (-,-) 
  u_prbs_ber_top/total_count_reg[20]/D       -       -      R     DFKCNQD1BWP7T      1    -     -     0    2293    (-,-) 
#------------------------------------------------------------------------------------------------------------------------



Path 39: MET (1543 ps) Setup Check with Pin u_prbs_ber_top/error_count_reg[14]/CP->D
           View: WCCOM.setup_view
          Group: clk
     Startpoint: (R) u_prbs_ber_top/error_count_reg[0]/CP
          Clock: (R) clk
       Endpoint: (R) u_prbs_ber_top/error_count_reg[14]/D
          Clock: (R) clk

                     Capture       Launch     
        Clock Edge:+    4000            0     
       Src Latency:+       0            0     
       Net Latency:+       0 (I)        0 (I) 
           Arrival:=    4000            0     
                                              
             Setup:-     174                  
     Required Time:=    3826                  
      Launch Clock:-       0                  
         Data Path:-    2283                  
             Slack:=    1543                  

#-------------------------------------------------------------------------------------------------------------------------
#                Timing Point                 Flags    Arc   Edge     Cell       Fanout Load Trans Delay Arrival Instance 
#                                                                                       (fF)  (ps)  (ps)   (ps)  Location 
#-------------------------------------------------------------------------------------------------------------------------
  u_prbs_ber_top/error_count_reg[0]/CP        -       -      R     (arrival)         32    -     0     0       0    (-,-) 
  u_prbs_ber_top/error_count_reg[0]/Q         -       CP->Q  R     DFKCNQD1BWP7T      4 26.5   244   418     418    (-,-) 
  u_prbs_ber_top/inc_add_101_44_g535__7410/ZN -       A2->ZN F     ND2D1BWP7T         3 23.7   201   172     590    (-,-) 
  u_prbs_ber_top/inc_add_101_44_g524__1881/ZN -       A1->ZN R     NR2XD1BWP7T        2 25.5   255   193     783    (-,-) 
  u_prbs_ber_top/inc_add_101_44_g523__6131/ZN -       A1->ZN F     ND3D2BWP7T         2 18.5   165   148     930    (-,-) 
  u_prbs_ber_top/inc_add_101_44_g521__7098/ZN -       A1->ZN R     NR2XD1BWP7T        2 25.5   254   184    1115    (-,-) 
  u_prbs_ber_top/inc_add_101_44_g519__5122/ZN -       A1->ZN F     ND2D2BWP7T         2 23.9   135   127    1241    (-,-) 
  u_prbs_ber_top/inc_add_101_44_g518/ZN       -       I->ZN  R     INVD1BWP7T         2 20.4   195   152    1393    (-,-) 
  u_prbs_ber_top/inc_add_101_44_g513__3680/ZN -       A1->ZN R     INR2XD0BWP7T       1 14.7   301   287    1680    (-,-) 
  u_prbs_ber_top/inc_add_101_44_g502__7410/S  -       B->S   R     HA1D0BWP7T         1  8.2   178   346    2026    (-,-) 
  u_prbs_ber_top/g1138__6161/ZN               -       A1->ZN R     INR2D1BWP7T        1  9.3   322   256    2283    (-,-) 
  u_prbs_ber_top/error_count_reg[14]/D        -       -      R     DFKCNQD1BWP7T      1    -     -     0    2283    (-,-) 
#-------------------------------------------------------------------------------------------------------------------------



Path 40: MET (1555 ps) Setup Check with Pin u_prbs_ber_top/error_count_reg[10]/CP->D
           View: WCCOM.setup_view
          Group: clk
     Startpoint: (R) u_prbs_ber_top/error_count_reg[0]/CP
          Clock: (R) clk
       Endpoint: (R) u_prbs_ber_top/error_count_reg[10]/D
          Clock: (R) clk

                     Capture       Launch     
        Clock Edge:+    4000            0     
       Src Latency:+       0            0     
       Net Latency:+       0 (I)        0 (I) 
           Arrival:=    4000            0     
                                              
             Setup:-     174                  
     Required Time:=    3826                  
      Launch Clock:-       0                  
         Data Path:-    2272                  
             Slack:=    1555                  

#-------------------------------------------------------------------------------------------------------------------------
#                Timing Point                 Flags    Arc   Edge     Cell       Fanout Load Trans Delay Arrival Instance 
#                                                                                       (fF)  (ps)  (ps)   (ps)  Location 
#-------------------------------------------------------------------------------------------------------------------------
  u_prbs_ber_top/error_count_reg[0]/CP        -       -      R     (arrival)         32    -     0     0       0    (-,-) 
  u_prbs_ber_top/error_count_reg[0]/Q         -       CP->Q  R     DFKCNQD1BWP7T      4 26.5   244   418     418    (-,-) 
  u_prbs_ber_top/inc_add_101_44_g535__7410/ZN -       A2->ZN F     ND2D1BWP7T         3 23.7   201   172     590    (-,-) 
  u_prbs_ber_top/inc_add_101_44_g524__1881/ZN -       A1->ZN R     NR2XD1BWP7T        2 25.5   255   193     783    (-,-) 
  u_prbs_ber_top/inc_add_101_44_g523__6131/ZN -       A1->ZN F     ND3D2BWP7T         2 18.5   165   148     930    (-,-) 
  u_prbs_ber_top/inc_add_101_44_g521__7098/ZN -       A1->ZN R     NR2XD1BWP7T        2 25.5   254   184    1115    (-,-) 
  u_prbs_ber_top/inc_add_101_44_g508__4319/CO -       B->CO  R     HA1D0BWP7T         1 14.7   279   278    1393    (-,-) 
  u_prbs_ber_top/inc_add_101_44_g498__9945/CO -       B->CO  R     HA1D0BWP7T         1 14.7   279   281    1674    (-,-) 
  u_prbs_ber_top/inc_add_101_44_g487__1705/S  -       B->S   R     HA1D0BWP7T         1  8.2   178   341    2015    (-,-) 
  u_prbs_ber_top/g1142__2346/ZN               -       A1->ZN R     INR2D1BWP7T        1  9.3   322   256    2271    (-,-) 
  u_prbs_ber_top/error_count_reg[10]/D        -       -      R     DFKCNQD1BWP7T      1    -     -     0    2272    (-,-) 
#-------------------------------------------------------------------------------------------------------------------------



Path 41: MET (1572 ps) Setup Check with Pin u_prbs_ber_top/error_count_reg[17]/CP->D
           View: WCCOM.setup_view
          Group: clk
     Startpoint: (R) u_prbs_ber_top/error_count_reg[0]/CP
          Clock: (R) clk
       Endpoint: (R) u_prbs_ber_top/error_count_reg[17]/D
          Clock: (R) clk

                     Capture       Launch     
        Clock Edge:+    4000            0     
       Src Latency:+       0            0     
       Net Latency:+       0 (I)        0 (I) 
           Arrival:=    4000            0     
                                              
             Setup:-     174                  
     Required Time:=    3826                  
      Launch Clock:-       0                  
         Data Path:-    2254                  
             Slack:=    1572                  

#-------------------------------------------------------------------------------------------------------------------------
#                Timing Point                 Flags    Arc   Edge     Cell       Fanout Load Trans Delay Arrival Instance 
#                                                                                       (fF)  (ps)  (ps)   (ps)  Location 
#-------------------------------------------------------------------------------------------------------------------------
  u_prbs_ber_top/error_count_reg[0]/CP        -       -      R     (arrival)         32    -     0     0       0    (-,-) 
  u_prbs_ber_top/error_count_reg[0]/Q         -       CP->Q  R     DFKCNQD1BWP7T      4 26.5   244   418     418    (-,-) 
  u_prbs_ber_top/inc_add_101_44_g535__7410/ZN -       A2->ZN F     ND2D1BWP7T         3 23.7   201   172     590    (-,-) 
  u_prbs_ber_top/inc_add_101_44_g524__1881/ZN -       A1->ZN R     NR2XD1BWP7T        2 25.5   255   193     783    (-,-) 
  u_prbs_ber_top/inc_add_101_44_g523__6131/ZN -       A1->ZN F     ND3D2BWP7T         2 18.5   165   148     930    (-,-) 
  u_prbs_ber_top/inc_add_101_44_g521__7098/ZN -       A1->ZN R     NR2XD1BWP7T        2 25.5   254   184    1115    (-,-) 
  u_prbs_ber_top/inc_add_101_44_g519__5122/ZN -       A1->ZN F     ND2D2BWP7T         2 23.9   135   127    1241    (-,-) 
  u_prbs_ber_top/inc_add_101_44_g515__1617/ZN -       A1->ZN R     NR2D3BWP7T         2 21.6   194   145    1386    (-,-) 
  u_prbs_ber_top/inc_add_101_44_g501__1666/CO -       B->CO  R     HA1D0BWP7T         1 14.7   279   271    1657    (-,-) 
  u_prbs_ber_top/inc_add_101_44_g490__7098/S  -       B->S   R     HA1D0BWP7T         1  8.2   178   341    1998    (-,-) 
  u_prbs_ber_top/g1153__6783/ZN               -       A1->ZN R     INR2D1BWP7T        1  9.3   322   256    2254    (-,-) 
  u_prbs_ber_top/error_count_reg[17]/D        -       -      R     DFKCNQD1BWP7T      1    -     -     0    2254    (-,-) 
#-------------------------------------------------------------------------------------------------------------------------



Path 42: MET (1573 ps) Setup Check with Pin u_prbs_ber_top/error_count_reg[20]/CP->D
           View: WCCOM.setup_view
          Group: clk
     Startpoint: (R) u_prbs_ber_top/error_count_reg[0]/CP
          Clock: (R) clk
       Endpoint: (R) u_prbs_ber_top/error_count_reg[20]/D
          Clock: (R) clk

                     Capture       Launch     
        Clock Edge:+    4000            0     
       Src Latency:+       0            0     
       Net Latency:+       0 (I)        0 (I) 
           Arrival:=    4000            0     
                                              
             Setup:-     174                  
     Required Time:=    3826                  
      Launch Clock:-       0                  
         Data Path:-    2253                  
             Slack:=    1573                  

#-------------------------------------------------------------------------------------------------------------------------
#                Timing Point                 Flags    Arc   Edge     Cell       Fanout Load Trans Delay Arrival Instance 
#                                                                                       (fF)  (ps)  (ps)   (ps)  Location 
#-------------------------------------------------------------------------------------------------------------------------
  u_prbs_ber_top/error_count_reg[0]/CP        -       -      R     (arrival)         32    -     0     0       0    (-,-) 
  u_prbs_ber_top/error_count_reg[0]/Q         -       CP->Q  R     DFKCNQD1BWP7T      4 26.5   244   418     418    (-,-) 
  u_prbs_ber_top/inc_add_101_44_g535__7410/ZN -       A2->ZN F     ND2D1BWP7T         3 23.7   201   172     590    (-,-) 
  u_prbs_ber_top/inc_add_101_44_g524__1881/ZN -       A1->ZN R     NR2XD1BWP7T        2 25.5   255   193     783    (-,-) 
  u_prbs_ber_top/inc_add_101_44_g523__6131/ZN -       A1->ZN F     ND3D2BWP7T         2 18.5   165   148     930    (-,-) 
  u_prbs_ber_top/inc_add_101_44_g521__7098/ZN -       A1->ZN R     NR2XD1BWP7T        2 25.5   254   184    1115    (-,-) 
  u_prbs_ber_top/inc_add_101_44_g519__5122/ZN -       A1->ZN F     ND2D2BWP7T         2 23.9   135   127    1241    (-,-) 
  u_prbs_ber_top/inc_add_101_44_g515__1617/ZN -       A1->ZN R     NR2D3BWP7T         2 21.6   194   145    1386    (-,-) 
  u_prbs_ber_top/inc_add_101_44_g510__8428/ZN -       A1->ZN F     ND2D1BWP7T         2 16.6   156   138    1524    (-,-) 
  u_prbs_ber_top/inc_add_101_44_g509/ZN       -       I->ZN  R     INVD1BWP7T         2 20.1   194   156    1681    (-,-) 
  u_prbs_ber_top/inc_add_101_44_g497__9315/S  -       B->S   R     HA1D0BWP7T         1  8.2   178   316    1997    (-,-) 
  u_prbs_ber_top/g1158__5122/ZN               -       A1->ZN R     INR2D1BWP7T        1  9.3   322   256    2253    (-,-) 
  u_prbs_ber_top/error_count_reg[20]/D        -       -      R     DFKCNQD1BWP7T      1    -     -     0    2253    (-,-) 
#-------------------------------------------------------------------------------------------------------------------------



Path 43: MET (1615 ps) Setup Check with Pin u_prbs_ber_top/error_count_reg[13]/CP->D
           View: WCCOM.setup_view
          Group: clk
     Startpoint: (R) u_prbs_ber_top/error_count_reg[0]/CP
          Clock: (R) clk
       Endpoint: (R) u_prbs_ber_top/error_count_reg[13]/D
          Clock: (R) clk

                     Capture       Launch     
        Clock Edge:+    4000            0     
       Src Latency:+       0            0     
       Net Latency:+       0 (I)        0 (I) 
           Arrival:=    4000            0     
                                              
             Setup:-     174                  
     Required Time:=    3826                  
      Launch Clock:-       0                  
         Data Path:-    2212                  
             Slack:=    1615                  

#-------------------------------------------------------------------------------------------------------------------------
#                Timing Point                 Flags    Arc   Edge     Cell       Fanout Load Trans Delay Arrival Instance 
#                                                                                       (fF)  (ps)  (ps)   (ps)  Location 
#-------------------------------------------------------------------------------------------------------------------------
  u_prbs_ber_top/error_count_reg[0]/CP        -       -      R     (arrival)         32    -     0     0       0    (-,-) 
  u_prbs_ber_top/error_count_reg[0]/Q         -       CP->Q  R     DFKCNQD1BWP7T      4 26.5   244   418     418    (-,-) 
  u_prbs_ber_top/inc_add_101_44_g535__7410/ZN -       A2->ZN F     ND2D1BWP7T         3 23.7   201   172     590    (-,-) 
  u_prbs_ber_top/inc_add_101_44_g524__1881/ZN -       A1->ZN R     NR2XD1BWP7T        2 25.5   255   193     783    (-,-) 
  u_prbs_ber_top/inc_add_101_44_g523__6131/ZN -       A1->ZN F     ND3D2BWP7T         2 18.5   165   148     930    (-,-) 
  u_prbs_ber_top/inc_add_101_44_g521__7098/ZN -       A1->ZN R     NR2XD1BWP7T        2 25.5   254   184    1115    (-,-) 
  u_prbs_ber_top/inc_add_101_44_g519__5122/ZN -       A1->ZN F     ND2D2BWP7T         2 23.9   135   127    1241    (-,-) 
  u_prbs_ber_top/inc_add_101_44_g518/ZN       -       I->ZN  R     INVD1BWP7T         2 20.4   195   152    1393    (-,-) 
  u_prbs_ber_top/inc_add_101_44_g504__5477/CO -       B->CO  R     HA1D0BWP7T         1 11.7   232   244    1637    (-,-) 
  u_prbs_ber_top/inc_add_101_44_g500__2346/Z  -       A1->Z  R     CKXOR2D1BWP7T      1  8.2   125   327    1964    (-,-) 
  u_prbs_ber_top/g1147__2398/ZN               -       A1->ZN R     INR2D1BWP7T        1  9.3   322   247    2211    (-,-) 
  u_prbs_ber_top/error_count_reg[13]/D        -       -      R     DFKCNQD1BWP7T      1    -     -     0    2212    (-,-) 
#-------------------------------------------------------------------------------------------------------------------------



Path 44: MET (1721 ps) Clock Gating Setup Check at cgic pin u_prbs_ber_top/CLKGATE_RC_CG_HIER_INST5/RC_CGIC_INST/E
           View: WCCOM.setup_view
          Group: cg_enable_group_clk
     Startpoint: (R) u_measure_ctrl/clear_count_pulse_reg/CP
          Clock: (R) clk
       Endpoint: (R) u_prbs_ber_top/CLKGATE_RC_CG_HIER_INST5/RC_CGIC_INST/E
          Clock: (R) clk

                     Capture       Launch     
        Clock Edge:+    4000            0     
       Src Latency:+       0            0     
       Net Latency:+       0 (I)        0 (I) 
           Arrival:=    4000            0     
                                              
  Gate Check Setup:-     290                  
     Required Time:=    3710                  
      Launch Clock:-       0                  
         Data Path:-    1990                  
             Slack:=    1721                  

#-------------------------------------------------------------------------------------------------------------------------------------
#                     Timing Point                       Flags    Arc   Edge     Cell       Fanout  Load Trans Delay Arrival Instance 
#                                                                                                   (fF)  (ps)  (ps)   (ps)  Location 
#-------------------------------------------------------------------------------------------------------------------------------------
  u_measure_ctrl/clear_count_pulse_reg/CP                -       -      R     (arrival)         16     -     0     0       0    (-,-) 
  u_measure_ctrl/clear_count_pulse_reg/Q                 -       CP->Q  R     DFKCNQD1BWP7T      1   9.1   110   341     341    (-,-) 
  g6__6417/Z                                             -       A2->Z  R     OR2D2BWP7T        65 443.1  1767  1134    1476    (-,-) 
  u_prbs_ber_top/g663__7410/ZN                           -       A1->ZN R     IND2D1BWP7T        2  15.6   196   308    1783    (-,-) 
  u_prbs_ber_top/g661__2346/Z                            -       A2->Z  R     OR2D1BWP7T         1   9.1   112   206    1989    (-,-) 
  u_prbs_ber_top/CLKGATE_RC_CG_HIER_INST5/RC_CGIC_INST/E -       -      R     CKLNQD1BWP7T       1     -     -     0    1990    (-,-) 
#-------------------------------------------------------------------------------------------------------------------------------------



Path 45: MET (1755 ps) Setup Check with Pin u_prbs_ber_top/total_count_reg[9]/CP->D
           View: WCCOM.setup_view
          Group: clk
     Startpoint: (R) u_prbs_ber_top/total_count_reg[0]/CP
          Clock: (R) clk
       Endpoint: (R) u_prbs_ber_top/total_count_reg[9]/D
          Clock: (R) clk

                     Capture       Launch     
        Clock Edge:+    4000            0     
       Src Latency:+       0            0     
       Net Latency:+       0 (I)        0 (I) 
           Arrival:=    4000            0     
                                              
             Setup:-     174                  
     Required Time:=    3826                  
      Launch Clock:-       0                  
         Data Path:-    2071                  
             Slack:=    1755                  

#------------------------------------------------------------------------------------------------------------------------
#               Timing Point                 Flags    Arc   Edge     Cell       Fanout Load Trans Delay Arrival Instance 
#                                                                                      (fF)  (ps)  (ps)   (ps)  Location 
#------------------------------------------------------------------------------------------------------------------------
  u_prbs_ber_top/total_count_reg[0]/CP       -       -      R     (arrival)         32    -     0     0       0    (-,-) 
  u_prbs_ber_top/total_count_reg[0]/Q        -       CP->Q  R     DFKCNQD1BWP7T      6 38.2   335   469     469    (-,-) 
  u_prbs_ber_top/inc_add_99_40_g534__5107/ZN -       A1->ZN F     ND2D1BWP7T         3 23.7   216   195     664    (-,-) 
  u_prbs_ber_top/inc_add_99_40_g523__6161/ZN -       A1->ZN R     NR2XD1BWP7T        2 25.5   256   197     861    (-,-) 
  u_prbs_ber_top/inc_add_99_40_g522__4733/ZN -       A1->ZN F     ND3D2BWP7T         2 18.5   177   148    1008    (-,-) 
  u_prbs_ber_top/inc_add_99_40_g520__7482/ZN -       A1->ZN R     NR2XD1BWP7T        2 25.5   254   187    1196    (-,-) 
  u_prbs_ber_top/inc_add_99_40_g508__3680/CO -       B->CO  R     HA1D0BWP7T         1 14.7   280   278    1474    (-,-) 
  u_prbs_ber_top/inc_add_99_40_g498__7410/S  -       B->S   R     HA1D0BWP7T         1  8.2   178   341    1815    (-,-) 
  u_prbs_ber_top/g1118__5477/ZN              -       A1->ZN R     INR2D1BWP7T        1  9.3   322   256    2071    (-,-) 
  u_prbs_ber_top/total_count_reg[9]/D        -       -      R     DFKCNQD1BWP7T      1    -     -     0    2071    (-,-) 
#------------------------------------------------------------------------------------------------------------------------



Path 46: MET (1778 ps) Setup Check with Pin u_prbs_ber_top/total_count_reg[12]/CP->D
           View: WCCOM.setup_view
          Group: clk
     Startpoint: (R) u_prbs_ber_top/total_count_reg[0]/CP
          Clock: (R) clk
       Endpoint: (R) u_prbs_ber_top/total_count_reg[12]/D
          Clock: (R) clk

                     Capture       Launch     
        Clock Edge:+    4000            0     
       Src Latency:+       0            0     
       Net Latency:+       0 (I)        0 (I) 
           Arrival:=    4000            0     
                                              
             Setup:-     174                  
     Required Time:=    3826                  
      Launch Clock:-       0                  
         Data Path:-    2048                  
             Slack:=    1778                  

#------------------------------------------------------------------------------------------------------------------------
#               Timing Point                 Flags    Arc   Edge     Cell       Fanout Load Trans Delay Arrival Instance 
#                                                                                      (fF)  (ps)  (ps)   (ps)  Location 
#------------------------------------------------------------------------------------------------------------------------
  u_prbs_ber_top/total_count_reg[0]/CP       -       -      R     (arrival)         32    -     0     0       0    (-,-) 
  u_prbs_ber_top/total_count_reg[0]/Q        -       CP->Q  R     DFKCNQD1BWP7T      6 38.2   335   469     469    (-,-) 
  u_prbs_ber_top/inc_add_99_40_g534__5107/ZN -       A1->ZN F     ND2D1BWP7T         3 23.7   216   195     664    (-,-) 
  u_prbs_ber_top/inc_add_99_40_g523__6161/ZN -       A1->ZN R     NR2XD1BWP7T        2 25.5   256   197     861    (-,-) 
  u_prbs_ber_top/inc_add_99_40_g522__4733/ZN -       A1->ZN F     ND3D2BWP7T         2 18.5   177   148    1008    (-,-) 
  u_prbs_ber_top/inc_add_99_40_g520__7482/ZN -       A1->ZN R     NR2XD1BWP7T        2 25.5   254   187    1196    (-,-) 
  u_prbs_ber_top/inc_add_99_40_g518__1881/ZN -       A1->ZN F     ND2D2BWP7T         2 24.2   136   127    1323    (-,-) 
  u_prbs_ber_top/inc_add_99_40_g517/ZN       -       I->ZN  R     INVD1BWP7T         2 20.4   195   152    1475    (-,-) 
  u_prbs_ber_top/inc_add_99_40_g504__4319/S  -       B->S   R     HA1D0BWP7T         1  8.2   178   317    1792    (-,-) 
  u_prbs_ber_top/g1123__8428/ZN              -       A1->ZN R     INR2D1BWP7T        1  9.3   322   256    2048    (-,-) 
  u_prbs_ber_top/total_count_reg[12]/D       -       -      R     DFKCNQD1BWP7T      1    -     -     0    2048    (-,-) 
#------------------------------------------------------------------------------------------------------------------------



Path 47: MET (1793 ps) Setup Check with Pin u_measure_ctrl/overflow_q_reg/CP->E
           View: WCCOM.setup_view
          Group: clk
     Startpoint: (R) u_measure_ctrl/busy_q_reg/CP
          Clock: (R) clk
       Endpoint: (R) u_measure_ctrl/overflow_q_reg/E
          Clock: (R) clk

                     Capture       Launch     
        Clock Edge:+    4000            0     
       Src Latency:+       0            0     
       Net Latency:+       0 (I)        0 (I) 
           Arrival:=    4000            0     
                                              
             Setup:-     448                  
     Required Time:=    3552                  
      Launch Clock:-       0                  
         Data Path:-    1759                  
             Slack:=    1793                  

#--------------------------------------------------------------------------------------------------------------
#          Timing Point           Flags    Arc   Edge      Cell       Fanout Load Trans Delay Arrival Instance 
#                                                                            (fF)  (ps)  (ps)   (ps)  Location 
#--------------------------------------------------------------------------------------------------------------
  u_measure_ctrl/busy_q_reg/CP    -       -      R     (arrival)           3    -     0     0       0    (-,-) 
  u_measure_ctrl/busy_q_reg/Q     -       CP->Q  R     DFXD0BWP7T          8 50.7   850   753     753    (-,-) 
  u_measure_ctrl/g918__6131/ZN    -       A3->ZN F     ND3D0BWP7T          1  8.9   309   257    1010    (-,-) 
  u_measure_ctrl/g908__8428/ZN    -       A3->ZN R     NR4D0BWP7T          1  9.9   547   450    1460    (-,-) 
  u_measure_ctrl/g902__5477/Z     -       A2->Z  R     AO31D1BWP7T         1 10.8   146   298    1759    (-,-) 
  u_measure_ctrl/overflow_q_reg/E -       -      R     EDFKCNQD1BWP7T      1    -     -     0    1759    (-,-) 
#--------------------------------------------------------------------------------------------------------------



Path 48: MET (1831 ps) Setup Check with Pin u_prbs_ber_top/total_count_reg[16]/CP->D
           View: WCCOM.setup_view
          Group: clk
     Startpoint: (R) u_prbs_ber_top/total_count_reg[0]/CP
          Clock: (R) clk
       Endpoint: (R) u_prbs_ber_top/total_count_reg[16]/D
          Clock: (R) clk

                     Capture       Launch     
        Clock Edge:+    4000            0     
       Src Latency:+       0            0     
       Net Latency:+       0 (I)        0 (I) 
           Arrival:=    4000            0     
                                              
             Setup:-     174                  
     Required Time:=    3826                  
      Launch Clock:-       0                  
         Data Path:-    1995                  
             Slack:=    1831                  

#------------------------------------------------------------------------------------------------------------------------
#               Timing Point                 Flags    Arc   Edge     Cell       Fanout Load Trans Delay Arrival Instance 
#                                                                                      (fF)  (ps)  (ps)   (ps)  Location 
#------------------------------------------------------------------------------------------------------------------------
  u_prbs_ber_top/total_count_reg[0]/CP       -       -      R     (arrival)         32    -     0     0       0    (-,-) 
  u_prbs_ber_top/total_count_reg[0]/Q        -       CP->Q  R     DFKCNQD1BWP7T      6 38.2   335   469     469    (-,-) 
  u_prbs_ber_top/inc_add_99_40_g534__5107/ZN -       A1->ZN F     ND2D1BWP7T         3 23.7   216   195     664    (-,-) 
  u_prbs_ber_top/inc_add_99_40_g523__6161/ZN -       A1->ZN R     NR2XD1BWP7T        2 25.5   256   197     861    (-,-) 
  u_prbs_ber_top/inc_add_99_40_g522__4733/ZN -       A1->ZN F     ND3D2BWP7T         2 18.5   177   148    1008    (-,-) 
  u_prbs_ber_top/inc_add_99_40_g520__7482/ZN -       A1->ZN R     NR2XD1BWP7T        2 25.5   254   187    1196    (-,-) 
  u_prbs_ber_top/inc_add_99_40_g518__1881/ZN -       A1->ZN F     ND2D2BWP7T         2 24.2   136   127    1323    (-,-) 
  u_prbs_ber_top/inc_add_99_40_g514__8246/ZN -       A1->ZN R     NR2XD2BWP7T        2 21.6   151   112    1435    (-,-) 
  u_prbs_ber_top/inc_add_99_40_g501__2398/S  -       B->S   R     HA1D0BWP7T         1  8.2   178   304    1739    (-,-) 
  u_prbs_ber_top/g1170__2346/ZN              -       A1->ZN R     INR2D1BWP7T        1  9.3   322   256    1995    (-,-) 
  u_prbs_ber_top/total_count_reg[16]/D       -       -      R     DFKCNQD1BWP7T      1    -     -     0    1995    (-,-) 
#------------------------------------------------------------------------------------------------------------------------



Path 49: MET (1836 ps) Setup Check with Pin u_prbs_ber_top/error_count_reg[9]/CP->D
           View: WCCOM.setup_view
          Group: clk
     Startpoint: (R) u_prbs_ber_top/error_count_reg[0]/CP
          Clock: (R) clk
       Endpoint: (R) u_prbs_ber_top/error_count_reg[9]/D
          Clock: (R) clk

                     Capture       Launch     
        Clock Edge:+    4000            0     
       Src Latency:+       0            0     
       Net Latency:+       0 (I)        0 (I) 
           Arrival:=    4000            0     
                                              
             Setup:-     174                  
     Required Time:=    3826                  
      Launch Clock:-       0                  
         Data Path:-    1990                  
             Slack:=    1836                  

#-------------------------------------------------------------------------------------------------------------------------
#                Timing Point                 Flags    Arc   Edge     Cell       Fanout Load Trans Delay Arrival Instance 
#                                                                                       (fF)  (ps)  (ps)   (ps)  Location 
#-------------------------------------------------------------------------------------------------------------------------
  u_prbs_ber_top/error_count_reg[0]/CP        -       -      R     (arrival)         32    -     0     0       0    (-,-) 
  u_prbs_ber_top/error_count_reg[0]/Q         -       CP->Q  R     DFKCNQD1BWP7T      4 26.5   244   418     418    (-,-) 
  u_prbs_ber_top/inc_add_101_44_g535__7410/ZN -       A2->ZN F     ND2D1BWP7T         3 23.7   201   172     590    (-,-) 
  u_prbs_ber_top/inc_add_101_44_g524__1881/ZN -       A1->ZN R     NR2XD1BWP7T        2 25.5   255   193     783    (-,-) 
  u_prbs_ber_top/inc_add_101_44_g523__6131/ZN -       A1->ZN F     ND3D2BWP7T         2 18.5   165   148     930    (-,-) 
  u_prbs_ber_top/inc_add_101_44_g521__7098/ZN -       A1->ZN R     NR2XD1BWP7T        2 25.5   254   184    1115    (-,-) 
  u_prbs_ber_top/inc_add_101_44_g508__4319/CO -       B->CO  R     HA1D0BWP7T         1 14.7   279   278    1393    (-,-) 
  u_prbs_ber_top/inc_add_101_44_g498__9945/S  -       B->S   R     HA1D0BWP7T         1  8.2   178   341    1734    (-,-) 
  u_prbs_ber_top/g1143__1666/ZN               -       A1->ZN R     INR2D1BWP7T        1  9.3   322   256    1990    (-,-) 
  u_prbs_ber_top/error_count_reg[9]/D         -       -      R     DFKCNQD1BWP7T      1    -     -     0    1990    (-,-) 
#-------------------------------------------------------------------------------------------------------------------------



Path 50: MET (1861 ps) Setup Check with Pin u_prbs_ber_top/error_count_reg[12]/CP->D
           View: WCCOM.setup_view
          Group: clk
     Startpoint: (R) u_prbs_ber_top/error_count_reg[0]/CP
          Clock: (R) clk
       Endpoint: (R) u_prbs_ber_top/error_count_reg[12]/D
          Clock: (R) clk

                     Capture       Launch     
        Clock Edge:+    4000            0     
       Src Latency:+       0            0     
       Net Latency:+       0 (I)        0 (I) 
           Arrival:=    4000            0     
                                              
             Setup:-     174                  
     Required Time:=    3826                  
      Launch Clock:-       0                  
         Data Path:-    1966                  
             Slack:=    1861                  

#-------------------------------------------------------------------------------------------------------------------------
#                Timing Point                 Flags    Arc   Edge     Cell       Fanout Load Trans Delay Arrival Instance 
#                                                                                       (fF)  (ps)  (ps)   (ps)  Location 
#-------------------------------------------------------------------------------------------------------------------------
  u_prbs_ber_top/error_count_reg[0]/CP        -       -      R     (arrival)         32    -     0     0       0    (-,-) 
  u_prbs_ber_top/error_count_reg[0]/Q         -       CP->Q  R     DFKCNQD1BWP7T      4 26.5   244   418     418    (-,-) 
  u_prbs_ber_top/inc_add_101_44_g535__7410/ZN -       A2->ZN F     ND2D1BWP7T         3 23.7   201   172     590    (-,-) 
  u_prbs_ber_top/inc_add_101_44_g524__1881/ZN -       A1->ZN R     NR2XD1BWP7T        2 25.5   255   193     783    (-,-) 
  u_prbs_ber_top/inc_add_101_44_g523__6131/ZN -       A1->ZN F     ND3D2BWP7T         2 18.5   165   148     930    (-,-) 
  u_prbs_ber_top/inc_add_101_44_g521__7098/ZN -       A1->ZN R     NR2XD1BWP7T        2 25.5   254   184    1115    (-,-) 
  u_prbs_ber_top/inc_add_101_44_g519__5122/ZN -       A1->ZN F     ND2D2BWP7T         2 23.9   135   127    1241    (-,-) 
  u_prbs_ber_top/inc_add_101_44_g518/ZN       -       I->ZN  R     INVD1BWP7T         2 20.4   195   152    1393    (-,-) 
  u_prbs_ber_top/inc_add_101_44_g504__5477/S  -       B->S   R     HA1D0BWP7T         1  8.2   178   316    1709    (-,-) 
  u_prbs_ber_top/g1146__5477/ZN               -       A1->ZN R     INR2D1BWP7T        1  9.3   322   256    1966    (-,-) 
  u_prbs_ber_top/error_count_reg[12]/D        -       -      R     DFKCNQD1BWP7T      1    -     -     0    1966    (-,-) 
#-------------------------------------------------------------------------------------------------------------------------

