//  v2lvs v2024.3_16.10    Tue Jul 9 11:27:02 PDT 2024
//
//  Copyright (c) 1992, 1993 Regents of the University of California
//         All rights reserved.
//
//                   Copyright Siemens 1996-2024
//                       All Rights Reserved.
//   THIS WORK CONTAINS TRADE SECRET AND PROPRIETARY INFORMATION
//      WHICH IS THE PROPERTY OF MENTOR GRAPHICS CORPORATION
//        OR ITS LICENSORS AND IS SUBJECT TO LICENSE TERMS.
//
//  The registered trademark Linux is used pursuant to a sublicense from LMI, the
//  exclusive licensee of Linus Torvalds, owner of the mark on a world-wide basis.
//
//  Mentor Graphics software executing under x86-64 Linux
//
//  Running on Linux eeapps01.labidm.seas.ucla.edu (164.67.100.241) 4.18.0-553.85.1.el8_10.x86_64 #1 SMP Thu Nov 13 12:55:12 EST 2025 x86_64 glibc 2.28/NPTL 2.28
//  OS: Red Hat Enterprise Linux release 8.10 (Ootpa)[4.18.0-553.85.1.el8_10.x86_64]
//
//  Entries in /proc/meminfo:
//
//  MemTotal:       65319636 kB
//  MemFree:        49535872 kB
//  MemAvailable:   59812792 kB
//  Buffers:          272464 kB
//  Cached:         10302088 kB
//  SwapCached:            0 kB
//  Active:          8499220 kB
//  Inactive:        6244932 kB
//  Active(anon):      10512 kB
//  Inactive(anon):  4188824 kB
//  Active(file):    8488708 kB
//  Inactive(file):  2056108 kB
//  Unevictable:          56 kB
//  Mlocked:              56 kB
//  SwapTotal:       8388604 kB
//  SwapFree:        8388604 kB
//  Dirty:               160 kB
//  Writeback:             0 kB
//  AnonPages:       4164564 kB
//  Mapped:          1156580 kB
//  Shmem:             29772 kB
//  KReclaimable:     399392 kB
//  Slab:             657788 kB
//  SReclaimable:     399392 kB
//  SUnreclaim:       258396 kB
//  KernelStack:       12688 kB
//  PageTables:        60520 kB
//  NFS_Unstable:          0 kB
//  Bounce:                0 kB
//  WritebackTmp:          0 kB
//  CommitLimit:    41048420 kB
//  Committed_AS:    7303668 kB
//  VmallocTotal:   34359738367 kB
//  VmallocUsed:      143452 kB
//  VmallocChunk:          0 kB
//  Percpu:            36992 kB
//  HardwareCorrupted:     0 kB
//  AnonHugePages:   3039232 kB
//  ShmemHugePages:        0 kB
//  ShmemPmdMapped:        0 kB
//  FileHugePages:         0 kB
//  FilePmdMapped:         0 kB
//  HugePages_Total:       0
//  HugePages_Free:        0
//  HugePages_Rsvd:        0
//  HugePages_Surp:        0
//  Hugepagesize:       2048 kB
//  Hugetlb:               0 kB
//  DirectMap4k:      541416 kB
//  DirectMap2M:    20334592 kB
//  DirectMap1G:    48234496 kB
//
//  User limits:
//
//  Data size: unlimited
//  RSS: unlimited
//  Stack size: 8192 kB
//  Max user processes: 254923
//  VM: unlimited
//  Current active profile: throughput-performance
//  net.netfilter.nf_conntrack_max: 262144
//  vm.max_map_count: 65530
//  vm.overcommit_memory: 0
//  kernel.pid_max: 4194304
//
WARNING: Please increase descriptors limit for best performance (1024)
//
//  Processor Intel(R) Xeon(R) CPU E5-2630 v3 @ 2.40GHz [06632] (4th generation)
//  CPU Info: Cores = 16, SMT enabled with 16 additional virtual processors
//  Max file descriptors: 1024
//  64 bit virtual addressing enabled
//  Running aok_cal_2024.3_16.10/pkgs/icv/pvt/v2lvs -v prbs_ber_pad_top.lvs.v -l /w/class.1/ee/ee209b/ee209bta/TSMC180PDK/Standard_Cells_and_IO/180_G_Standard_Cell/core_cell_library/core_cell_library/7-track/tcb018gbwp7t_290a/TSMCHOME/digital/Front_End/verilog/tcb018gbwp7t_270a/tcb018gbwp7t.v -o prbs_ber_pad_top.spi -s /w/class.1/ee/ee209b/ee209bta/TSMC180PDK/Standard_Cells_and_IO/180_G_Standard_Cell/core_cell_library/core_cell_library/7-track/tcb018gbwp7t_290a/TSMCHOME/digital/Back_End/spice/tcb018gbwp7t_270a/tcb018gbwp7t_270a.spi -s1 VDD -s0 VSS -a <
//  Process ID: 737810
//
//  Starting time: Sun May  3 13:37:45 2026
//

--- CALIBRE_* ENVIRONMENT VARIABLES:

CALIBRE_ATOMIC_LVHEAP=0
CALIBRE_HOME=/w/apps4/Mentor/Calibre/2024.3_16.10/aok_cal_2024.3_16.10
CALIBRE_READDB_LD_LIBRARY_PATH=/w/apps4/Mentor/Calibre/2024.3_16.10/aok_cal_2024.3_16.10/pkgs/icv/julia/1.5/lib/julia:/w/apps4/Mentor/Calibre/2024.3_16.10/aok_cal_2024.3_16.10/pkgs/icv/julia/1.5/lib:/w/apps4/Mentor/Calibre/2024.3_16.10/aok_cal_2024.3_16.10/shared/pkgs/icv/tools/calibre_client/lib/64:/w/apps4/Mentor/Calibre/2024.3_16.10/aok_cal_2024.3_16.10/pkgs/calibre_base/lib64:/w/apps4/Mentor/Calibre/2024.3_16.10/aok_cal_2024.3_16.10/pkgs/icv_lib/lib64:/w/apps4/Mentor/Calibre/2024.3_16.10/aok_cal_2024.3_16.10/pkgs/icv_qt5_comp/plugins:/w/apps4/Mentor/Calibre/2024.3_16.10/aok_cal_2024.3_16.10/pkgs/icv_oa/22.41p004/lib/linux_rhel68_gcc44x_64/opt
CALIBRE_SKIP_DYNAMIC_LIBRARY_CHECK=1

--- V2LVS_* ENVIRONMENT VARIABLES:


--- Verilog-to-LVS - Sun May  3 13:37:45 2026

//  Applying licensing policy...
//  calibrelvs license acquired.

//  Licensed Products
//  -----------------
//  Other products:
//  - v2lvs


Info: Creating Verilog Library Database ...
Info: Verilog Library Database Creation completed. CPU TIME = 0  REAL TIME = 0  LVHEAP = 0/0/0  MALLOC = 15/15/16  ELAPSED TIME = 1

Info: Creating Design Database of Module Interfaces ...
Info: Design Database of Module Interfaces Creation completed. CPU TIME = 0  REAL TIME = 0  LVHEAP = 0/0/0  MALLOC = 16/16/16  ELAPSED TIME = 1

Info: Creating Design Database of Module Instantiations ...
Info: Design Database of Module Instantiations Creation completed. CPU TIME = 0  REAL TIME = 0  LVHEAP = 0/0/0  MALLOC = 16/16/16  ELAPSED TIME = 1
Info: 1 modules parsed, containing 1960 module instantiations and 0 gate instance calls 

Info: Converting Design ...
Warning: prbs_ber_pad_top/FE_PHC42_rst_n calls port VSS not declared in module CKBD1BWP7T
Warning: prbs_ber_pad_top/FE_PHC42_rst_n calls port VDD not declared in module CKBD1BWP7T
Warning: prbs_ber_pad_top/FE_PHC41_cfg_cs_n calls port VSS not declared in module DEL015BWP7T
Warning: prbs_ber_pad_top/FE_PHC41_cfg_cs_n calls port VDD not declared in module DEL015BWP7T
Warning: prbs_ber_pad_top/FE_PHC40_cfg_mosi calls port VSS not declared in module DEL01BWP7T
Warning: prbs_ber_pad_top/FE_PHC40_cfg_mosi calls port VDD not declared in module DEL01BWP7T
Warning: prbs_ber_pad_top/FE_PHC39_rst_n calls port VSS not declared in module BUFFD2BWP7T
Warning: prbs_ber_pad_top/FE_PHC39_rst_n calls port VDD not declared in module BUFFD2BWP7T
Warning: prbs_ber_pad_top/CTS_ccl_a_buf_00063 calls port VSS not declared in module CKBD3BWP7T
Warning: prbs_ber_pad_top/CTS_ccl_a_buf_00063 calls port VDD not declared in module CKBD3BWP7T
Warning: prbs_ber_pad_top/CTS_ccl_a_buf_00001 calls port VSS not declared in module CKBD2BWP7T
Warning: prbs_ber_pad_top/CTS_ccl_a_buf_00001 calls port VDD not declared in module CKBD2BWP7T
Warning: prbs_ber_pad_top/CTS_ccl_a_buf_00062 calls port VSS not declared in module CKBD2BWP7T
Warning: prbs_ber_pad_top/CTS_ccl_a_buf_00062 calls port VDD not declared in module CKBD2BWP7T
Warning: prbs_ber_pad_top/CTS_ccl_a_buf_00065 calls port VSS not declared in module CKBD6BWP7T
Warning: prbs_ber_pad_top/CTS_ccl_a_buf_00065 calls port VDD not declared in module CKBD6BWP7T
Warning: prbs_ber_pad_top/CTS_ccl_a_buf_00064 calls port VSS not declared in module CKBD4BWP7T
Warning: prbs_ber_pad_top/CTS_ccl_a_buf_00064 calls port VDD not declared in module CKBD4BWP7T
Warning: prbs_ber_pad_top/FE_OFC8_rst_n calls port VSS not declared in module BUFFD1P5BWP7T
Warning: prbs_ber_pad_top/FE_OFC8_rst_n calls port VDD not declared in module BUFFD1P5BWP7T
Warning: prbs_ber_pad_top/FE_OFC7_rst_n calls port VSS not declared in module BUFFD1P5BWP7T
Warning: prbs_ber_pad_top/FE_OFC7_rst_n calls port VDD not declared in module BUFFD1P5BWP7T
Warning: prbs_ber_pad_top/FE_OFC6_rst_n calls port VSS not declared in module BUFFD1P5BWP7T
Warning: prbs_ber_pad_top/FE_OFC6_rst_n calls port VDD not declared in module BUFFD1P5BWP7T
Warning: prbs_ber_pad_top/FE_OFC5_rst_n calls port VSS not declared in module BUFFD1P5BWP7T
Warning: prbs_ber_pad_top/FE_OFC5_rst_n calls port VDD not declared in module BUFFD1P5BWP7T
Warning: prbs_ber_pad_top/FE_OFC4_rst_n calls port VSS not declared in module BUFFD1P5BWP7T
Warning: prbs_ber_pad_top/FE_OFC4_rst_n calls port VDD not declared in module BUFFD1P5BWP7T
Warning: prbs_ber_pad_top/FE_OFC3_rst_n calls port VSS not declared in module BUFFD2BWP7T
Warning: prbs_ber_pad_top/FE_OFC3_rst_n calls port VDD not declared in module BUFFD2BWP7T
Warning: prbs_ber_pad_top/FE_OFC2_rst_n calls port VSS not declared in module BUFFD1P5BWP7T
Warning: prbs_ber_pad_top/FE_OFC2_rst_n calls port VDD not declared in module BUFFD1P5BWP7T
Warning: prbs_ber_pad_top/FE_OFC1_rst_n calls port VSS not declared in module BUFFD1P5BWP7T
Warning: prbs_ber_pad_top/FE_OFC1_rst_n calls port VDD not declared in module BUFFD1P5BWP7T
Warning: prbs_ber_pad_top/FE_OFC0_rst_n calls port VSS not declared in module BUFFD1P5BWP7T
Warning: prbs_ber_pad_top/FE_OFC0_rst_n calls port VDD not declared in module BUFFD1P5BWP7T
Warning: prbs_ber_pad_top/u_cfg_serial_if/FE_PHC37_cfg_mosi calls port VSS not declared in module DEL0BWP7T
Warning: prbs_ber_pad_top/u_cfg_serial_if/FE_PHC37_cfg_mosi calls port VDD not declared in module DEL0BWP7T
Warning: prbs_ber_pad_top/u_cfg_serial_if/FE_PHC36_cfg_sclk calls port VSS not declared in module DEL1BWP7T
Warning: prbs_ber_pad_top/u_cfg_serial_if/FE_PHC36_cfg_sclk calls port VDD not declared in module DEL1BWP7T
Warning: prbs_ber_pad_top/u_cfg_serial_if/FE_PHC35_cfg_cs_n calls port VSS not declared in module DEL0BWP7T
Warning: prbs_ber_pad_top/u_cfg_serial_if/FE_PHC35_cfg_cs_n calls port VDD not declared in module DEL0BWP7T
Warning: prbs_ber_pad_top/u_cfg_serial_if/FE_RC_16_0 calls port VSS not declared in module CKND1BWP7T
Warning: prbs_ber_pad_top/u_cfg_serial_if/FE_RC_16_0 calls port VDD not declared in module CKND1BWP7T
Warning: prbs_ber_pad_top/u_cfg_serial_if/FE_RC_15_0 calls port VSS not declared in module ND2D1BWP7T
Warning: prbs_ber_pad_top/u_cfg_serial_if/FE_RC_15_0 calls port VDD not declared in module ND2D1BWP7T
Warning: prbs_ber_pad_top/u_cfg_serial_if/CTS_ccl_a_buf_00049 calls port VSS not declared in module CKBD2BWP7T
Warning: prbs_ber_pad_top/u_cfg_serial_if/CTS_ccl_a_buf_00049 calls port VDD not declared in module CKBD2BWP7T
Warning: prbs_ber_pad_top/u_cfg_serial_if/CTS_ccl_a_buf_00061 calls port VSS not declared in module CKBD1BWP7T
Warning: prbs_ber_pad_top/u_cfg_serial_if/CTS_ccl_a_buf_00061 calls port VDD not declared in module CKBD1BWP7T
Warning: prbs_ber_pad_top/u_cfg_serial_if/CTS_ccl_a_buf_00060 calls port VSS not declared in module CKBD1BWP7T
Warning: prbs_ber_pad_top/u_cfg_serial_if/CTS_ccl_a_buf_00060 calls port VDD not declared in module CKBD1BWP7T
Warning: prbs_ber_pad_top/u_cfg_serial_if/CTS_ccl_a_buf_00059 calls port VSS not declared in module CKBD1BWP7T
Warning: prbs_ber_pad_top/u_cfg_serial_if/CTS_ccl_a_buf_00059 calls port VDD not declared in module CKBD1BWP7T
Warning: prbs_ber_pad_top/u_cfg_serial_if/CTS_ccl_a_buf_00058 calls port VSS not declared in module CKBD2BWP7T
Warning: prbs_ber_pad_top/u_cfg_serial_if/CTS_ccl_a_buf_00058 calls port VDD not declared in module CKBD2BWP7T
Warning: prbs_ber_pad_top/u_cfg_serial_if/CTS_ccl_a_buf_00057 calls port VSS not declared in module CKBD2BWP7T
Warning: prbs_ber_pad_top/u_cfg_serial_if/CTS_ccl_a_buf_00057 calls port VDD not declared in module CKBD2BWP7T
Warning: prbs_ber_pad_top/u_cfg_serial_if/CTS_ccl_a_buf_00056 calls port VSS not declared in module CKBD2BWP7T
Warning: prbs_ber_pad_top/u_cfg_serial_if/CTS_ccl_a_buf_00056 calls port VDD not declared in module CKBD2BWP7T
Warning: prbs_ber_pad_top/u_cfg_serial_if/CTS_ccl_a_buf_00055 calls port VSS not declared in module CKBD1BWP7T
Warning: prbs_ber_pad_top/u_cfg_serial_if/CTS_ccl_a_buf_00055 calls port VDD not declared in module CKBD1BWP7T
Warning: prbs_ber_pad_top/u_cfg_serial_if/CTS_ccl_a_buf_00054 calls port VSS not declared in module CKBD1BWP7T
Warning: prbs_ber_pad_top/u_cfg_serial_if/CTS_ccl_a_buf_00054 calls port VDD not declared in module CKBD1BWP7T
Warning: prbs_ber_pad_top/u_cfg_serial_if/CTS_ccl_a_buf_00053 calls port VSS not declared in module CKBD1BWP7T
Warning: prbs_ber_pad_top/u_cfg_serial_if/CTS_ccl_a_buf_00053 calls port VDD not declared in module CKBD1BWP7T
Warning: prbs_ber_pad_top/u_cfg_serial_if/CTS_ccl_a_buf_00052 calls port VSS not declared in module CKBD1BWP7T
Warning: prbs_ber_pad_top/u_cfg_serial_if/CTS_ccl_a_buf_00052 calls port VDD not declared in module CKBD1BWP7T
Warning: prbs_ber_pad_top/u_cfg_serial_if/CTS_ccl_a_buf_00051 calls port VSS not declared in module CKBD1BWP7T
Warning: prbs_ber_pad_top/u_cfg_serial_if/CTS_ccl_a_buf_00051 calls port VDD not declared in module CKBD1BWP7T
Warning: prbs_ber_pad_top/u_cfg_serial_if/CTS_ccl_a_buf_00050 calls port VSS not declared in module CKBD2BWP7T
Warning: prbs_ber_pad_top/u_cfg_serial_if/CTS_ccl_a_buf_00050 calls port VDD not declared in module CKBD2BWP7T
Warning: prbs_ber_pad_top/u_cfg_serial_if/FE_OFC23_n_22 calls port VSS not declared in module INVD0BWP7T
Warning: prbs_ber_pad_top/u_cfg_serial_if/FE_OFC23_n_22 calls port VDD not declared in module INVD0BWP7T
Warning: prbs_ber_pad_top/u_cfg_serial_if/FE_OFC9_n_21 calls port VSS not declared in module BUFFD1BWP7T
Warning: prbs_ber_pad_top/u_cfg_serial_if/FE_OFC9_n_21 calls port VDD not declared in module BUFFD1BWP7T
Warning: prbs_ber_pad_top/u_cfg_serial_if/CLKGATE_RC_CG_HIER_INST0/RC_CGIC_INST calls port VSS not declared in module CKLNQD1BWP7T
Warning: prbs_ber_pad_top/u_cfg_serial_if/CLKGATE_RC_CG_HIER_INST0/RC_CGIC_INST calls port VDD not declared in module CKLNQD1BWP7T
Warning: prbs_ber_pad_top/u_cfg_serial_if/CLKGATE_RC_CG_HIER_INST1/RC_CGIC_INST calls port VSS not declared in module CKLNQD1BWP7T
Warning: prbs_ber_pad_top/u_cfg_serial_if/CLKGATE_RC_CG_HIER_INST1/RC_CGIC_INST calls port VDD not declared in module CKLNQD1BWP7T
Warning: prbs_ber_pad_top/u_cfg_serial_if/CLKGATE_RC_CG_HIER_INST2/RC_CGIC_INST calls port VSS not declared in module CKLNQD1BWP7T
Warning: prbs_ber_pad_top/u_cfg_serial_if/CLKGATE_RC_CG_HIER_INST2/RC_CGIC_INST calls port VDD not declared in module CKLNQD1BWP7T
Warning: prbs_ber_pad_top/u_cfg_serial_if/CLKGATE_RC_CG_HIER_INST3/RC_CGIC_INST calls port VSS not declared in module CKLNQD2BWP7T
Warning: prbs_ber_pad_top/u_cfg_serial_if/CLKGATE_RC_CG_HIER_INST3/RC_CGIC_INST calls port VDD not declared in module CKLNQD2BWP7T
Warning: prbs_ber_pad_top/u_cfg_serial_if/CLKGATE_RC_CG_HIER_INST4/RC_CGIC_INST calls port VSS not declared in module CKLNQD1BWP7T
Warning: prbs_ber_pad_top/u_cfg_serial_if/CLKGATE_RC_CG_HIER_INST4/RC_CGIC_INST calls port VDD not declared in module CKLNQD1BWP7T
Warning: prbs_ber_pad_top/u_cfg_serial_if/CLKGATE_RC_CG_HIER_INST5/RC_CGIC_INST calls port VSS not declared in module CKLNQD1BWP7T
Warning: prbs_ber_pad_top/u_cfg_serial_if/CLKGATE_RC_CG_HIER_INST5/RC_CGIC_INST calls port VDD not declared in module CKLNQD1BWP7T
Warning: prbs_ber_pad_top/u_cfg_serial_if/g1786 calls port VSS not declared in module INVD1BWP7T
Warning: prbs_ber_pad_top/u_cfg_serial_if/g1786 calls port VDD not declared in module INVD1BWP7T
Warning: prbs_ber_pad_top/u_cfg_serial_if/g1787 calls port VSS not declared in module INVD1BWP7T
Warning: prbs_ber_pad_top/u_cfg_serial_if/g1787 calls port VDD not declared in module INVD1BWP7T
Warning: prbs_ber_pad_top/u_cfg_serial_if/cfg_cs_n_meta_reg calls port VSS not declared in module DFSNQD1BWP7T
Warning: prbs_ber_pad_top/u_cfg_serial_if/cfg_cs_n_meta_reg calls port VDD not declared in module DFSNQD1BWP7T
Warning: prbs_ber_pad_top/u_cfg_serial_if/cfg_cs_n_sync_d_reg calls port VSS not declared in module DFSND1BWP7T
Warning: prbs_ber_pad_top/u_cfg_serial_if/cfg_cs_n_sync_d_reg calls port VDD not declared in module DFSND1BWP7T
Warning: prbs_ber_pad_top/u_cfg_serial_if/cfg_mosi_meta_reg calls port VSS not declared in module DFCNQD1BWP7T
Warning: prbs_ber_pad_top/u_cfg_serial_if/cfg_mosi_meta_reg calls port VDD not declared in module DFCNQD1BWP7T
Warning: prbs_ber_pad_top/u_cfg_serial_if/cfg_mosi_sync_reg calls port VSS not declared in module DFCNQD1BWP7T
Warning: prbs_ber_pad_top/u_cfg_serial_if/cfg_mosi_sync_reg calls port VDD not declared in module DFCNQD1BWP7T
Warning: prbs_ber_pad_top/u_cfg_serial_if/cfg_sclk_meta_reg calls port VSS not declared in module DFCNQD1BWP7T
Warning: prbs_ber_pad_top/u_cfg_serial_if/cfg_sclk_meta_reg calls port VDD not declared in module DFCNQD1BWP7T
Warning: prbs_ber_pad_top/u_cfg_serial_if/cfg_sclk_sync_d_reg calls port VSS not declared in module DFCNQD1BWP7T
Warning: prbs_ber_pad_top/u_cfg_serial_if/cfg_sclk_sync_d_reg calls port VDD not declared in module DFCNQD1BWP7T
Warning: prbs_ber_pad_top/u_cfg_serial_if/cfg_sclk_sync_reg calls port VSS not declared in module DFCNQD1BWP7T
Warning: prbs_ber_pad_top/u_cfg_serial_if/cfg_sclk_sync_reg calls port VDD not declared in module DFCNQD1BWP7T
Warning: prbs_ber_pad_top/u_cfg_serial_if/cmd_shift_q_reg[0] calls port VSS not declared in module DFCNQD1BWP7T
Warning: prbs_ber_pad_top/u_cfg_serial_if/cmd_shift_q_reg[0] calls port VDD not declared in module DFCNQD1BWP7T
Warning: prbs_ber_pad_top/u_cfg_serial_if/cmd_shift_q_reg[1] calls port VSS not declared in module DFCNQD1BWP7T
Warning: prbs_ber_pad_top/u_cfg_serial_if/cmd_shift_q_reg[1] calls port VDD not declared in module DFCNQD1BWP7T
Warning: prbs_ber_pad_top/u_cfg_serial_if/cmd_shift_q_reg[2] calls port VSS not declared in module DFCNQD1BWP7T
Warning: prbs_ber_pad_top/u_cfg_serial_if/cmd_shift_q_reg[2] calls port VDD not declared in module DFCNQD1BWP7T
Warning: prbs_ber_pad_top/u_cfg_serial_if/cmd_shift_q_reg[3] calls port VSS not declared in module DFCNQD1BWP7T
Warning: prbs_ber_pad_top/u_cfg_serial_if/cmd_shift_q_reg[3] calls port VDD not declared in module DFCNQD1BWP7T
Warning: prbs_ber_pad_top/u_cfg_serial_if/cmd_shift_q_reg[4] calls port VSS not declared in module DFCNQD1BWP7T
Warning: prbs_ber_pad_top/u_cfg_serial_if/cmd_shift_q_reg[4] calls port VDD not declared in module DFCNQD1BWP7T
Warning: prbs_ber_pad_top/u_cfg_serial_if/cmd_shift_q_reg[5] calls port VSS not declared in module DFCNQD1BWP7T
Warning: prbs_ber_pad_top/u_cfg_serial_if/cmd_shift_q_reg[5] calls port VDD not declared in module DFCNQD1BWP7T
Warning: prbs_ber_pad_top/u_cfg_serial_if/cmd_shift_q_reg[6] calls port VSS not declared in module DFCNQD1BWP7T
Warning: prbs_ber_pad_top/u_cfg_serial_if/cmd_shift_q_reg[6] calls port VDD not declared in module DFCNQD1BWP7T
Warning: prbs_ber_pad_top/u_cfg_serial_if/cmd_shift_q_reg[7] calls port VSS not declared in module DFCNQD1BWP7T
Warning: prbs_ber_pad_top/u_cfg_serial_if/cmd_shift_q_reg[7] calls port VDD not declared in module DFCNQD1BWP7T
Warning: prbs_ber_pad_top/u_cfg_serial_if/cmd_shift_q_reg[8] calls port VSS not declared in module DFCNQD1BWP7T
Warning: prbs_ber_pad_top/u_cfg_serial_if/cmd_shift_q_reg[8] calls port VDD not declared in module DFCNQD1BWP7T
Warning: prbs_ber_pad_top/u_cfg_serial_if/cmd_shift_q_reg[9] calls port VSS not declared in module DFCNQD1BWP7T
Warning: prbs_ber_pad_top/u_cfg_serial_if/cmd_shift_q_reg[9] calls port VDD not declared in module DFCNQD1BWP7T
Warning: prbs_ber_pad_top/u_cfg_serial_if/cmd_shift_q_reg[10] calls port VSS not declared in module DFCNQD1BWP7T
Warning: prbs_ber_pad_top/u_cfg_serial_if/cmd_shift_q_reg[10] calls port VDD not declared in module DFCNQD1BWP7T
Warning: prbs_ber_pad_top/u_cfg_serial_if/cmd_shift_q_reg[11] calls port VSS not declared in module DFCNQD1BWP7T
Warning: prbs_ber_pad_top/u_cfg_serial_if/cmd_shift_q_reg[11] calls port VDD not declared in module DFCNQD1BWP7T
Warning: prbs_ber_pad_top/u_cfg_serial_if/cmd_shift_q_reg[12] calls port VSS not declared in module DFCNQD1BWP7T
Warning: prbs_ber_pad_top/u_cfg_serial_if/cmd_shift_q_reg[12] calls port VDD not declared in module DFCNQD1BWP7T
Warning: prbs_ber_pad_top/u_cfg_serial_if/cmd_shift_q_reg[13] calls port VSS not declared in module DFCNQD1BWP7T
Warning: prbs_ber_pad_top/u_cfg_serial_if/cmd_shift_q_reg[13] calls port VDD not declared in module DFCNQD1BWP7T
Warning: prbs_ber_pad_top/u_cfg_serial_if/cmd_shift_q_reg[14] calls port VSS not declared in module DFCNQD1BWP7T
Warning: prbs_ber_pad_top/u_cfg_serial_if/cmd_shift_q_reg[14] calls port VDD not declared in module DFCNQD1BWP7T
Warning: prbs_ber_pad_top/u_cfg_serial_if/cmd_shift_q_reg[15] calls port VSS not declared in module DFCNQD1BWP7T
Warning: prbs_ber_pad_top/u_cfg_serial_if/cmd_shift_q_reg[15] calls port VDD not declared in module DFCNQD1BWP7T
Warning: prbs_ber_pad_top/u_cfg_serial_if/cmd_shift_q_reg[16] calls port VSS not declared in module DFCNQD1BWP7T
Warning: prbs_ber_pad_top/u_cfg_serial_if/cmd_shift_q_reg[16] calls port VDD not declared in module DFCNQD1BWP7T
Warning: prbs_ber_pad_top/u_cfg_serial_if/cmd_shift_q_reg[17] calls port VSS not declared in module DFCNQD1BWP7T
Warning: prbs_ber_pad_top/u_cfg_serial_if/cmd_shift_q_reg[17] calls port VDD not declared in module DFCNQD1BWP7T
Warning: prbs_ber_pad_top/u_cfg_serial_if/cmd_shift_q_reg[18] calls port VSS not declared in module DFCNQD1BWP7T
Warning: prbs_ber_pad_top/u_cfg_serial_if/cmd_shift_q_reg[18] calls port VDD not declared in module DFCNQD1BWP7T
Warning: prbs_ber_pad_top/u_cfg_serial_if/cmd_shift_q_reg[19] calls port VSS not declared in module DFCNQD1BWP7T
Warning: prbs_ber_pad_top/u_cfg_serial_if/cmd_shift_q_reg[19] calls port VDD not declared in module DFCNQD1BWP7T
Warning: prbs_ber_pad_top/u_cfg_serial_if/cmd_shift_q_reg[20] calls port VSS not declared in module DFCNQD1BWP7T
Warning: prbs_ber_pad_top/u_cfg_serial_if/cmd_shift_q_reg[20] calls port VDD not declared in module DFCNQD1BWP7T
Warning: prbs_ber_pad_top/u_cfg_serial_if/cmd_shift_q_reg[21] calls port VSS not declared in module DFCNQD1BWP7T
Warning: prbs_ber_pad_top/u_cfg_serial_if/cmd_shift_q_reg[21] calls port VDD not declared in module DFCNQD1BWP7T
Warning: prbs_ber_pad_top/u_cfg_serial_if/cmd_shift_q_reg[22] calls port VSS not declared in module DFCNQD1BWP7T
Warning: prbs_ber_pad_top/u_cfg_serial_if/cmd_shift_q_reg[22] calls port VDD not declared in module DFCNQD1BWP7T
Warning: prbs_ber_pad_top/u_cfg_serial_if/cmd_shift_q_reg[23] calls port VSS not declared in module DFCNQD1BWP7T
Warning: prbs_ber_pad_top/u_cfg_serial_if/cmd_shift_q_reg[23] calls port VDD not declared in module DFCNQD1BWP7T
Warning: prbs_ber_pad_top/u_cfg_serial_if/cmd_shift_q_reg[24] calls port VSS not declared in module DFCNQD1BWP7T
Warning: prbs_ber_pad_top/u_cfg_serial_if/cmd_shift_q_reg[24] calls port VDD not declared in module DFCNQD1BWP7T
Warning: prbs_ber_pad_top/u_cfg_serial_if/cmd_shift_q_reg[25] calls port VSS not declared in module DFCNQD1BWP7T
Warning: prbs_ber_pad_top/u_cfg_serial_if/cmd_shift_q_reg[25] calls port VDD not declared in module DFCNQD1BWP7T
Warning: prbs_ber_pad_top/u_cfg_serial_if/cmd_shift_q_reg[26] calls port VSS not declared in module DFCNQD1BWP7T
Warning: prbs_ber_pad_top/u_cfg_serial_if/cmd_shift_q_reg[26] calls port VDD not declared in module DFCNQD1BWP7T
Warning: prbs_ber_pad_top/u_cfg_serial_if/cmd_shift_q_reg[27] calls port VSS not declared in module DFCNQD1BWP7T
Warning: prbs_ber_pad_top/u_cfg_serial_if/cmd_shift_q_reg[27] calls port VDD not declared in module DFCNQD1BWP7T
Warning: prbs_ber_pad_top/u_cfg_serial_if/cmd_shift_q_reg[28] calls port VSS not declared in module DFCNQD1BWP7T
Warning: prbs_ber_pad_top/u_cfg_serial_if/cmd_shift_q_reg[28] calls port VDD not declared in module DFCNQD1BWP7T
Warning: prbs_ber_pad_top/u_cfg_serial_if/cmd_shift_q_reg[29] calls port VSS not declared in module DFCNQD1BWP7T
Warning: prbs_ber_pad_top/u_cfg_serial_if/cmd_shift_q_reg[29] calls port VDD not declared in module DFCNQD1BWP7T
Warning: prbs_ber_pad_top/u_cfg_serial_if/cmd_shift_q_reg[30] calls port VSS not declared in module DFCNQD1BWP7T
Warning: prbs_ber_pad_top/u_cfg_serial_if/cmd_shift_q_reg[30] calls port VDD not declared in module DFCNQD1BWP7T
Warning: prbs_ber_pad_top/u_cfg_serial_if/cmd_shift_q_reg[31] calls port VSS not declared in module DFCNQD1BWP7T
Warning: prbs_ber_pad_top/u_cfg_serial_if/cmd_shift_q_reg[31] calls port VDD not declared in module DFCNQD1BWP7T
Warning: prbs_ber_pad_top/u_cfg_serial_if/cmd_shift_q_reg[34] calls port VSS not declared in module DFCNQD1BWP7T
Warning: prbs_ber_pad_top/u_cfg_serial_if/cmd_shift_q_reg[34] calls port VDD not declared in module DFCNQD1BWP7T
Warning: prbs_ber_pad_top/u_cfg_serial_if/cmd_shift_q_reg[35] calls port VSS not declared in module DFCNQD1BWP7T
Warning: prbs_ber_pad_top/u_cfg_serial_if/cmd_shift_q_reg[35] calls port VDD not declared in module DFCNQD1BWP7T
Warning: prbs_ber_pad_top/u_cfg_serial_if/cmd_shift_q_reg[36] calls port VSS not declared in module DFCNQD1BWP7T
Warning: prbs_ber_pad_top/u_cfg_serial_if/cmd_shift_q_reg[36] calls port VDD not declared in module DFCNQD1BWP7T
Warning: prbs_ber_pad_top/u_cfg_serial_if/rd_shift_q_reg[0] calls port VSS not declared in module DFCND1BWP7T
Warning: prbs_ber_pad_top/u_cfg_serial_if/rd_shift_q_reg[0] calls port VDD not declared in module DFCND1BWP7T
Warning: prbs_ber_pad_top/u_cfg_serial_if/rd_shift_q_reg[1] calls port VSS not declared in module DFCND1BWP7T
Warning: prbs_ber_pad_top/u_cfg_serial_if/rd_shift_q_reg[1] calls port VDD not declared in module DFCND1BWP7T
Warning: prbs_ber_pad_top/u_cfg_serial_if/rd_shift_q_reg[2] calls port VSS not declared in module DFCND1BWP7T
Warning: prbs_ber_pad_top/u_cfg_serial_if/rd_shift_q_reg[2] calls port VDD not declared in module DFCND1BWP7T
Warning: prbs_ber_pad_top/u_cfg_serial_if/rd_shift_q_reg[3] calls port VSS not declared in module DFCND1BWP7T
Warning: prbs_ber_pad_top/u_cfg_serial_if/rd_shift_q_reg[3] calls port VDD not declared in module DFCND1BWP7T
Warning: prbs_ber_pad_top/u_cfg_serial_if/rd_shift_q_reg[4] calls port VSS not declared in module DFCND1BWP7T
Warning: prbs_ber_pad_top/u_cfg_serial_if/rd_shift_q_reg[4] calls port VDD not declared in module DFCND1BWP7T
Warning: prbs_ber_pad_top/u_cfg_serial_if/rd_shift_q_reg[5] calls port VSS not declared in module DFCND1BWP7T
Warning: prbs_ber_pad_top/u_cfg_serial_if/rd_shift_q_reg[5] calls port VDD not declared in module DFCND1BWP7T
Warning: prbs_ber_pad_top/u_cfg_serial_if/rd_shift_q_reg[6] calls port VSS not declared in module DFCND1BWP7T
Warning: prbs_ber_pad_top/u_cfg_serial_if/rd_shift_q_reg[6] calls port VDD not declared in module DFCND1BWP7T
Warning: prbs_ber_pad_top/u_cfg_serial_if/rd_shift_q_reg[7] calls port VSS not declared in module DFCND1BWP7T
Warning: prbs_ber_pad_top/u_cfg_serial_if/rd_shift_q_reg[7] calls port VDD not declared in module DFCND1BWP7T
Warning: prbs_ber_pad_top/u_cfg_serial_if/rd_shift_q_reg[8] calls port VSS not declared in module DFCND1BWP7T
Warning: prbs_ber_pad_top/u_cfg_serial_if/rd_shift_q_reg[8] calls port VDD not declared in module DFCND1BWP7T
Warning: prbs_ber_pad_top/u_cfg_serial_if/rd_shift_q_reg[9] calls port VSS not declared in module DFCND1BWP7T
Warning: prbs_ber_pad_top/u_cfg_serial_if/rd_shift_q_reg[9] calls port VDD not declared in module DFCND1BWP7T
Warning: prbs_ber_pad_top/u_cfg_serial_if/rd_shift_q_reg[10] calls port VSS not declared in module DFCND1BWP7T
Warning: prbs_ber_pad_top/u_cfg_serial_if/rd_shift_q_reg[10] calls port VDD not declared in module DFCND1BWP7T
Warning: prbs_ber_pad_top/u_cfg_serial_if/rd_shift_q_reg[11] calls port VSS not declared in module DFCND1BWP7T
Warning: prbs_ber_pad_top/u_cfg_serial_if/rd_shift_q_reg[11] calls port VDD not declared in module DFCND1BWP7T
Warning: prbs_ber_pad_top/u_cfg_serial_if/rd_shift_q_reg[12] calls port VSS not declared in module DFCND1BWP7T
Warning: prbs_ber_pad_top/u_cfg_serial_if/rd_shift_q_reg[12] calls port VDD not declared in module DFCND1BWP7T
Warning: prbs_ber_pad_top/u_cfg_serial_if/rd_shift_q_reg[13] calls port VSS not declared in module DFCND1BWP7T
Warning: prbs_ber_pad_top/u_cfg_serial_if/rd_shift_q_reg[13] calls port VDD not declared in module DFCND1BWP7T
Warning: prbs_ber_pad_top/u_cfg_serial_if/rd_shift_q_reg[14] calls port VSS not declared in module DFCND1BWP7T
Warning: prbs_ber_pad_top/u_cfg_serial_if/rd_shift_q_reg[14] calls port VDD not declared in module DFCND1BWP7T
Warning: prbs_ber_pad_top/u_cfg_serial_if/rd_shift_q_reg[15] calls port VSS not declared in module DFCND1BWP7T
Warning: prbs_ber_pad_top/u_cfg_serial_if/rd_shift_q_reg[15] calls port VDD not declared in module DFCND1BWP7T
Warning: prbs_ber_pad_top/u_cfg_serial_if/rd_shift_q_reg[16] calls port VSS not declared in module DFCND1BWP7T
Warning: prbs_ber_pad_top/u_cfg_serial_if/rd_shift_q_reg[16] calls port VDD not declared in module DFCND1BWP7T
Warning: prbs_ber_pad_top/u_cfg_serial_if/rd_shift_q_reg[17] calls port VSS not declared in module DFCND1BWP7T
Warning: prbs_ber_pad_top/u_cfg_serial_if/rd_shift_q_reg[17] calls port VDD not declared in module DFCND1BWP7T
Warning: prbs_ber_pad_top/u_cfg_serial_if/rd_shift_q_reg[18] calls port VSS not declared in module DFCND1BWP7T
Warning: prbs_ber_pad_top/u_cfg_serial_if/rd_shift_q_reg[18] calls port VDD not declared in module DFCND1BWP7T
Warning: prbs_ber_pad_top/u_cfg_serial_if/rd_shift_q_reg[19] calls port VSS not declared in module DFCND1BWP7T
Warning: prbs_ber_pad_top/u_cfg_serial_if/rd_shift_q_reg[19] calls port VDD not declared in module DFCND1BWP7T
Warning: prbs_ber_pad_top/u_cfg_serial_if/rd_shift_q_reg[20] calls port VSS not declared in module DFCND1BWP7T
Warning: prbs_ber_pad_top/u_cfg_serial_if/rd_shift_q_reg[20] calls port VDD not declared in module DFCND1BWP7T
Warning: prbs_ber_pad_top/u_cfg_serial_if/rd_shift_q_reg[21] calls port VSS not declared in module DFCND1BWP7T
Warning: prbs_ber_pad_top/u_cfg_serial_if/rd_shift_q_reg[21] calls port VDD not declared in module DFCND1BWP7T
Warning: prbs_ber_pad_top/u_cfg_serial_if/rd_shift_q_reg[22] calls port VSS not declared in module DFCND1BWP7T
Warning: prbs_ber_pad_top/u_cfg_serial_if/rd_shift_q_reg[22] calls port VDD not declared in module DFCND1BWP7T
Warning: prbs_ber_pad_top/u_cfg_serial_if/rd_shift_q_reg[23] calls port VSS not declared in module DFCND1BWP7T
Warning: prbs_ber_pad_top/u_cfg_serial_if/rd_shift_q_reg[23] calls port VDD not declared in module DFCND1BWP7T
Warning: prbs_ber_pad_top/u_cfg_serial_if/rd_shift_q_reg[24] calls port VSS not declared in module DFCND1BWP7T
Warning: prbs_ber_pad_top/u_cfg_serial_if/rd_shift_q_reg[24] calls port VDD not declared in module DFCND1BWP7T
Warning: prbs_ber_pad_top/u_cfg_serial_if/rd_shift_q_reg[25] calls port VSS not declared in module DFCND1BWP7T
Warning: prbs_ber_pad_top/u_cfg_serial_if/rd_shift_q_reg[25] calls port VDD not declared in module DFCND1BWP7T
Warning: prbs_ber_pad_top/u_cfg_serial_if/rd_shift_q_reg[26] calls port VSS not declared in module DFCND1BWP7T
Warning: prbs_ber_pad_top/u_cfg_serial_if/rd_shift_q_reg[26] calls port VDD not declared in module DFCND1BWP7T
Warning: prbs_ber_pad_top/u_cfg_serial_if/rd_shift_q_reg[27] calls port VSS not declared in module DFCND1BWP7T
Warning: prbs_ber_pad_top/u_cfg_serial_if/rd_shift_q_reg[27] calls port VDD not declared in module DFCND1BWP7T
Warning: prbs_ber_pad_top/u_cfg_serial_if/rd_shift_q_reg[28] calls port VSS not declared in module DFCND1BWP7T
Warning: prbs_ber_pad_top/u_cfg_serial_if/rd_shift_q_reg[28] calls port VDD not declared in module DFCND1BWP7T
Warning: prbs_ber_pad_top/u_cfg_serial_if/rd_shift_q_reg[29] calls port VSS not declared in module DFCND1BWP7T
Warning: prbs_ber_pad_top/u_cfg_serial_if/rd_shift_q_reg[29] calls port VDD not declared in module DFCND1BWP7T
Warning: prbs_ber_pad_top/u_cfg_serial_if/rd_shift_q_reg[30] calls port VSS not declared in module DFCND1BWP7T
Warning: prbs_ber_pad_top/u_cfg_serial_if/rd_shift_q_reg[30] calls port VDD not declared in module DFCND1BWP7T
Warning: prbs_ber_pad_top/u_cfg_serial_if/rd_shift_q_reg[31] calls port VSS not declared in module DFCND1BWP7T
Warning: prbs_ber_pad_top/u_cfg_serial_if/rd_shift_q_reg[31] calls port VDD not declared in module DFCND1BWP7T
Warning: prbs_ber_pad_top/u_cfg_serial_if/g2411__2398 calls port VSS not declared in module NR3D0BWP7T
Warning: prbs_ber_pad_top/u_cfg_serial_if/g2411__2398 calls port VDD not declared in module NR3D0BWP7T
Warning: prbs_ber_pad_top/u_cfg_serial_if/g2413__5107 calls port VSS not declared in module MOAI22D0BWP7T
Warning: prbs_ber_pad_top/u_cfg_serial_if/g2413__5107 calls port VDD not declared in module MOAI22D0BWP7T
Warning: prbs_ber_pad_top/u_cfg_serial_if/g2415__6260 calls port VSS not declared in module MOAI22D0BWP7T
Warning: prbs_ber_pad_top/u_cfg_serial_if/g2415__6260 calls port VDD not declared in module MOAI22D0BWP7T
Warning: prbs_ber_pad_top/u_cfg_serial_if/g2417__4319 calls port VSS not declared in module MOAI22D0BWP7T
Warning: prbs_ber_pad_top/u_cfg_serial_if/g2417__4319 calls port VDD not declared in module MOAI22D0BWP7T
Warning: prbs_ber_pad_top/u_cfg_serial_if/g2419__8428 calls port VSS not declared in module MOAI22D0BWP7T
Warning: prbs_ber_pad_top/u_cfg_serial_if/g2419__8428 calls port VDD not declared in module MOAI22D0BWP7T
Warning: prbs_ber_pad_top/u_cfg_serial_if/g2421__5526 calls port VSS not declared in module MOAI22D0BWP7T
Warning: prbs_ber_pad_top/u_cfg_serial_if/g2421__5526 calls port VDD not declared in module MOAI22D0BWP7T
Warning: prbs_ber_pad_top/u_cfg_serial_if/g2423__6783 calls port VSS not declared in module MOAI22D0BWP7T
Warning: prbs_ber_pad_top/u_cfg_serial_if/g2423__6783 calls port VDD not declared in module MOAI22D0BWP7T
Warning: prbs_ber_pad_top/u_cfg_serial_if/g2425__3680 calls port VSS not declared in module MOAI22D0BWP7T
Warning: prbs_ber_pad_top/u_cfg_serial_if/g2425__3680 calls port VDD not declared in module MOAI22D0BWP7T
Warning: prbs_ber_pad_top/u_cfg_serial_if/g2427__1617 calls port VSS not declared in module MOAI22D0BWP7T
Warning: prbs_ber_pad_top/u_cfg_serial_if/g2427__1617 calls port VDD not declared in module MOAI22D0BWP7T
Warning: prbs_ber_pad_top/u_cfg_serial_if/g2429__2802 calls port VSS not declared in module MOAI22D0BWP7T
Warning: prbs_ber_pad_top/u_cfg_serial_if/g2429__2802 calls port VDD not declared in module MOAI22D0BWP7T
Warning: prbs_ber_pad_top/u_cfg_serial_if/g2431__1705 calls port VSS not declared in module MOAI22D0BWP7T
Warning: prbs_ber_pad_top/u_cfg_serial_if/g2431__1705 calls port VDD not declared in module MOAI22D0BWP7T
Warning: prbs_ber_pad_top/u_cfg_serial_if/g2434__5122 calls port VSS not declared in module MOAI22D0BWP7T
Warning: prbs_ber_pad_top/u_cfg_serial_if/g2434__5122 calls port VDD not declared in module MOAI22D0BWP7T
Warning: prbs_ber_pad_top/u_cfg_serial_if/g2435__8246 calls port VSS not declared in module INR2XD0BWP7T
Warning: prbs_ber_pad_top/u_cfg_serial_if/g2435__8246 calls port VDD not declared in module INR2XD0BWP7T
Warning: prbs_ber_pad_top/u_cfg_serial_if/g2438__7098 calls port VSS not declared in module INR2XD0BWP7T
Warning: prbs_ber_pad_top/u_cfg_serial_if/g2438__7098 calls port VDD not declared in module INR2XD0BWP7T
Warning: prbs_ber_pad_top/u_cfg_serial_if/g2439__6131 calls port VSS not declared in module MOAI22D0BWP7T
Warning: prbs_ber_pad_top/u_cfg_serial_if/g2439__6131 calls port VDD not declared in module MOAI22D0BWP7T
Warning: prbs_ber_pad_top/u_cfg_serial_if/g2442__1881 calls port VSS not declared in module INR2XD0BWP7T
Warning: prbs_ber_pad_top/u_cfg_serial_if/g2442__1881 calls port VDD not declared in module INR2XD0BWP7T
Warning: prbs_ber_pad_top/u_cfg_serial_if/g2444__5115 calls port VSS not declared in module MOAI22D0BWP7T
Warning: prbs_ber_pad_top/u_cfg_serial_if/g2444__5115 calls port VDD not declared in module MOAI22D0BWP7T
Warning: prbs_ber_pad_top/u_cfg_serial_if/g2445__7482 calls port VSS not declared in module INR2XD0BWP7T
Warning: prbs_ber_pad_top/u_cfg_serial_if/g2445__7482 calls port VDD not declared in module INR2XD0BWP7T
Warning: prbs_ber_pad_top/u_cfg_serial_if/g2448__4733 calls port VSS not declared in module INR2XD0BWP7T
Warning: prbs_ber_pad_top/u_cfg_serial_if/g2448__4733 calls port VDD not declared in module INR2XD0BWP7T
Warning: prbs_ber_pad_top/u_cfg_serial_if/g2449__6161 calls port VSS not declared in module MOAI22D0BWP7T
Warning: prbs_ber_pad_top/u_cfg_serial_if/g2449__6161 calls port VDD not declared in module MOAI22D0BWP7T
Warning: prbs_ber_pad_top/u_cfg_serial_if/g2452__9315 calls port VSS not declared in module INR2XD0BWP7T
Warning: prbs_ber_pad_top/u_cfg_serial_if/g2452__9315 calls port VDD not declared in module INR2XD0BWP7T
Warning: prbs_ber_pad_top/u_cfg_serial_if/g2454__9945 calls port VSS not declared in module MOAI22D0BWP7T
Warning: prbs_ber_pad_top/u_cfg_serial_if/g2454__9945 calls port VDD not declared in module MOAI22D0BWP7T
Warning: prbs_ber_pad_top/u_cfg_serial_if/g2455__2883 calls port VSS not declared in module INR2XD0BWP7T
Warning: prbs_ber_pad_top/u_cfg_serial_if/g2455__2883 calls port VDD not declared in module INR2XD0BWP7T
Warning: prbs_ber_pad_top/u_cfg_serial_if/g2458__2346 calls port VSS not declared in module INR2XD0BWP7T
Warning: prbs_ber_pad_top/u_cfg_serial_if/g2458__2346 calls port VDD not declared in module INR2XD0BWP7T
Warning: prbs_ber_pad_top/u_cfg_serial_if/g2459__1666 calls port VSS not declared in module MOAI22D0BWP7T
Warning: prbs_ber_pad_top/u_cfg_serial_if/g2459__1666 calls port VDD not declared in module MOAI22D0BWP7T
Warning: prbs_ber_pad_top/u_cfg_serial_if/g2462__7410 calls port VSS not declared in module INR2XD0BWP7T
Warning: prbs_ber_pad_top/u_cfg_serial_if/g2462__7410 calls port VDD not declared in module INR2XD0BWP7T
Warning: prbs_ber_pad_top/u_cfg_serial_if/g2464__6417 calls port VSS not declared in module MOAI22D0BWP7T
Warning: prbs_ber_pad_top/u_cfg_serial_if/g2464__6417 calls port VDD not declared in module MOAI22D0BWP7T
Warning: prbs_ber_pad_top/u_cfg_serial_if/g2465__5477 calls port VSS not declared in module INR2XD0BWP7T
Warning: prbs_ber_pad_top/u_cfg_serial_if/g2465__5477 calls port VDD not declared in module INR2XD0BWP7T
Warning: prbs_ber_pad_top/u_cfg_serial_if/g2468__2398 calls port VSS not declared in module INR2XD0BWP7T
Warning: prbs_ber_pad_top/u_cfg_serial_if/g2468__2398 calls port VDD not declared in module INR2XD0BWP7T
Warning: prbs_ber_pad_top/u_cfg_serial_if/g2469__5107 calls port VSS not declared in module MOAI22D0BWP7T
Warning: prbs_ber_pad_top/u_cfg_serial_if/g2469__5107 calls port VDD not declared in module MOAI22D0BWP7T
Warning: prbs_ber_pad_top/u_cfg_serial_if/g2472__6260 calls port VSS not declared in module INR2XD0BWP7T
Warning: prbs_ber_pad_top/u_cfg_serial_if/g2472__6260 calls port VDD not declared in module INR2XD0BWP7T
Warning: prbs_ber_pad_top/u_cfg_serial_if/g2474__4319 calls port VSS not declared in module MOAI22D0BWP7T
Warning: prbs_ber_pad_top/u_cfg_serial_if/g2474__4319 calls port VDD not declared in module MOAI22D0BWP7T
Warning: prbs_ber_pad_top/u_cfg_serial_if/g2475__8428 calls port VSS not declared in module INR2XD0BWP7T
Warning: prbs_ber_pad_top/u_cfg_serial_if/g2475__8428 calls port VDD not declared in module INR2XD0BWP7T
Warning: prbs_ber_pad_top/u_cfg_serial_if/g2478__5526 calls port VSS not declared in module INR2XD0BWP7T
Warning: prbs_ber_pad_top/u_cfg_serial_if/g2478__5526 calls port VDD not declared in module INR2XD0BWP7T
Warning: prbs_ber_pad_top/u_cfg_serial_if/g2479__6783 calls port VSS not declared in module MOAI22D0BWP7T
Warning: prbs_ber_pad_top/u_cfg_serial_if/g2479__6783 calls port VDD not declared in module MOAI22D0BWP7T
Warning: prbs_ber_pad_top/u_cfg_serial_if/g2482__3680 calls port VSS not declared in module INR2XD0BWP7T
Warning: prbs_ber_pad_top/u_cfg_serial_if/g2482__3680 calls port VDD not declared in module INR2XD0BWP7T
Warning: prbs_ber_pad_top/u_cfg_serial_if/g2484__1617 calls port VSS not declared in module MOAI22D0BWP7T
Warning: prbs_ber_pad_top/u_cfg_serial_if/g2484__1617 calls port VDD not declared in module MOAI22D0BWP7T
Warning: prbs_ber_pad_top/u_cfg_serial_if/g2485__2802 calls port VSS not declared in module INR2XD0BWP7T
Warning: prbs_ber_pad_top/u_cfg_serial_if/g2485__2802 calls port VDD not declared in module INR2XD0BWP7T
Warning: prbs_ber_pad_top/u_cfg_serial_if/g2488__1705 calls port VSS not declared in module INR2XD0BWP7T
Warning: prbs_ber_pad_top/u_cfg_serial_if/g2488__1705 calls port VDD not declared in module INR2XD0BWP7T
Warning: prbs_ber_pad_top/u_cfg_serial_if/g2489__5122 calls port VSS not declared in module MOAI22D0BWP7T
Warning: prbs_ber_pad_top/u_cfg_serial_if/g2489__5122 calls port VDD not declared in module MOAI22D0BWP7T
Warning: prbs_ber_pad_top/u_cfg_serial_if/g2492__8246 calls port VSS not declared in module INR2XD0BWP7T
Warning: prbs_ber_pad_top/u_cfg_serial_if/g2492__8246 calls port VDD not declared in module INR2XD0BWP7T
Warning: prbs_ber_pad_top/u_cfg_serial_if/g2494__7098 calls port VSS not declared in module MOAI22D0BWP7T
Warning: prbs_ber_pad_top/u_cfg_serial_if/g2494__7098 calls port VDD not declared in module MOAI22D0BWP7T
Warning: prbs_ber_pad_top/u_cfg_serial_if/g2495__6131 calls port VSS not declared in module INR2XD0BWP7T
Warning: prbs_ber_pad_top/u_cfg_serial_if/g2495__6131 calls port VDD not declared in module INR2XD0BWP7T
Warning: prbs_ber_pad_top/u_cfg_serial_if/g2498__1881 calls port VSS not declared in module INR2XD0BWP7T
Warning: prbs_ber_pad_top/u_cfg_serial_if/g2498__1881 calls port VDD not declared in module INR2XD0BWP7T
Warning: prbs_ber_pad_top/u_cfg_serial_if/g2499__5115 calls port VSS not declared in module MOAI22D0BWP7T
Warning: prbs_ber_pad_top/u_cfg_serial_if/g2499__5115 calls port VDD not declared in module MOAI22D0BWP7T
Warning: prbs_ber_pad_top/u_cfg_serial_if/g2502__7482 calls port VSS not declared in module INR2XD0BWP7T
Warning: prbs_ber_pad_top/u_cfg_serial_if/g2502__7482 calls port VDD not declared in module INR2XD0BWP7T
Warning: prbs_ber_pad_top/u_cfg_serial_if/g2504__4733 calls port VSS not declared in module MOAI22D0BWP7T
Warning: prbs_ber_pad_top/u_cfg_serial_if/g2504__4733 calls port VDD not declared in module MOAI22D0BWP7T
Warning: prbs_ber_pad_top/u_cfg_serial_if/g2505__6161 calls port VSS not declared in module INR2XD0BWP7T
Warning: prbs_ber_pad_top/u_cfg_serial_if/g2505__6161 calls port VDD not declared in module INR2XD0BWP7T
Warning: prbs_ber_pad_top/u_cfg_serial_if/g2508__9315 calls port VSS not declared in module INR2XD0BWP7T
Warning: prbs_ber_pad_top/u_cfg_serial_if/g2508__9315 calls port VDD not declared in module INR2XD0BWP7T
Warning: prbs_ber_pad_top/u_cfg_serial_if/g2509__9945 calls port VSS not declared in module MOAI22D0BWP7T
Warning: prbs_ber_pad_top/u_cfg_serial_if/g2509__9945 calls port VDD not declared in module MOAI22D0BWP7T
Warning: prbs_ber_pad_top/u_cfg_serial_if/g2512__2883 calls port VSS not declared in module INR2XD0BWP7T
Warning: prbs_ber_pad_top/u_cfg_serial_if/g2512__2883 calls port VDD not declared in module INR2XD0BWP7T
Warning: prbs_ber_pad_top/u_cfg_serial_if/g2514__2346 calls port VSS not declared in module MOAI22D0BWP7T
Warning: prbs_ber_pad_top/u_cfg_serial_if/g2514__2346 calls port VDD not declared in module MOAI22D0BWP7T
Warning: prbs_ber_pad_top/u_cfg_serial_if/g2515__1666 calls port VSS not declared in module INR2XD0BWP7T
Warning: prbs_ber_pad_top/u_cfg_serial_if/g2515__1666 calls port VDD not declared in module INR2XD0BWP7T
Warning: prbs_ber_pad_top/u_cfg_serial_if/g2518__7410 calls port VSS not declared in module INR2XD0BWP7T
Warning: prbs_ber_pad_top/u_cfg_serial_if/g2518__7410 calls port VDD not declared in module INR2XD0BWP7T
Warning: prbs_ber_pad_top/u_cfg_serial_if/g2519__6417 calls port VSS not declared in module MOAI22D0BWP7T
Warning: prbs_ber_pad_top/u_cfg_serial_if/g2519__6417 calls port VDD not declared in module MOAI22D0BWP7T
Warning: prbs_ber_pad_top/u_cfg_serial_if/g2522__5477 calls port VSS not declared in module INR2XD0BWP7T
Warning: prbs_ber_pad_top/u_cfg_serial_if/g2522__5477 calls port VDD not declared in module INR2XD0BWP7T
Warning: prbs_ber_pad_top/u_cfg_serial_if/g2524__2398 calls port VSS not declared in module MOAI22D0BWP7T
Warning: prbs_ber_pad_top/u_cfg_serial_if/g2524__2398 calls port VDD not declared in module MOAI22D0BWP7T
Warning: prbs_ber_pad_top/u_cfg_serial_if/g2525__5107 calls port VSS not declared in module INR2XD0BWP7T
Warning: prbs_ber_pad_top/u_cfg_serial_if/g2525__5107 calls port VDD not declared in module INR2XD0BWP7T
Warning: prbs_ber_pad_top/u_cfg_serial_if/g2528__6260 calls port VSS not declared in module INR2XD0BWP7T
Warning: prbs_ber_pad_top/u_cfg_serial_if/g2528__6260 calls port VDD not declared in module INR2XD0BWP7T
Warning: prbs_ber_pad_top/u_cfg_serial_if/g2529__4319 calls port VSS not declared in module IND4D0BWP7T
Warning: prbs_ber_pad_top/u_cfg_serial_if/g2529__4319 calls port VDD not declared in module IND4D0BWP7T
Warning: prbs_ber_pad_top/u_cfg_serial_if/g2530__8428 calls port VSS not declared in module MOAI22D0BWP7T
Warning: prbs_ber_pad_top/u_cfg_serial_if/g2530__8428 calls port VDD not declared in module MOAI22D0BWP7T
Warning: prbs_ber_pad_top/u_cfg_serial_if/g2533__5526 calls port VSS not declared in module OAI21D0BWP7T
Warning: prbs_ber_pad_top/u_cfg_serial_if/g2533__5526 calls port VDD not declared in module OAI21D0BWP7T
Warning: prbs_ber_pad_top/u_cfg_serial_if/g2535__6783 calls port VSS not declared in module INR2XD0BWP7T
Warning: prbs_ber_pad_top/u_cfg_serial_if/g2535__6783 calls port VDD not declared in module INR2XD0BWP7T
Warning: prbs_ber_pad_top/u_cfg_serial_if/g2536__3680 calls port VSS not declared in module INR2XD0BWP7T
Warning: prbs_ber_pad_top/u_cfg_serial_if/g2536__3680 calls port VDD not declared in module INR2XD0BWP7T
Warning: prbs_ber_pad_top/u_cfg_serial_if/g2537__1617 calls port VSS not declared in module ND2D1BWP7T
Warning: prbs_ber_pad_top/u_cfg_serial_if/g2537__1617 calls port VDD not declared in module ND2D1BWP7T
Warning: prbs_ber_pad_top/u_cfg_serial_if/g2538__2802 calls port VSS not declared in module OAI31D0BWP7T
Warning: prbs_ber_pad_top/u_cfg_serial_if/g2538__2802 calls port VDD not declared in module OAI31D0BWP7T
Warning: prbs_ber_pad_top/u_cfg_serial_if/g2539__1705 calls port VSS not declared in module OR2D1BWP7T
Warning: prbs_ber_pad_top/u_cfg_serial_if/g2539__1705 calls port VDD not declared in module OR2D1BWP7T
Warning: prbs_ber_pad_top/u_cfg_serial_if/g2542__5122 calls port VSS not declared in module MOAI22D0BWP7T
Warning: prbs_ber_pad_top/u_cfg_serial_if/g2542__5122 calls port VDD not declared in module MOAI22D0BWP7T
Warning: prbs_ber_pad_top/u_cfg_serial_if/g2543__8246 calls port VSS not declared in module OR3D1BWP7T
Warning: prbs_ber_pad_top/u_cfg_serial_if/g2543__8246 calls port VDD not declared in module OR3D1BWP7T
Warning: prbs_ber_pad_top/u_cfg_serial_if/g2544__7098 calls port VSS not declared in module INR2XD0BWP7T
Warning: prbs_ber_pad_top/u_cfg_serial_if/g2544__7098 calls port VDD not declared in module INR2XD0BWP7T
Warning: prbs_ber_pad_top/u_cfg_serial_if/g2545__6131 calls port VSS not declared in module INR2XD0BWP7T
Warning: prbs_ber_pad_top/u_cfg_serial_if/g2545__6131 calls port VDD not declared in module INR2XD0BWP7T
Warning: prbs_ber_pad_top/u_cfg_serial_if/g2546__1881 calls port VSS not declared in module OAI31D0BWP7T
Warning: prbs_ber_pad_top/u_cfg_serial_if/g2546__1881 calls port VDD not declared in module OAI31D0BWP7T
Warning: prbs_ber_pad_top/u_cfg_serial_if/g2550__5115 calls port VSS not declared in module ND2D1BWP7T
Warning: prbs_ber_pad_top/u_cfg_serial_if/g2550__5115 calls port VDD not declared in module ND2D1BWP7T
Warning: prbs_ber_pad_top/u_cfg_serial_if/g2551__7482 calls port VSS not declared in module IND2D1BWP7T
Warning: prbs_ber_pad_top/u_cfg_serial_if/g2551__7482 calls port VDD not declared in module IND2D1BWP7T
Warning: prbs_ber_pad_top/u_cfg_serial_if/g2552__4733 calls port VSS not declared in module IND2D1BWP7T
Warning: prbs_ber_pad_top/u_cfg_serial_if/g2552__4733 calls port VDD not declared in module IND2D1BWP7T
Warning: prbs_ber_pad_top/u_cfg_serial_if/g2553__6161 calls port VSS not declared in module INR2XD0BWP7T
Warning: prbs_ber_pad_top/u_cfg_serial_if/g2553__6161 calls port VDD not declared in module INR2XD0BWP7T
Warning: prbs_ber_pad_top/u_cfg_serial_if/g2554__9315 calls port VSS not declared in module CKAN2D1BWP7T
Warning: prbs_ber_pad_top/u_cfg_serial_if/g2554__9315 calls port VDD not declared in module CKAN2D1BWP7T
Warning: prbs_ber_pad_top/u_cfg_serial_if/g2556__9945 calls port VSS not declared in module IND3D1BWP7T
Warning: prbs_ber_pad_top/u_cfg_serial_if/g2556__9945 calls port VDD not declared in module IND3D1BWP7T
Warning: prbs_ber_pad_top/u_cfg_serial_if/g2557__2883 calls port VSS not declared in module INR2XD0BWP7T
Warning: prbs_ber_pad_top/u_cfg_serial_if/g2557__2883 calls port VDD not declared in module INR2XD0BWP7T
Warning: prbs_ber_pad_top/u_cfg_serial_if/g2558__2346 calls port VSS not declared in module IND3D1BWP7T
Warning: prbs_ber_pad_top/u_cfg_serial_if/g2558__2346 calls port VDD not declared in module IND3D1BWP7T
Warning: prbs_ber_pad_top/u_cfg_serial_if/g2559__1666 calls port VSS not declared in module OR3D1BWP7T
Warning: prbs_ber_pad_top/u_cfg_serial_if/g2559__1666 calls port VDD not declared in module OR3D1BWP7T
Warning: prbs_ber_pad_top/u_cfg_serial_if/g2560__7410 calls port VSS not declared in module INR2D1BWP7T
Warning: prbs_ber_pad_top/u_cfg_serial_if/g2560__7410 calls port VDD not declared in module INR2D1BWP7T
Warning: prbs_ber_pad_top/u_cfg_serial_if/g2562__6417 calls port VSS not declared in module OR2D1BWP7T
Warning: prbs_ber_pad_top/u_cfg_serial_if/g2562__6417 calls port VDD not declared in module OR2D1BWP7T
Warning: prbs_ber_pad_top/u_cfg_serial_if/g2565 calls port VSS not declared in module INVD1BWP7T
Warning: prbs_ber_pad_top/u_cfg_serial_if/g2565 calls port VDD not declared in module INVD1BWP7T
Warning: prbs_ber_pad_top/u_cfg_serial_if/g2566 calls port VSS not declared in module INVD1BWP7T
Warning: prbs_ber_pad_top/u_cfg_serial_if/g2566 calls port VDD not declared in module INVD1BWP7T
Warning: prbs_ber_pad_top/u_cfg_serial_if/g2567__5477 calls port VSS not declared in module OAI21D0BWP7T
Warning: prbs_ber_pad_top/u_cfg_serial_if/g2567__5477 calls port VDD not declared in module OAI21D0BWP7T
Warning: prbs_ber_pad_top/u_cfg_serial_if/g2568__2398 calls port VSS not declared in module IND2D1BWP7T
Warning: prbs_ber_pad_top/u_cfg_serial_if/g2568__2398 calls port VDD not declared in module IND2D1BWP7T
Warning: prbs_ber_pad_top/u_cfg_serial_if/g2571__5107 calls port VSS not declared in module OR2D2BWP7T
Warning: prbs_ber_pad_top/u_cfg_serial_if/g2571__5107 calls port VDD not declared in module OR2D2BWP7T
Warning: prbs_ber_pad_top/u_cfg_serial_if/g2577__6260 calls port VSS not declared in module ND2D1BWP7T
Warning: prbs_ber_pad_top/u_cfg_serial_if/g2577__6260 calls port VDD not declared in module ND2D1BWP7T
Warning: prbs_ber_pad_top/u_cfg_serial_if/g2578__4319 calls port VSS not declared in module NR2XD0BWP7T
Warning: prbs_ber_pad_top/u_cfg_serial_if/g2578__4319 calls port VDD not declared in module NR2XD0BWP7T
Warning: prbs_ber_pad_top/u_cfg_serial_if/g2579__8428 calls port VSS not declared in module IND2D1BWP7T
Warning: prbs_ber_pad_top/u_cfg_serial_if/g2579__8428 calls port VDD not declared in module IND2D1BWP7T
Warning: prbs_ber_pad_top/u_cfg_serial_if/g2580__5526 calls port VSS not declared in module OR2D1BWP7T
Warning: prbs_ber_pad_top/u_cfg_serial_if/g2580__5526 calls port VDD not declared in module OR2D1BWP7T
Warning: prbs_ber_pad_top/u_cfg_serial_if/g2582__3680 calls port VSS not declared in module INR2D1BWP7T
Warning: prbs_ber_pad_top/u_cfg_serial_if/g2582__3680 calls port VDD not declared in module INR2D1BWP7T
Warning: prbs_ber_pad_top/u_cfg_serial_if/rx_bit_cnt_q_reg[5] calls port VSS not declared in module DFCNQD1BWP7T
Warning: prbs_ber_pad_top/u_cfg_serial_if/rx_bit_cnt_q_reg[5] calls port VDD not declared in module DFCNQD1BWP7T
Warning: prbs_ber_pad_top/u_cfg_serial_if/g1897__1617 calls port VSS not declared in module NR2XD0BWP7T
Warning: prbs_ber_pad_top/u_cfg_serial_if/g1897__1617 calls port VDD not declared in module NR2XD0BWP7T
Warning: prbs_ber_pad_top/u_cfg_serial_if/rx_bit_cnt_q_reg[4] calls port VSS not declared in module DFCNQD1BWP7T
Warning: prbs_ber_pad_top/u_cfg_serial_if/rx_bit_cnt_q_reg[4] calls port VDD not declared in module DFCNQD1BWP7T
Warning: prbs_ber_pad_top/u_cfg_serial_if/g1899__2802 calls port VSS not declared in module XNR2D1BWP7T
Warning: prbs_ber_pad_top/u_cfg_serial_if/g1899__2802 calls port VDD not declared in module XNR2D1BWP7T
Warning: prbs_ber_pad_top/u_cfg_serial_if/g1900__1705 calls port VSS not declared in module INR2XD0BWP7T
Warning: prbs_ber_pad_top/u_cfg_serial_if/g1900__1705 calls port VDD not declared in module INR2XD0BWP7T
Warning: prbs_ber_pad_top/u_cfg_serial_if/g1901__5122 calls port VSS not declared in module HA1D0BWP7T
Warning: prbs_ber_pad_top/u_cfg_serial_if/g1901__5122 calls port VDD not declared in module HA1D0BWP7T
Warning: prbs_ber_pad_top/u_cfg_serial_if/rx_bit_cnt_q_reg[3] calls port VSS not declared in module DFCNQD1BWP7T
Warning: prbs_ber_pad_top/u_cfg_serial_if/rx_bit_cnt_q_reg[3] calls port VDD not declared in module DFCNQD1BWP7T
Warning: prbs_ber_pad_top/u_cfg_serial_if/rx_bit_cnt_q_reg[1] calls port VSS not declared in module DFCNQD1BWP7T
Warning: prbs_ber_pad_top/u_cfg_serial_if/rx_bit_cnt_q_reg[1] calls port VDD not declared in module DFCNQD1BWP7T
Warning: prbs_ber_pad_top/u_cfg_serial_if/rx_bit_cnt_q_reg[2] calls port VSS not declared in module DFCNQD1BWP7T
Warning: prbs_ber_pad_top/u_cfg_serial_if/rx_bit_cnt_q_reg[2] calls port VDD not declared in module DFCNQD1BWP7T
Warning: prbs_ber_pad_top/u_cfg_serial_if/state_q_reg[1] calls port VSS not declared in module DFCNQD1BWP7T
Warning: prbs_ber_pad_top/u_cfg_serial_if/state_q_reg[1] calls port VDD not declared in module DFCNQD1BWP7T
Warning: prbs_ber_pad_top/u_cfg_serial_if/g1906__8246 calls port VSS not declared in module NR2XD0BWP7T
Warning: prbs_ber_pad_top/u_cfg_serial_if/g1906__8246 calls port VDD not declared in module NR2XD0BWP7T
Warning: prbs_ber_pad_top/u_cfg_serial_if/g1907__7098 calls port VSS not declared in module NR2XD0BWP7T
Warning: prbs_ber_pad_top/u_cfg_serial_if/g1907__7098 calls port VDD not declared in module NR2XD0BWP7T
Warning: prbs_ber_pad_top/u_cfg_serial_if/g1908__6131 calls port VSS not declared in module NR2XD0BWP7T
Warning: prbs_ber_pad_top/u_cfg_serial_if/g1908__6131 calls port VDD not declared in module NR2XD0BWP7T
Warning: prbs_ber_pad_top/u_cfg_serial_if/g1909__1881 calls port VSS not declared in module OAI31D0BWP7T
Warning: prbs_ber_pad_top/u_cfg_serial_if/g1909__1881 calls port VDD not declared in module OAI31D0BWP7T
Warning: prbs_ber_pad_top/u_cfg_serial_if/cmd_shift_q_reg[33] calls port VSS not declared in module DFCNQD1BWP7T
Warning: prbs_ber_pad_top/u_cfg_serial_if/cmd_shift_q_reg[33] calls port VDD not declared in module DFCNQD1BWP7T
Warning: prbs_ber_pad_top/u_cfg_serial_if/cmd_shift_q_reg[38] calls port VSS not declared in module DFCNQD1BWP7T
Warning: prbs_ber_pad_top/u_cfg_serial_if/cmd_shift_q_reg[38] calls port VDD not declared in module DFCNQD1BWP7T
Warning: prbs_ber_pad_top/u_cfg_serial_if/rx_bit_cnt_q_reg[0] calls port VSS not declared in module DFCNQD1BWP7T
Warning: prbs_ber_pad_top/u_cfg_serial_if/rx_bit_cnt_q_reg[0] calls port VDD not declared in module DFCNQD1BWP7T
Warning: prbs_ber_pad_top/u_cfg_serial_if/g1913__5115 calls port VSS not declared in module CKXOR2D1BWP7T
Warning: prbs_ber_pad_top/u_cfg_serial_if/g1913__5115 calls port VDD not declared in module CKXOR2D1BWP7T
Warning: prbs_ber_pad_top/u_cfg_serial_if/g1914__7482 calls port VSS not declared in module CKXOR2D1BWP7T
Warning: prbs_ber_pad_top/u_cfg_serial_if/g1914__7482 calls port VDD not declared in module CKXOR2D1BWP7T
Warning: prbs_ber_pad_top/u_cfg_serial_if/g1915__4733 calls port VSS not declared in module XNR2D1BWP7T
Warning: prbs_ber_pad_top/u_cfg_serial_if/g1915__4733 calls port VDD not declared in module XNR2D1BWP7T
Warning: prbs_ber_pad_top/u_cfg_serial_if/state_q_reg[2] calls port VSS not declared in module DFCNQD1BWP7T
Warning: prbs_ber_pad_top/u_cfg_serial_if/state_q_reg[2] calls port VDD not declared in module DFCNQD1BWP7T
Warning: prbs_ber_pad_top/u_cfg_serial_if/state_q_reg[0] calls port VSS not declared in module DFCNQD1BWP7T
Warning: prbs_ber_pad_top/u_cfg_serial_if/state_q_reg[0] calls port VDD not declared in module DFCNQD1BWP7T
Warning: prbs_ber_pad_top/u_cfg_serial_if/g1918__6161 calls port VSS not declared in module NR2XD0BWP7T
Warning: prbs_ber_pad_top/u_cfg_serial_if/g1918__6161 calls port VDD not declared in module NR2XD0BWP7T
Warning: prbs_ber_pad_top/u_cfg_serial_if/g1919__9315 calls port VSS not declared in module INR2XD0BWP7T
Warning: prbs_ber_pad_top/u_cfg_serial_if/g1919__9315 calls port VDD not declared in module INR2XD0BWP7T
Warning: prbs_ber_pad_top/u_cfg_serial_if/g1920__9945 calls port VSS not declared in module INR2XD0BWP7T
Warning: prbs_ber_pad_top/u_cfg_serial_if/g1920__9945 calls port VDD not declared in module INR2XD0BWP7T
Warning: prbs_ber_pad_top/u_cfg_serial_if/g1921__2883 calls port VSS not declared in module INR2XD0BWP7T
Warning: prbs_ber_pad_top/u_cfg_serial_if/g1921__2883 calls port VDD not declared in module INR2XD0BWP7T
Warning: prbs_ber_pad_top/u_cfg_serial_if/g1922 calls port VSS not declared in module INVD1BWP7T
Warning: prbs_ber_pad_top/u_cfg_serial_if/g1922 calls port VDD not declared in module INVD1BWP7T
Warning: prbs_ber_pad_top/u_cfg_serial_if/cfg_we_reg calls port VSS not declared in module DFCNQD1BWP7T
Warning: prbs_ber_pad_top/u_cfg_serial_if/cfg_we_reg calls port VDD not declared in module DFCNQD1BWP7T
Warning: prbs_ber_pad_top/u_cfg_serial_if/cfg_re_reg calls port VSS not declared in module DFCNQD1BWP7T
Warning: prbs_ber_pad_top/u_cfg_serial_if/cfg_re_reg calls port VDD not declared in module DFCNQD1BWP7T
Warning: prbs_ber_pad_top/u_cfg_serial_if/cmd_shift_q_reg[32] calls port VSS not declared in module DFCNQD1BWP7T
Warning: prbs_ber_pad_top/u_cfg_serial_if/cmd_shift_q_reg[32] calls port VDD not declared in module DFCNQD1BWP7T
Warning: prbs_ber_pad_top/u_cfg_serial_if/g1816__2346 calls port VSS not declared in module NR3D0BWP7T
Warning: prbs_ber_pad_top/u_cfg_serial_if/g1816__2346 calls port VDD not declared in module NR3D0BWP7T
Warning: prbs_ber_pad_top/u_cfg_serial_if/cmd_shift_q_reg[37] calls port VSS not declared in module DFCNQD1BWP7T
Warning: prbs_ber_pad_top/u_cfg_serial_if/cmd_shift_q_reg[37] calls port VDD not declared in module DFCNQD1BWP7T
Warning: prbs_ber_pad_top/u_cfg_serial_if/cfg_cs_n_sync_reg calls port VSS not declared in module DFSNQD1BWP7T
Warning: prbs_ber_pad_top/u_cfg_serial_if/cfg_cs_n_sync_reg calls port VDD not declared in module DFSNQD1BWP7T
Warning: prbs_ber_pad_top/u_cfg_serial_if/cfg_addr_reg[1] calls port VSS not declared in module DFCNQD1BWP7T
Warning: prbs_ber_pad_top/u_cfg_serial_if/cfg_addr_reg[1] calls port VDD not declared in module DFCNQD1BWP7T
Warning: prbs_ber_pad_top/u_cfg_serial_if/cfg_wdata_reg[31] calls port VSS not declared in module DFCNQD1BWP7T
Warning: prbs_ber_pad_top/u_cfg_serial_if/cfg_wdata_reg[31] calls port VDD not declared in module DFCNQD1BWP7T
Warning: prbs_ber_pad_top/u_cfg_serial_if/cfg_wdata_reg[29] calls port VSS not declared in module DFCNQD1BWP7T
Warning: prbs_ber_pad_top/u_cfg_serial_if/cfg_wdata_reg[29] calls port VDD not declared in module DFCNQD1BWP7T
Warning: prbs_ber_pad_top/u_cfg_serial_if/cfg_wdata_reg[30] calls port VSS not declared in module DFCNQD1BWP7T
Warning: prbs_ber_pad_top/u_cfg_serial_if/cfg_wdata_reg[30] calls port VDD not declared in module DFCNQD1BWP7T
Warning: prbs_ber_pad_top/u_cfg_serial_if/cfg_addr_reg[2] calls port VSS not declared in module DFCNQD1BWP7T
Warning: prbs_ber_pad_top/u_cfg_serial_if/cfg_addr_reg[2] calls port VDD not declared in module DFCNQD1BWP7T
Warning: prbs_ber_pad_top/u_cfg_serial_if/cfg_wdata_reg[28] calls port VSS not declared in module DFCNQD1BWP7T
Warning: prbs_ber_pad_top/u_cfg_serial_if/cfg_wdata_reg[28] calls port VDD not declared in module DFCNQD1BWP7T
Warning: prbs_ber_pad_top/u_cfg_serial_if/cfg_addr_reg[3] calls port VSS not declared in module DFCNQD1BWP7T
Warning: prbs_ber_pad_top/u_cfg_serial_if/cfg_addr_reg[3] calls port VDD not declared in module DFCNQD1BWP7T
Warning: prbs_ber_pad_top/u_cfg_serial_if/cfg_addr_reg[4] calls port VSS not declared in module DFCNQD1BWP7T
Warning: prbs_ber_pad_top/u_cfg_serial_if/cfg_addr_reg[4] calls port VDD not declared in module DFCNQD1BWP7T
Warning: prbs_ber_pad_top/u_cfg_serial_if/cfg_addr_reg[0] calls port VSS not declared in module DFCNQD1BWP7T
Warning: prbs_ber_pad_top/u_cfg_serial_if/cfg_addr_reg[0] calls port VDD not declared in module DFCNQD1BWP7T
Warning: prbs_ber_pad_top/u_cfg_serial_if/cfg_wdata_reg[24] calls port VSS not declared in module DFCNQD1BWP7T
Warning: prbs_ber_pad_top/u_cfg_serial_if/cfg_wdata_reg[24] calls port VDD not declared in module DFCNQD1BWP7T
Warning: prbs_ber_pad_top/u_cfg_serial_if/cfg_wdata_reg[0] calls port VSS not declared in module DFCNQD1BWP7T
Warning: prbs_ber_pad_top/u_cfg_serial_if/cfg_wdata_reg[0] calls port VDD not declared in module DFCNQD1BWP7T
Warning: prbs_ber_pad_top/u_cfg_serial_if/cfg_wdata_reg[1] calls port VSS not declared in module DFCNQD1BWP7T
Warning: prbs_ber_pad_top/u_cfg_serial_if/cfg_wdata_reg[1] calls port VDD not declared in module DFCNQD1BWP7T
Warning: prbs_ber_pad_top/u_cfg_serial_if/cfg_wdata_reg[2] calls port VSS not declared in module DFCNQD1BWP7T
Warning: prbs_ber_pad_top/u_cfg_serial_if/cfg_wdata_reg[2] calls port VDD not declared in module DFCNQD1BWP7T
Warning: prbs_ber_pad_top/u_cfg_serial_if/cfg_wdata_reg[20] calls port VSS not declared in module DFCNQD1BWP7T
Warning: prbs_ber_pad_top/u_cfg_serial_if/cfg_wdata_reg[20] calls port VDD not declared in module DFCNQD1BWP7T
Warning: prbs_ber_pad_top/u_cfg_serial_if/cfg_wdata_reg[3] calls port VSS not declared in module DFCNQD1BWP7T
Warning: prbs_ber_pad_top/u_cfg_serial_if/cfg_wdata_reg[3] calls port VDD not declared in module DFCNQD1BWP7T
Warning: prbs_ber_pad_top/u_cfg_serial_if/cfg_wdata_reg[4] calls port VSS not declared in module DFCNQD1BWP7T
Warning: prbs_ber_pad_top/u_cfg_serial_if/cfg_wdata_reg[4] calls port VDD not declared in module DFCNQD1BWP7T
Warning: prbs_ber_pad_top/u_cfg_serial_if/cfg_wdata_reg[5] calls port VSS not declared in module DFCNQD1BWP7T
Warning: prbs_ber_pad_top/u_cfg_serial_if/cfg_wdata_reg[5] calls port VDD not declared in module DFCNQD1BWP7T
Warning: prbs_ber_pad_top/u_cfg_serial_if/cfg_wdata_reg[6] calls port VSS not declared in module DFCNQD1BWP7T
Warning: prbs_ber_pad_top/u_cfg_serial_if/cfg_wdata_reg[6] calls port VDD not declared in module DFCNQD1BWP7T
Warning: prbs_ber_pad_top/u_cfg_serial_if/cfg_wdata_reg[7] calls port VSS not declared in module DFCNQD1BWP7T
Warning: prbs_ber_pad_top/u_cfg_serial_if/cfg_wdata_reg[7] calls port VDD not declared in module DFCNQD1BWP7T
Warning: prbs_ber_pad_top/u_cfg_serial_if/g1838__1666 calls port VSS not declared in module NR2XD0BWP7T
Warning: prbs_ber_pad_top/u_cfg_serial_if/g1838__1666 calls port VDD not declared in module NR2XD0BWP7T
Warning: prbs_ber_pad_top/u_cfg_serial_if/cfg_wdata_reg[9] calls port VSS not declared in module DFCNQD1BWP7T
Warning: prbs_ber_pad_top/u_cfg_serial_if/cfg_wdata_reg[9] calls port VDD not declared in module DFCNQD1BWP7T
Warning: prbs_ber_pad_top/u_cfg_serial_if/cfg_wdata_reg[10] calls port VSS not declared in module DFCNQD1BWP7T
Warning: prbs_ber_pad_top/u_cfg_serial_if/cfg_wdata_reg[10] calls port VDD not declared in module DFCNQD1BWP7T
Warning: prbs_ber_pad_top/u_cfg_serial_if/cfg_wdata_reg[11] calls port VSS not declared in module DFCNQD1BWP7T
Warning: prbs_ber_pad_top/u_cfg_serial_if/cfg_wdata_reg[11] calls port VDD not declared in module DFCNQD1BWP7T
Warning: prbs_ber_pad_top/u_cfg_serial_if/cfg_wdata_reg[12] calls port VSS not declared in module DFCNQD1BWP7T
Warning: prbs_ber_pad_top/u_cfg_serial_if/cfg_wdata_reg[12] calls port VDD not declared in module DFCNQD1BWP7T
Warning: prbs_ber_pad_top/u_cfg_serial_if/cfg_wdata_reg[13] calls port VSS not declared in module DFCNQD1BWP7T
Warning: prbs_ber_pad_top/u_cfg_serial_if/cfg_wdata_reg[13] calls port VDD not declared in module DFCNQD1BWP7T
Warning: prbs_ber_pad_top/u_cfg_serial_if/cfg_wdata_reg[14] calls port VSS not declared in module DFCNQD1BWP7T
Warning: prbs_ber_pad_top/u_cfg_serial_if/cfg_wdata_reg[14] calls port VDD not declared in module DFCNQD1BWP7T
Warning: prbs_ber_pad_top/u_cfg_serial_if/cfg_wdata_reg[15] calls port VSS not declared in module DFCNQD1BWP7T
Warning: prbs_ber_pad_top/u_cfg_serial_if/cfg_wdata_reg[15] calls port VDD not declared in module DFCNQD1BWP7T
Warning: prbs_ber_pad_top/u_cfg_serial_if/cfg_wdata_reg[16] calls port VSS not declared in module DFCNQD1BWP7T
Warning: prbs_ber_pad_top/u_cfg_serial_if/cfg_wdata_reg[16] calls port VDD not declared in module DFCNQD1BWP7T
Warning: prbs_ber_pad_top/u_cfg_serial_if/cfg_wdata_reg[17] calls port VSS not declared in module DFCNQD1BWP7T
Warning: prbs_ber_pad_top/u_cfg_serial_if/cfg_wdata_reg[17] calls port VDD not declared in module DFCNQD1BWP7T
Warning: prbs_ber_pad_top/u_cfg_serial_if/cfg_wdata_reg[18] calls port VSS not declared in module DFCNQD1BWP7T
Warning: prbs_ber_pad_top/u_cfg_serial_if/cfg_wdata_reg[18] calls port VDD not declared in module DFCNQD1BWP7T
Warning: prbs_ber_pad_top/u_cfg_serial_if/cfg_wdata_reg[19] calls port VSS not declared in module DFCNQD1BWP7T
Warning: prbs_ber_pad_top/u_cfg_serial_if/cfg_wdata_reg[19] calls port VDD not declared in module DFCNQD1BWP7T
Warning: prbs_ber_pad_top/u_cfg_serial_if/cfg_wdata_reg[21] calls port VSS not declared in module DFCNQD1BWP7T
Warning: prbs_ber_pad_top/u_cfg_serial_if/cfg_wdata_reg[21] calls port VDD not declared in module DFCNQD1BWP7T
Warning: prbs_ber_pad_top/u_cfg_serial_if/cfg_wdata_reg[22] calls port VSS not declared in module DFCNQD1BWP7T
Warning: prbs_ber_pad_top/u_cfg_serial_if/cfg_wdata_reg[22] calls port VDD not declared in module DFCNQD1BWP7T
Warning: prbs_ber_pad_top/u_cfg_serial_if/cfg_wdata_reg[23] calls port VSS not declared in module DFCNQD1BWP7T
Warning: prbs_ber_pad_top/u_cfg_serial_if/cfg_wdata_reg[23] calls port VDD not declared in module DFCNQD1BWP7T
Warning: prbs_ber_pad_top/u_cfg_serial_if/cfg_wdata_reg[25] calls port VSS not declared in module DFCNQD1BWP7T
Warning: prbs_ber_pad_top/u_cfg_serial_if/cfg_wdata_reg[25] calls port VDD not declared in module DFCNQD1BWP7T
Warning: prbs_ber_pad_top/u_cfg_serial_if/cfg_wdata_reg[26] calls port VSS not declared in module DFCNQD1BWP7T
Warning: prbs_ber_pad_top/u_cfg_serial_if/cfg_wdata_reg[26] calls port VDD not declared in module DFCNQD1BWP7T
Warning: prbs_ber_pad_top/u_cfg_serial_if/cfg_wdata_reg[27] calls port VSS not declared in module DFCNQD1BWP7T
Warning: prbs_ber_pad_top/u_cfg_serial_if/cfg_wdata_reg[27] calls port VDD not declared in module DFCNQD1BWP7T
Warning: prbs_ber_pad_top/u_cfg_serial_if/g1856__7410 calls port VSS not declared in module INR2XD0BWP7T
Warning: prbs_ber_pad_top/u_cfg_serial_if/g1856__7410 calls port VDD not declared in module INR2XD0BWP7T
Warning: prbs_ber_pad_top/u_cfg_serial_if/g1857__6417 calls port VSS not declared in module INR2XD0BWP7T
Warning: prbs_ber_pad_top/u_cfg_serial_if/g1857__6417 calls port VDD not declared in module INR2XD0BWP7T
Warning: prbs_ber_pad_top/u_cfg_serial_if/cfg_wdata_reg[8] calls port VSS not declared in module DFCNQD1BWP7T
Warning: prbs_ber_pad_top/u_cfg_serial_if/cfg_wdata_reg[8] calls port VDD not declared in module DFCNQD1BWP7T
Warning: prbs_ber_pad_top/u_cfg_serial_if/tie_0_cell calls port VSS not declared in module TIELBWP7T
Warning: prbs_ber_pad_top/u_cfg_serial_if/tie_0_cell calls port VDD not declared in module TIELBWP7T
Warning: prbs_ber_pad_top/u_cfg_serial_if/tie_0_cell1 calls port VSS not declared in module TIELBWP7T
Warning: prbs_ber_pad_top/u_cfg_serial_if/tie_0_cell1 calls port VDD not declared in module TIELBWP7T
Warning: prbs_ber_pad_top/u_cfg_serial_if/tie_0_cell2 calls port VSS not declared in module TIELBWP7T
Warning: prbs_ber_pad_top/u_cfg_serial_if/tie_0_cell2 calls port VDD not declared in module TIELBWP7T
Warning: prbs_ber_pad_top/u_cfg_serial_if/tie_0_cell3 calls port VSS not declared in module TIELBWP7T
Warning: prbs_ber_pad_top/u_cfg_serial_if/tie_0_cell3 calls port VDD not declared in module TIELBWP7T
Warning: prbs_ber_pad_top/u_cfg_serial_if/tie_0_cell4 calls port VSS not declared in module TIELBWP7T
Warning: prbs_ber_pad_top/u_cfg_serial_if/tie_0_cell4 calls port VDD not declared in module TIELBWP7T
Warning: prbs_ber_pad_top/u_cfg_serial_if/tie_0_cell5 calls port VSS not declared in module TIELBWP7T
Warning: prbs_ber_pad_top/u_cfg_serial_if/tie_0_cell5 calls port VDD not declared in module TIELBWP7T
Warning: prbs_ber_pad_top/u_prbs_ber_chip_top/CTS_ccl_a_buf_00002 calls port VSS not declared in module CKBD3BWP7T
Warning: prbs_ber_pad_top/u_prbs_ber_chip_top/CTS_ccl_a_buf_00002 calls port VDD not declared in module CKBD3BWP7T
Warning: prbs_ber_pad_top/u_prbs_ber_chip_top/u_csr_regbank/CTS_cpc_drv_buf_00087 calls port VSS not declared in module CKBD2BWP7T
Warning: prbs_ber_pad_top/u_prbs_ber_chip_top/u_csr_regbank/CTS_cpc_drv_buf_00087 calls port VDD not declared in module CKBD2BWP7T
Warning: prbs_ber_pad_top/u_prbs_ber_chip_top/u_csr_regbank/CTS_cpc_drv_buf_00084 calls port VSS not declared in module CKBD6BWP7T
Warning: prbs_ber_pad_top/u_prbs_ber_chip_top/u_csr_regbank/CTS_cpc_drv_buf_00084 calls port VDD not declared in module CKBD6BWP7T
Warning: prbs_ber_pad_top/u_prbs_ber_chip_top/u_csr_regbank/CTS_ccl_a_buf_00048 calls port VSS not declared in module CKBD2BWP7T
Warning: prbs_ber_pad_top/u_prbs_ber_chip_top/u_csr_regbank/CTS_ccl_a_buf_00048 calls port VDD not declared in module CKBD2BWP7T
Warning: prbs_ber_pad_top/u_prbs_ber_chip_top/u_csr_regbank/CTS_ccl_a_buf_00047 calls port VSS not declared in module CKBD1BWP7T
Warning: prbs_ber_pad_top/u_prbs_ber_chip_top/u_csr_regbank/CTS_ccl_a_buf_00047 calls port VDD not declared in module CKBD1BWP7T
Warning: prbs_ber_pad_top/u_prbs_ber_chip_top/u_csr_regbank/CTS_ccl_a_buf_00046 calls port VSS not declared in module CKBD1BWP7T
Warning: prbs_ber_pad_top/u_prbs_ber_chip_top/u_csr_regbank/CTS_ccl_a_buf_00046 calls port VDD not declared in module CKBD1BWP7T
Warning: prbs_ber_pad_top/u_prbs_ber_chip_top/u_csr_regbank/CTS_ccl_a_buf_00045 calls port VSS not declared in module CKBD2BWP7T
Warning: prbs_ber_pad_top/u_prbs_ber_chip_top/u_csr_regbank/CTS_ccl_a_buf_00045 calls port VDD not declared in module CKBD2BWP7T
Warning: prbs_ber_pad_top/u_prbs_ber_chip_top/u_csr_regbank/CTS_ccl_a_buf_00040 calls port VSS not declared in module CKBD2BWP7T
Warning: prbs_ber_pad_top/u_prbs_ber_chip_top/u_csr_regbank/CTS_ccl_a_buf_00040 calls port VDD not declared in module CKBD2BWP7T
Warning: prbs_ber_pad_top/u_prbs_ber_chip_top/u_csr_regbank/CTS_ccl_a_buf_00039 calls port VSS not declared in module CKBD1BWP7T
Warning: prbs_ber_pad_top/u_prbs_ber_chip_top/u_csr_regbank/CTS_ccl_a_buf_00039 calls port VDD not declared in module CKBD1BWP7T
Warning: prbs_ber_pad_top/u_prbs_ber_chip_top/u_csr_regbank/CTS_ccl_a_buf_00038 calls port VSS not declared in module CKBD1BWP7T
Warning: prbs_ber_pad_top/u_prbs_ber_chip_top/u_csr_regbank/CTS_ccl_a_buf_00038 calls port VDD not declared in module CKBD1BWP7T
Warning: prbs_ber_pad_top/u_prbs_ber_chip_top/u_csr_regbank/CTS_ccl_a_buf_00037 calls port VSS not declared in module CKBD1BWP7T
Warning: prbs_ber_pad_top/u_prbs_ber_chip_top/u_csr_regbank/CTS_ccl_a_buf_00037 calls port VDD not declared in module CKBD1BWP7T
Warning: prbs_ber_pad_top/u_prbs_ber_chip_top/u_csr_regbank/CTS_ccl_a_buf_00032 calls port VSS not declared in module CKBD1BWP7T
Warning: prbs_ber_pad_top/u_prbs_ber_chip_top/u_csr_regbank/CTS_ccl_a_buf_00032 calls port VDD not declared in module CKBD1BWP7T
Warning: prbs_ber_pad_top/u_prbs_ber_chip_top/u_csr_regbank/CTS_ccl_a_buf_00031 calls port VSS not declared in module CKBD1BWP7T
Warning: prbs_ber_pad_top/u_prbs_ber_chip_top/u_csr_regbank/CTS_ccl_a_buf_00031 calls port VDD not declared in module CKBD1BWP7T
Warning: prbs_ber_pad_top/u_prbs_ber_chip_top/u_csr_regbank/CTS_ccl_a_buf_00030 calls port VSS not declared in module CKBD2BWP7T
Warning: prbs_ber_pad_top/u_prbs_ber_chip_top/u_csr_regbank/CTS_ccl_a_buf_00030 calls port VDD not declared in module CKBD2BWP7T
Warning: prbs_ber_pad_top/u_prbs_ber_chip_top/u_csr_regbank/CTS_ccl_a_buf_00029 calls port VSS not declared in module CKBD1BWP7T
Warning: prbs_ber_pad_top/u_prbs_ber_chip_top/u_csr_regbank/CTS_ccl_a_buf_00029 calls port VDD not declared in module CKBD1BWP7T
Warning: prbs_ber_pad_top/u_prbs_ber_chip_top/u_csr_regbank/CTS_ccl_a_buf_00020 calls port VSS not declared in module CKBD1BWP7T
Warning: prbs_ber_pad_top/u_prbs_ber_chip_top/u_csr_regbank/CTS_ccl_a_buf_00020 calls port VDD not declared in module CKBD1BWP7T
Warning: prbs_ber_pad_top/u_prbs_ber_chip_top/u_csr_regbank/CTS_ccl_a_buf_00019 calls port VSS not declared in module CKBD1BWP7T
Warning: prbs_ber_pad_top/u_prbs_ber_chip_top/u_csr_regbank/CTS_ccl_a_buf_00019 calls port VDD not declared in module CKBD1BWP7T
Warning: prbs_ber_pad_top/u_prbs_ber_chip_top/u_csr_regbank/CTS_ccl_a_buf_00018 calls port VSS not declared in module CKBD1BWP7T
Warning: prbs_ber_pad_top/u_prbs_ber_chip_top/u_csr_regbank/CTS_ccl_a_buf_00018 calls port VDD not declared in module CKBD1BWP7T
Warning: prbs_ber_pad_top/u_prbs_ber_chip_top/u_csr_regbank/CTS_ccl_a_buf_00017 calls port VSS not declared in module CKBD2BWP7T
Warning: prbs_ber_pad_top/u_prbs_ber_chip_top/u_csr_regbank/CTS_ccl_a_buf_00017 calls port VDD not declared in module CKBD2BWP7T
Warning: prbs_ber_pad_top/u_prbs_ber_chip_top/u_csr_regbank/CTS_ccl_a_buf_00016 calls port VSS not declared in module CKBD1BWP7T
Warning: prbs_ber_pad_top/u_prbs_ber_chip_top/u_csr_regbank/CTS_ccl_a_buf_00016 calls port VDD not declared in module CKBD1BWP7T
Warning: prbs_ber_pad_top/u_prbs_ber_chip_top/u_csr_regbank/CTS_ccl_a_buf_00015 calls port VSS not declared in module CKBD1BWP7T
Warning: prbs_ber_pad_top/u_prbs_ber_chip_top/u_csr_regbank/CTS_ccl_a_buf_00015 calls port VDD not declared in module CKBD1BWP7T
Warning: prbs_ber_pad_top/u_prbs_ber_chip_top/u_csr_regbank/CTS_ccl_a_buf_00014 calls port VSS not declared in module CKBD2BWP7T
Warning: prbs_ber_pad_top/u_prbs_ber_chip_top/u_csr_regbank/CTS_ccl_a_buf_00014 calls port VDD not declared in module CKBD2BWP7T
Warning: prbs_ber_pad_top/u_prbs_ber_chip_top/u_csr_regbank/CTS_ccl_a_buf_00013 calls port VSS not declared in module CKBD1BWP7T
Warning: prbs_ber_pad_top/u_prbs_ber_chip_top/u_csr_regbank/CTS_ccl_a_buf_00013 calls port VDD not declared in module CKBD1BWP7T
Warning: prbs_ber_pad_top/u_prbs_ber_chip_top/u_csr_regbank/CTS_ccl_a_buf_00044 calls port VSS not declared in module CKBD1BWP7T
Warning: prbs_ber_pad_top/u_prbs_ber_chip_top/u_csr_regbank/CTS_ccl_a_buf_00044 calls port VDD not declared in module CKBD1BWP7T
Warning: prbs_ber_pad_top/u_prbs_ber_chip_top/u_csr_regbank/CTS_ccl_a_buf_00043 calls port VSS not declared in module CKBD1BWP7T
Warning: prbs_ber_pad_top/u_prbs_ber_chip_top/u_csr_regbank/CTS_ccl_a_buf_00043 calls port VDD not declared in module CKBD1BWP7T
Warning: prbs_ber_pad_top/u_prbs_ber_chip_top/u_csr_regbank/CTS_ccl_a_buf_00042 calls port VSS not declared in module CKBD1BWP7T
Warning: prbs_ber_pad_top/u_prbs_ber_chip_top/u_csr_regbank/CTS_ccl_a_buf_00042 calls port VDD not declared in module CKBD1BWP7T
Warning: prbs_ber_pad_top/u_prbs_ber_chip_top/u_csr_regbank/CTS_ccl_a_buf_00041 calls port VSS not declared in module CKBD2BWP7T
Warning: prbs_ber_pad_top/u_prbs_ber_chip_top/u_csr_regbank/CTS_ccl_a_buf_00041 calls port VDD not declared in module CKBD2BWP7T
Warning: prbs_ber_pad_top/u_prbs_ber_chip_top/u_csr_regbank/CTS_ccl_a_buf_00036 calls port VSS not declared in module CKBD1BWP7T
Warning: prbs_ber_pad_top/u_prbs_ber_chip_top/u_csr_regbank/CTS_ccl_a_buf_00036 calls port VDD not declared in module CKBD1BWP7T
Warning: prbs_ber_pad_top/u_prbs_ber_chip_top/u_csr_regbank/CTS_ccl_a_buf_00035 calls port VSS not declared in module CKBD1BWP7T
Warning: prbs_ber_pad_top/u_prbs_ber_chip_top/u_csr_regbank/CTS_ccl_a_buf_00035 calls port VDD not declared in module CKBD1BWP7T
Warning: prbs_ber_pad_top/u_prbs_ber_chip_top/u_csr_regbank/CTS_ccl_a_buf_00034 calls port VSS not declared in module CKBD1BWP7T
Warning: prbs_ber_pad_top/u_prbs_ber_chip_top/u_csr_regbank/CTS_ccl_a_buf_00034 calls port VDD not declared in module CKBD1BWP7T
Warning: prbs_ber_pad_top/u_prbs_ber_chip_top/u_csr_regbank/CTS_ccl_a_buf_00033 calls port VSS not declared in module CKBD1BWP7T
Warning: prbs_ber_pad_top/u_prbs_ber_chip_top/u_csr_regbank/CTS_ccl_a_buf_00033 calls port VDD not declared in module CKBD1BWP7T
Warning: prbs_ber_pad_top/u_prbs_ber_chip_top/u_csr_regbank/CTS_ccl_a_buf_00028 calls port VSS not declared in module CKBD1BWP7T
Warning: prbs_ber_pad_top/u_prbs_ber_chip_top/u_csr_regbank/CTS_ccl_a_buf_00028 calls port VDD not declared in module CKBD1BWP7T
Warning: prbs_ber_pad_top/u_prbs_ber_chip_top/u_csr_regbank/CTS_ccl_a_buf_00027 calls port VSS not declared in module CKBD1BWP7T
Warning: prbs_ber_pad_top/u_prbs_ber_chip_top/u_csr_regbank/CTS_ccl_a_buf_00027 calls port VDD not declared in module CKBD1BWP7T
Warning: prbs_ber_pad_top/u_prbs_ber_chip_top/u_csr_regbank/CTS_ccl_a_buf_00026 calls port VSS not declared in module CKBD1BWP7T
Warning: prbs_ber_pad_top/u_prbs_ber_chip_top/u_csr_regbank/CTS_ccl_a_buf_00026 calls port VDD not declared in module CKBD1BWP7T
Warning: prbs_ber_pad_top/u_prbs_ber_chip_top/u_csr_regbank/CTS_ccl_a_buf_00025 calls port VSS not declared in module CKBD1BWP7T
Warning: prbs_ber_pad_top/u_prbs_ber_chip_top/u_csr_regbank/CTS_ccl_a_buf_00025 calls port VDD not declared in module CKBD1BWP7T
Warning: prbs_ber_pad_top/u_prbs_ber_chip_top/u_csr_regbank/CTS_ccl_a_buf_00024 calls port VSS not declared in module CKBD1BWP7T
Warning: prbs_ber_pad_top/u_prbs_ber_chip_top/u_csr_regbank/CTS_ccl_a_buf_00024 calls port VDD not declared in module CKBD1BWP7T
Warning: prbs_ber_pad_top/u_prbs_ber_chip_top/u_csr_regbank/CTS_ccl_a_buf_00023 calls port VSS not declared in module CKBD1BWP7T
Warning: prbs_ber_pad_top/u_prbs_ber_chip_top/u_csr_regbank/CTS_ccl_a_buf_00023 calls port VDD not declared in module CKBD1BWP7T
Warning: prbs_ber_pad_top/u_prbs_ber_chip_top/u_csr_regbank/CTS_ccl_a_buf_00022 calls port VSS not declared in module CKBD1BWP7T
Warning: prbs_ber_pad_top/u_prbs_ber_chip_top/u_csr_regbank/CTS_ccl_a_buf_00022 calls port VDD not declared in module CKBD1BWP7T
Warning: prbs_ber_pad_top/u_prbs_ber_chip_top/u_csr_regbank/CTS_ccl_a_buf_00021 calls port VSS not declared in module CKBD1BWP7T
Warning: prbs_ber_pad_top/u_prbs_ber_chip_top/u_csr_regbank/CTS_ccl_a_buf_00021 calls port VDD not declared in module CKBD1BWP7T
Warning: prbs_ber_pad_top/u_prbs_ber_chip_top/u_csr_regbank/FE_OFC34_n_148 calls port VSS not declared in module INVD1BWP7T
Warning: prbs_ber_pad_top/u_prbs_ber_chip_top/u_csr_regbank/FE_OFC34_n_148 calls port VDD not declared in module INVD1BWP7T
Warning: prbs_ber_pad_top/u_prbs_ber_chip_top/u_csr_regbank/FE_OFC26_471 calls port VSS not declared in module CKND2BWP7T
Warning: prbs_ber_pad_top/u_prbs_ber_chip_top/u_csr_regbank/FE_OFC26_471 calls port VDD not declared in module CKND2BWP7T
Warning: prbs_ber_pad_top/u_prbs_ber_chip_top/u_csr_regbank/FE_OFC21_n_145 calls port VSS not declared in module INVD1BWP7T
Warning: prbs_ber_pad_top/u_prbs_ber_chip_top/u_csr_regbank/FE_OFC21_n_145 calls port VDD not declared in module INVD1BWP7T
Warning: prbs_ber_pad_top/u_prbs_ber_chip_top/u_csr_regbank/FE_OFC20_n_152 calls port VSS not declared in module DEL01BWP7T
Warning: prbs_ber_pad_top/u_prbs_ber_chip_top/u_csr_regbank/FE_OFC20_n_152 calls port VDD not declared in module DEL01BWP7T
Warning: prbs_ber_pad_top/u_prbs_ber_chip_top/u_csr_regbank/FE_OFC13_mode_select_dbg calls port VSS not declared in module CKND1BWP7T
Warning: prbs_ber_pad_top/u_prbs_ber_chip_top/u_csr_regbank/FE_OFC13_mode_select_dbg calls port VDD not declared in module CKND1BWP7T
Warning: prbs_ber_pad_top/u_prbs_ber_chip_top/u_csr_regbank/FE_OFC12_mode_select_dbg calls port VSS not declared in module INVD0BWP7T
Warning: prbs_ber_pad_top/u_prbs_ber_chip_top/u_csr_regbank/FE_OFC12_mode_select_dbg calls port VDD not declared in module INVD0BWP7T
Warning: prbs_ber_pad_top/u_prbs_ber_chip_top/u_csr_regbank/FE_DBTC1_n_472 calls port VSS not declared in module INVD1BWP7T
Warning: prbs_ber_pad_top/u_prbs_ber_chip_top/u_csr_regbank/FE_DBTC1_n_472 calls port VDD not declared in module INVD1BWP7T
Warning: prbs_ber_pad_top/u_prbs_ber_chip_top/u_csr_regbank/CLKGATE_RC_CG_HIER_INST6/RC_CGIC_INST calls port VSS not declared in module CKLNQD2BWP7T
Warning: prbs_ber_pad_top/u_prbs_ber_chip_top/u_csr_regbank/CLKGATE_RC_CG_HIER_INST6/RC_CGIC_INST calls port VDD not declared in module CKLNQD2BWP7T
Warning: prbs_ber_pad_top/u_prbs_ber_chip_top/u_csr_regbank/CLKGATE_RC_CG_HIER_INST8/RC_CGIC_INST calls port VSS not declared in module CKLNQD4BWP7T
Warning: prbs_ber_pad_top/u_prbs_ber_chip_top/u_csr_regbank/CLKGATE_RC_CG_HIER_INST8/RC_CGIC_INST calls port VDD not declared in module CKLNQD4BWP7T
Warning: prbs_ber_pad_top/u_prbs_ber_chip_top/u_csr_regbank/CLKGATE_RC_CG_HIER_INST9/RC_CGIC_INST calls port VSS not declared in module CKLNQD1BWP7T
Warning: prbs_ber_pad_top/u_prbs_ber_chip_top/u_csr_regbank/CLKGATE_RC_CG_HIER_INST9/RC_CGIC_INST calls port VDD not declared in module CKLNQD1BWP7T
Warning: prbs_ber_pad_top/u_prbs_ber_chip_top/u_csr_regbank/CLKGATE_RC_CG_HIER_INST10/RC_CGIC_INST calls port VSS not declared in module CKLNQD1BWP7T
Warning: prbs_ber_pad_top/u_prbs_ber_chip_top/u_csr_regbank/CLKGATE_RC_CG_HIER_INST10/RC_CGIC_INST calls port VDD not declared in module CKLNQD1BWP7T
Warning: prbs_ber_pad_top/u_prbs_ber_chip_top/u_csr_regbank/CLKGATE_RC_CG_HIER_INST11/RC_CGIC_INST calls port VSS not declared in module CKLNQD1BWP7T
Warning: prbs_ber_pad_top/u_prbs_ber_chip_top/u_csr_regbank/CLKGATE_RC_CG_HIER_INST11/RC_CGIC_INST calls port VDD not declared in module CKLNQD1BWP7T
Warning: prbs_ber_pad_top/u_prbs_ber_chip_top/u_csr_regbank/CLKGATE_RC_CG_HIER_INST12/RC_CGIC_INST calls port VSS not declared in module CKLNQD1BWP7T
Warning: prbs_ber_pad_top/u_prbs_ber_chip_top/u_csr_regbank/CLKGATE_RC_CG_HIER_INST12/RC_CGIC_INST calls port VDD not declared in module CKLNQD1BWP7T
Warning: prbs_ber_pad_top/u_prbs_ber_chip_top/u_csr_regbank/CLKGATE_RC_CG_HIER_INST13/RC_CGIC_INST calls port VSS not declared in module CKLNQD4BWP7T
Warning: prbs_ber_pad_top/u_prbs_ber_chip_top/u_csr_regbank/CLKGATE_RC_CG_HIER_INST13/RC_CGIC_INST calls port VDD not declared in module CKLNQD4BWP7T
Warning: prbs_ber_pad_top/u_prbs_ber_chip_top/u_csr_regbank/CLKGATE_RC_CG_HIER_INST14/RC_CGIC_INST calls port VSS not declared in module CKLNQD4BWP7T
Warning: prbs_ber_pad_top/u_prbs_ber_chip_top/u_csr_regbank/CLKGATE_RC_CG_HIER_INST14/RC_CGIC_INST calls port VDD not declared in module CKLNQD4BWP7T
Warning: prbs_ber_pad_top/u_prbs_ber_chip_top/u_csr_regbank/CLKGATE_RC_CG_HIER_INST15/RC_CGIC_INST calls port VSS not declared in module CKLNQD2BWP7T
Warning: prbs_ber_pad_top/u_prbs_ber_chip_top/u_csr_regbank/CLKGATE_RC_CG_HIER_INST15/RC_CGIC_INST calls port VDD not declared in module CKLNQD2BWP7T
Warning: prbs_ber_pad_top/u_prbs_ber_chip_top/u_csr_regbank/CLKGATE_RC_CG_HIER_INST16/RC_CGIC_INST calls port VSS not declared in module CKLNQD1BWP7T
Warning: prbs_ber_pad_top/u_prbs_ber_chip_top/u_csr_regbank/CLKGATE_RC_CG_HIER_INST16/RC_CGIC_INST calls port VDD not declared in module CKLNQD1BWP7T
Warning: prbs_ber_pad_top/u_prbs_ber_chip_top/u_csr_regbank/CLKGATE_RC_CG_HIER_INST17/RC_CGIC_INST calls port VSS not declared in module CKLNQD2BWP7T
Warning: prbs_ber_pad_top/u_prbs_ber_chip_top/u_csr_regbank/CLKGATE_RC_CG_HIER_INST17/RC_CGIC_INST calls port VDD not declared in module CKLNQD2BWP7T
Warning: prbs_ber_pad_top/u_prbs_ber_chip_top/u_csr_regbank/g7891 calls port VSS not declared in module INVD1BWP7T
Warning: prbs_ber_pad_top/u_prbs_ber_chip_top/u_csr_regbank/g7891 calls port VDD not declared in module INVD1BWP7T
Warning: prbs_ber_pad_top/u_prbs_ber_chip_top/u_csr_regbank/ctrl_reg_reg[5] calls port VSS not declared in module DFKCNQD1BWP7T
Warning: prbs_ber_pad_top/u_prbs_ber_chip_top/u_csr_regbank/ctrl_reg_reg[5] calls port VDD not declared in module DFKCNQD1BWP7T
Warning: prbs_ber_pad_top/u_prbs_ber_chip_top/u_csr_regbank/ctrl_reg_reg[6] calls port VSS not declared in module DFKCNQD1BWP7T
Warning: prbs_ber_pad_top/u_prbs_ber_chip_top/u_csr_regbank/ctrl_reg_reg[6] calls port VDD not declared in module DFKCNQD1BWP7T
Warning: prbs_ber_pad_top/u_prbs_ber_chip_top/u_csr_regbank/ctrl_reg_reg[7] calls port VSS not declared in module DFKCNQD1BWP7T
Warning: prbs_ber_pad_top/u_prbs_ber_chip_top/u_csr_regbank/ctrl_reg_reg[7] calls port VDD not declared in module DFKCNQD1BWP7T
Warning: prbs_ber_pad_top/u_prbs_ber_chip_top/u_csr_regbank/ctrl_reg_reg[8] calls port VSS not declared in module DFKCNQD1BWP7T
Warning: prbs_ber_pad_top/u_prbs_ber_chip_top/u_csr_regbank/ctrl_reg_reg[8] calls port VDD not declared in module DFKCNQD1BWP7T
Warning: prbs_ber_pad_top/u_prbs_ber_chip_top/u_csr_regbank/ctrl_reg_reg[9] calls port VSS not declared in module DFKCNQD1BWP7T
Warning: prbs_ber_pad_top/u_prbs_ber_chip_top/u_csr_regbank/ctrl_reg_reg[9] calls port VDD not declared in module DFKCNQD1BWP7T
Warning: prbs_ber_pad_top/u_prbs_ber_chip_top/u_csr_regbank/ctrl_reg_reg[10] calls port VSS not declared in module DFKCNQD1BWP7T
Warning: prbs_ber_pad_top/u_prbs_ber_chip_top/u_csr_regbank/ctrl_reg_reg[10] calls port VDD not declared in module DFKCNQD1BWP7T
Warning: prbs_ber_pad_top/u_prbs_ber_chip_top/u_csr_regbank/ctrl_reg_reg[11] calls port VSS not declared in module DFKCNQD1BWP7T
Warning: prbs_ber_pad_top/u_prbs_ber_chip_top/u_csr_regbank/ctrl_reg_reg[11] calls port VDD not declared in module DFKCNQD1BWP7T
Warning: prbs_ber_pad_top/u_prbs_ber_chip_top/u_csr_regbank/ctrl_reg_reg[12] calls port VSS not declared in module DFKCNQD1BWP7T
Warning: prbs_ber_pad_top/u_prbs_ber_chip_top/u_csr_regbank/ctrl_reg_reg[12] calls port VDD not declared in module DFKCNQD1BWP7T
Warning: prbs_ber_pad_top/u_prbs_ber_chip_top/u_csr_regbank/ctrl_reg_reg[13] calls port VSS not declared in module DFKCNQD1BWP7T
Warning: prbs_ber_pad_top/u_prbs_ber_chip_top/u_csr_regbank/ctrl_reg_reg[13] calls port VDD not declared in module DFKCNQD1BWP7T
Warning: prbs_ber_pad_top/u_prbs_ber_chip_top/u_csr_regbank/ctrl_reg_reg[14] calls port VSS not declared in module DFKCNQD1BWP7T
Warning: prbs_ber_pad_top/u_prbs_ber_chip_top/u_csr_regbank/ctrl_reg_reg[14] calls port VDD not declared in module DFKCNQD1BWP7T
Warning: prbs_ber_pad_top/u_prbs_ber_chip_top/u_csr_regbank/ctrl_reg_reg[15] calls port VSS not declared in module DFKCNQD1BWP7T
Warning: prbs_ber_pad_top/u_prbs_ber_chip_top/u_csr_regbank/ctrl_reg_reg[15] calls port VDD not declared in module DFKCNQD1BWP7T
Warning: prbs_ber_pad_top/u_prbs_ber_chip_top/u_csr_regbank/ctrl_reg_reg[16] calls port VSS not declared in module DFKCNQD1BWP7T
Warning: prbs_ber_pad_top/u_prbs_ber_chip_top/u_csr_regbank/ctrl_reg_reg[16] calls port VDD not declared in module DFKCNQD1BWP7T
Warning: prbs_ber_pad_top/u_prbs_ber_chip_top/u_csr_regbank/ctrl_reg_reg[17] calls port VSS not declared in module DFKCNQD1BWP7T
Warning: prbs_ber_pad_top/u_prbs_ber_chip_top/u_csr_regbank/ctrl_reg_reg[17] calls port VDD not declared in module DFKCNQD1BWP7T
Warning: prbs_ber_pad_top/u_prbs_ber_chip_top/u_csr_regbank/ctrl_reg_reg[18] calls port VSS not declared in module DFKCNQD1BWP7T
Warning: prbs_ber_pad_top/u_prbs_ber_chip_top/u_csr_regbank/ctrl_reg_reg[18] calls port VDD not declared in module DFKCNQD1BWP7T
Warning: prbs_ber_pad_top/u_prbs_ber_chip_top/u_csr_regbank/ctrl_reg_reg[19] calls port VSS not declared in module DFKCNQD1BWP7T
Warning: prbs_ber_pad_top/u_prbs_ber_chip_top/u_csr_regbank/ctrl_reg_reg[19] calls port VDD not declared in module DFKCNQD1BWP7T
Warning: prbs_ber_pad_top/u_prbs_ber_chip_top/u_csr_regbank/ctrl_reg_reg[20] calls port VSS not declared in module DFKCNQD1BWP7T
Warning: prbs_ber_pad_top/u_prbs_ber_chip_top/u_csr_regbank/ctrl_reg_reg[20] calls port VDD not declared in module DFKCNQD1BWP7T
Warning: prbs_ber_pad_top/u_prbs_ber_chip_top/u_csr_regbank/ctrl_reg_reg[21] calls port VSS not declared in module DFKCNQD1BWP7T
Warning: prbs_ber_pad_top/u_prbs_ber_chip_top/u_csr_regbank/ctrl_reg_reg[21] calls port VDD not declared in module DFKCNQD1BWP7T
Warning: prbs_ber_pad_top/u_prbs_ber_chip_top/u_csr_regbank/ctrl_reg_reg[22] calls port VSS not declared in module DFKCNQD1BWP7T
Warning: prbs_ber_pad_top/u_prbs_ber_chip_top/u_csr_regbank/ctrl_reg_reg[22] calls port VDD not declared in module DFKCNQD1BWP7T
Warning: prbs_ber_pad_top/u_prbs_ber_chip_top/u_csr_regbank/ctrl_reg_reg[23] calls port VSS not declared in module DFKCNQD1BWP7T
Warning: prbs_ber_pad_top/u_prbs_ber_chip_top/u_csr_regbank/ctrl_reg_reg[23] calls port VDD not declared in module DFKCNQD1BWP7T
Warning: prbs_ber_pad_top/u_prbs_ber_chip_top/u_csr_regbank/ctrl_reg_reg[24] calls port VSS not declared in module DFKCNQD1BWP7T
Warning: prbs_ber_pad_top/u_prbs_ber_chip_top/u_csr_regbank/ctrl_reg_reg[24] calls port VDD not declared in module DFKCNQD1BWP7T
Warning: prbs_ber_pad_top/u_prbs_ber_chip_top/u_csr_regbank/ctrl_reg_reg[25] calls port VSS not declared in module DFKCNQD1BWP7T
Warning: prbs_ber_pad_top/u_prbs_ber_chip_top/u_csr_regbank/ctrl_reg_reg[25] calls port VDD not declared in module DFKCNQD1BWP7T
Warning: prbs_ber_pad_top/u_prbs_ber_chip_top/u_csr_regbank/ctrl_reg_reg[26] calls port VSS not declared in module DFKCNQD1BWP7T
Warning: prbs_ber_pad_top/u_prbs_ber_chip_top/u_csr_regbank/ctrl_reg_reg[26] calls port VDD not declared in module DFKCNQD1BWP7T
Warning: prbs_ber_pad_top/u_prbs_ber_chip_top/u_csr_regbank/ctrl_reg_reg[27] calls port VSS not declared in module DFKCNQD1BWP7T
Warning: prbs_ber_pad_top/u_prbs_ber_chip_top/u_csr_regbank/ctrl_reg_reg[27] calls port VDD not declared in module DFKCNQD1BWP7T
Warning: prbs_ber_pad_top/u_prbs_ber_chip_top/u_csr_regbank/ctrl_reg_reg[28] calls port VSS not declared in module DFKCNQD1BWP7T
Warning: prbs_ber_pad_top/u_prbs_ber_chip_top/u_csr_regbank/ctrl_reg_reg[28] calls port VDD not declared in module DFKCNQD1BWP7T
Warning: prbs_ber_pad_top/u_prbs_ber_chip_top/u_csr_regbank/ctrl_reg_reg[29] calls port VSS not declared in module DFKCNQD1BWP7T
Warning: prbs_ber_pad_top/u_prbs_ber_chip_top/u_csr_regbank/ctrl_reg_reg[29] calls port VDD not declared in module DFKCNQD1BWP7T
Warning: prbs_ber_pad_top/u_prbs_ber_chip_top/u_csr_regbank/ctrl_reg_reg[30] calls port VSS not declared in module DFKCNQD1BWP7T
Warning: prbs_ber_pad_top/u_prbs_ber_chip_top/u_csr_regbank/ctrl_reg_reg[30] calls port VDD not declared in module DFKCNQD1BWP7T
Warning: prbs_ber_pad_top/u_prbs_ber_chip_top/u_csr_regbank/ctrl_reg_reg[31] calls port VSS not declared in module DFKCNQD1BWP7T
Warning: prbs_ber_pad_top/u_prbs_ber_chip_top/u_csr_regbank/ctrl_reg_reg[31] calls port VDD not declared in module DFKCNQD1BWP7T
Warning: prbs_ber_pad_top/u_prbs_ber_chip_top/u_csr_regbank/done_d_reg calls port VSS not declared in module DFKCND1BWP7T
Warning: prbs_ber_pad_top/u_prbs_ber_chip_top/u_csr_regbank/done_d_reg calls port VDD not declared in module DFKCND1BWP7T
Warning: prbs_ber_pad_top/u_prbs_ber_chip_top/u_csr_regbank/first_error_index_reg_reg[0] calls port VSS not declared in module DFD0BWP7T
Warning: prbs_ber_pad_top/u_prbs_ber_chip_top/u_csr_regbank/first_error_index_reg_reg[0] calls port VDD not declared in module DFD0BWP7T
Warning: prbs_ber_pad_top/u_prbs_ber_chip_top/u_csr_regbank/first_error_index_reg_reg[1] calls port VSS not declared in module DFKCNQD1BWP7T
Warning: prbs_ber_pad_top/u_prbs_ber_chip_top/u_csr_regbank/first_error_index_reg_reg[1] calls port VDD not declared in module DFKCNQD1BWP7T
Warning: prbs_ber_pad_top/u_prbs_ber_chip_top/u_csr_regbank/first_error_index_reg_reg[2] calls port VSS not declared in module DFKCNQD1BWP7T
Warning: prbs_ber_pad_top/u_prbs_ber_chip_top/u_csr_regbank/first_error_index_reg_reg[2] calls port VDD not declared in module DFKCNQD1BWP7T
Warning: prbs_ber_pad_top/u_prbs_ber_chip_top/u_csr_regbank/first_error_index_reg_reg[3] calls port VSS not declared in module DFKCNQD1BWP7T
Warning: prbs_ber_pad_top/u_prbs_ber_chip_top/u_csr_regbank/first_error_index_reg_reg[3] calls port VDD not declared in module DFKCNQD1BWP7T
Warning: prbs_ber_pad_top/u_prbs_ber_chip_top/u_csr_regbank/first_error_index_reg_reg[4] calls port VSS not declared in module DFKCNQD1BWP7T
Warning: prbs_ber_pad_top/u_prbs_ber_chip_top/u_csr_regbank/first_error_index_reg_reg[4] calls port VDD not declared in module DFKCNQD1BWP7T
Warning: prbs_ber_pad_top/u_prbs_ber_chip_top/u_csr_regbank/first_error_index_reg_reg[5] calls port VSS not declared in module DFD0BWP7T
Warning: prbs_ber_pad_top/u_prbs_ber_chip_top/u_csr_regbank/first_error_index_reg_reg[5] calls port VDD not declared in module DFD0BWP7T
Warning: prbs_ber_pad_top/u_prbs_ber_chip_top/u_csr_regbank/first_error_index_reg_reg[6] calls port VSS not declared in module DFD0BWP7T
Warning: prbs_ber_pad_top/u_prbs_ber_chip_top/u_csr_regbank/first_error_index_reg_reg[6] calls port VDD not declared in module DFD0BWP7T
Warning: prbs_ber_pad_top/u_prbs_ber_chip_top/u_csr_regbank/first_error_index_reg_reg[7] calls port VSS not declared in module DFD0BWP7T
Warning: prbs_ber_pad_top/u_prbs_ber_chip_top/u_csr_regbank/first_error_index_reg_reg[7] calls port VDD not declared in module DFD0BWP7T
Warning: prbs_ber_pad_top/u_prbs_ber_chip_top/u_csr_regbank/first_error_index_reg_reg[8] calls port VSS not declared in module DFD0BWP7T
Warning: prbs_ber_pad_top/u_prbs_ber_chip_top/u_csr_regbank/first_error_index_reg_reg[8] calls port VDD not declared in module DFD0BWP7T
Warning: prbs_ber_pad_top/u_prbs_ber_chip_top/u_csr_regbank/first_error_index_reg_reg[9] calls port VSS not declared in module DFD0BWP7T
Warning: prbs_ber_pad_top/u_prbs_ber_chip_top/u_csr_regbank/first_error_index_reg_reg[9] calls port VDD not declared in module DFD0BWP7T
Warning: prbs_ber_pad_top/u_prbs_ber_chip_top/u_csr_regbank/first_error_index_reg_reg[10] calls port VSS not declared in module DFD0BWP7T
Warning: prbs_ber_pad_top/u_prbs_ber_chip_top/u_csr_regbank/first_error_index_reg_reg[10] calls port VDD not declared in module DFD0BWP7T
Warning: prbs_ber_pad_top/u_prbs_ber_chip_top/u_csr_regbank/first_error_index_reg_reg[11] calls port VSS not declared in module DFKCNQD1BWP7T
Warning: prbs_ber_pad_top/u_prbs_ber_chip_top/u_csr_regbank/first_error_index_reg_reg[11] calls port VDD not declared in module DFKCNQD1BWP7T
Warning: prbs_ber_pad_top/u_prbs_ber_chip_top/u_csr_regbank/first_error_index_reg_reg[12] calls port VSS not declared in module DFD0BWP7T
Warning: prbs_ber_pad_top/u_prbs_ber_chip_top/u_csr_regbank/first_error_index_reg_reg[12] calls port VDD not declared in module DFD0BWP7T
Warning: prbs_ber_pad_top/u_prbs_ber_chip_top/u_csr_regbank/first_error_index_reg_reg[13] calls port VSS not declared in module DFD0BWP7T
Warning: prbs_ber_pad_top/u_prbs_ber_chip_top/u_csr_regbank/first_error_index_reg_reg[13] calls port VDD not declared in module DFD0BWP7T
Warning: prbs_ber_pad_top/u_prbs_ber_chip_top/u_csr_regbank/first_error_index_reg_reg[14] calls port VSS not declared in module DFD0BWP7T
Warning: prbs_ber_pad_top/u_prbs_ber_chip_top/u_csr_regbank/first_error_index_reg_reg[14] calls port VDD not declared in module DFD0BWP7T
Warning: prbs_ber_pad_top/u_prbs_ber_chip_top/u_csr_regbank/first_error_index_reg_reg[15] calls port VSS not declared in module DFD0BWP7T
Warning: prbs_ber_pad_top/u_prbs_ber_chip_top/u_csr_regbank/first_error_index_reg_reg[15] calls port VDD not declared in module DFD0BWP7T
Warning: prbs_ber_pad_top/u_prbs_ber_chip_top/u_csr_regbank/first_error_index_reg_reg[16] calls port VSS not declared in module DFD0BWP7T
Warning: prbs_ber_pad_top/u_prbs_ber_chip_top/u_csr_regbank/first_error_index_reg_reg[16] calls port VDD not declared in module DFD0BWP7T
Warning: prbs_ber_pad_top/u_prbs_ber_chip_top/u_csr_regbank/first_error_index_reg_reg[17] calls port VSS not declared in module DFKCNQD1BWP7T
Warning: prbs_ber_pad_top/u_prbs_ber_chip_top/u_csr_regbank/first_error_index_reg_reg[17] calls port VDD not declared in module DFKCNQD1BWP7T
Warning: prbs_ber_pad_top/u_prbs_ber_chip_top/u_csr_regbank/first_error_index_reg_reg[18] calls port VSS not declared in module DFKCNQD1BWP7T
Warning: prbs_ber_pad_top/u_prbs_ber_chip_top/u_csr_regbank/first_error_index_reg_reg[18] calls port VDD not declared in module DFKCNQD1BWP7T
Warning: prbs_ber_pad_top/u_prbs_ber_chip_top/u_csr_regbank/first_error_index_reg_reg[19] calls port VSS not declared in module DFKCNQD1BWP7T
Warning: prbs_ber_pad_top/u_prbs_ber_chip_top/u_csr_regbank/first_error_index_reg_reg[19] calls port VDD not declared in module DFKCNQD1BWP7T
Warning: prbs_ber_pad_top/u_prbs_ber_chip_top/u_csr_regbank/first_error_index_reg_reg[20] calls port VSS not declared in module DFKCNQD1BWP7T
Warning: prbs_ber_pad_top/u_prbs_ber_chip_top/u_csr_regbank/first_error_index_reg_reg[20] calls port VDD not declared in module DFKCNQD1BWP7T
Warning: prbs_ber_pad_top/u_prbs_ber_chip_top/u_csr_regbank/first_error_index_reg_reg[21] calls port VSS not declared in module DFKCNQD1BWP7T
Warning: prbs_ber_pad_top/u_prbs_ber_chip_top/u_csr_regbank/first_error_index_reg_reg[21] calls port VDD not declared in module DFKCNQD1BWP7T
Warning: prbs_ber_pad_top/u_prbs_ber_chip_top/u_csr_regbank/first_error_index_reg_reg[22] calls port VSS not declared in module DFKCNQD1BWP7T
Warning: prbs_ber_pad_top/u_prbs_ber_chip_top/u_csr_regbank/first_error_index_reg_reg[22] calls port VDD not declared in module DFKCNQD1BWP7T
Warning: prbs_ber_pad_top/u_prbs_ber_chip_top/u_csr_regbank/first_error_index_reg_reg[23] calls port VSS not declared in module DFD0BWP7T
Warning: prbs_ber_pad_top/u_prbs_ber_chip_top/u_csr_regbank/first_error_index_reg_reg[23] calls port VDD not declared in module DFD0BWP7T
Warning: prbs_ber_pad_top/u_prbs_ber_chip_top/u_csr_regbank/first_error_index_reg_reg[24] calls port VSS not declared in module DFD0BWP7T
Warning: prbs_ber_pad_top/u_prbs_ber_chip_top/u_csr_regbank/first_error_index_reg_reg[24] calls port VDD not declared in module DFD0BWP7T
Warning: prbs_ber_pad_top/u_prbs_ber_chip_top/u_csr_regbank/first_error_index_reg_reg[25] calls port VSS not declared in module DFKCNQD1BWP7T
Warning: prbs_ber_pad_top/u_prbs_ber_chip_top/u_csr_regbank/first_error_index_reg_reg[25] calls port VDD not declared in module DFKCNQD1BWP7T
Warning: prbs_ber_pad_top/u_prbs_ber_chip_top/u_csr_regbank/first_error_index_reg_reg[26] calls port VSS not declared in module DFKCNQD1BWP7T
Warning: prbs_ber_pad_top/u_prbs_ber_chip_top/u_csr_regbank/first_error_index_reg_reg[26] calls port VDD not declared in module DFKCNQD1BWP7T
Warning: prbs_ber_pad_top/u_prbs_ber_chip_top/u_csr_regbank/first_error_index_reg_reg[27] calls port VSS not declared in module DFKCNQD1BWP7T
Warning: prbs_ber_pad_top/u_prbs_ber_chip_top/u_csr_regbank/first_error_index_reg_reg[27] calls port VDD not declared in module DFKCNQD1BWP7T
Warning: prbs_ber_pad_top/u_prbs_ber_chip_top/u_csr_regbank/first_error_index_reg_reg[28] calls port VSS not declared in module DFD0BWP7T
Warning: prbs_ber_pad_top/u_prbs_ber_chip_top/u_csr_regbank/first_error_index_reg_reg[28] calls port VDD not declared in module DFD0BWP7T
Warning: prbs_ber_pad_top/u_prbs_ber_chip_top/u_csr_regbank/first_error_index_reg_reg[29] calls port VSS not declared in module DFKCNQD1BWP7T
Warning: prbs_ber_pad_top/u_prbs_ber_chip_top/u_csr_regbank/first_error_index_reg_reg[29] calls port VDD not declared in module DFKCNQD1BWP7T
Warning: prbs_ber_pad_top/u_prbs_ber_chip_top/u_csr_regbank/first_error_index_reg_reg[30] calls port VSS not declared in module DFKCNQD1BWP7T
Warning: prbs_ber_pad_top/u_prbs_ber_chip_top/u_csr_regbank/first_error_index_reg_reg[30] calls port VDD not declared in module DFKCNQD1BWP7T
Warning: prbs_ber_pad_top/u_prbs_ber_chip_top/u_csr_regbank/first_error_index_reg_reg[31] calls port VSS not declared in module DFKCNQD1BWP7T
Warning: prbs_ber_pad_top/u_prbs_ber_chip_top/u_csr_regbank/first_error_index_reg_reg[31] calls port VDD not declared in module DFKCNQD1BWP7T
Warning: prbs_ber_pad_top/u_prbs_ber_chip_top/u_csr_regbank/last_errcnt_reg_reg[0] calls port VSS not declared in module DFKCNQD1BWP7T
Warning: prbs_ber_pad_top/u_prbs_ber_chip_top/u_csr_regbank/last_errcnt_reg_reg[0] calls port VDD not declared in module DFKCNQD1BWP7T
Warning: prbs_ber_pad_top/u_prbs_ber_chip_top/u_csr_regbank/last_errcnt_reg_reg[1] calls port VSS not declared in module DFKCNQD1BWP7T
Warning: prbs_ber_pad_top/u_prbs_ber_chip_top/u_csr_regbank/last_errcnt_reg_reg[1] calls port VDD not declared in module DFKCNQD1BWP7T
Warning: prbs_ber_pad_top/u_prbs_ber_chip_top/u_csr_regbank/last_errcnt_reg_reg[2] calls port VSS not declared in module DFKCNQD1BWP7T
Warning: prbs_ber_pad_top/u_prbs_ber_chip_top/u_csr_regbank/last_errcnt_reg_reg[2] calls port VDD not declared in module DFKCNQD1BWP7T
Warning: prbs_ber_pad_top/u_prbs_ber_chip_top/u_csr_regbank/last_errcnt_reg_reg[3] calls port VSS not declared in module DFKCNQD1BWP7T
Warning: prbs_ber_pad_top/u_prbs_ber_chip_top/u_csr_regbank/last_errcnt_reg_reg[3] calls port VDD not declared in module DFKCNQD1BWP7T
Warning: prbs_ber_pad_top/u_prbs_ber_chip_top/u_csr_regbank/last_errcnt_reg_reg[4] calls port VSS not declared in module DFKCNQD1BWP7T
Warning: prbs_ber_pad_top/u_prbs_ber_chip_top/u_csr_regbank/last_errcnt_reg_reg[4] calls port VDD not declared in module DFKCNQD1BWP7T
Warning: prbs_ber_pad_top/u_prbs_ber_chip_top/u_csr_regbank/last_errcnt_reg_reg[5] calls port VSS not declared in module DFKCNQD1BWP7T
Warning: prbs_ber_pad_top/u_prbs_ber_chip_top/u_csr_regbank/last_errcnt_reg_reg[5] calls port VDD not declared in module DFKCNQD1BWP7T
Warning: prbs_ber_pad_top/u_prbs_ber_chip_top/u_csr_regbank/last_errcnt_reg_reg[6] calls port VSS not declared in module DFKCNQD1BWP7T
Warning: prbs_ber_pad_top/u_prbs_ber_chip_top/u_csr_regbank/last_errcnt_reg_reg[6] calls port VDD not declared in module DFKCNQD1BWP7T
Warning: prbs_ber_pad_top/u_prbs_ber_chip_top/u_csr_regbank/last_errcnt_reg_reg[7] calls port VSS not declared in module DFKCNQD1BWP7T
Warning: prbs_ber_pad_top/u_prbs_ber_chip_top/u_csr_regbank/last_errcnt_reg_reg[7] calls port VDD not declared in module DFKCNQD1BWP7T
Warning: prbs_ber_pad_top/u_prbs_ber_chip_top/u_csr_regbank/last_errcnt_reg_reg[8] calls port VSS not declared in module DFKCNQD1BWP7T
Warning: prbs_ber_pad_top/u_prbs_ber_chip_top/u_csr_regbank/last_errcnt_reg_reg[8] calls port VDD not declared in module DFKCNQD1BWP7T
Warning: prbs_ber_pad_top/u_prbs_ber_chip_top/u_csr_regbank/last_errcnt_reg_reg[9] calls port VSS not declared in module DFKCNQD1BWP7T
Warning: prbs_ber_pad_top/u_prbs_ber_chip_top/u_csr_regbank/last_errcnt_reg_reg[9] calls port VDD not declared in module DFKCNQD1BWP7T
Warning: prbs_ber_pad_top/u_prbs_ber_chip_top/u_csr_regbank/last_errcnt_reg_reg[10] calls port VSS not declared in module DFKCNQD1BWP7T
Warning: prbs_ber_pad_top/u_prbs_ber_chip_top/u_csr_regbank/last_errcnt_reg_reg[10] calls port VDD not declared in module DFKCNQD1BWP7T
Warning: prbs_ber_pad_top/u_prbs_ber_chip_top/u_csr_regbank/last_errcnt_reg_reg[11] calls port VSS not declared in module DFKCNQD1BWP7T
Warning: prbs_ber_pad_top/u_prbs_ber_chip_top/u_csr_regbank/last_errcnt_reg_reg[11] calls port VDD not declared in module DFKCNQD1BWP7T
Warning: prbs_ber_pad_top/u_prbs_ber_chip_top/u_csr_regbank/last_errcnt_reg_reg[12] calls port VSS not declared in module DFKCNQD1BWP7T
Warning: prbs_ber_pad_top/u_prbs_ber_chip_top/u_csr_regbank/last_errcnt_reg_reg[12] calls port VDD not declared in module DFKCNQD1BWP7T
Warning: prbs_ber_pad_top/u_prbs_ber_chip_top/u_csr_regbank/last_errcnt_reg_reg[13] calls port VSS not declared in module DFKCNQD1BWP7T
Warning: prbs_ber_pad_top/u_prbs_ber_chip_top/u_csr_regbank/last_errcnt_reg_reg[13] calls port VDD not declared in module DFKCNQD1BWP7T
Warning: prbs_ber_pad_top/u_prbs_ber_chip_top/u_csr_regbank/last_errcnt_reg_reg[14] calls port VSS not declared in module DFKCNQD1BWP7T
Warning: prbs_ber_pad_top/u_prbs_ber_chip_top/u_csr_regbank/last_errcnt_reg_reg[14] calls port VDD not declared in module DFKCNQD1BWP7T
Warning: prbs_ber_pad_top/u_prbs_ber_chip_top/u_csr_regbank/last_errcnt_reg_reg[15] calls port VSS not declared in module DFKCNQD1BWP7T
Warning: prbs_ber_pad_top/u_prbs_ber_chip_top/u_csr_regbank/last_errcnt_reg_reg[15] calls port VDD not declared in module DFKCNQD1BWP7T
Warning: prbs_ber_pad_top/u_prbs_ber_chip_top/u_csr_regbank/last_errcnt_reg_reg[16] calls port VSS not declared in module DFKCNQD1BWP7T
Warning: prbs_ber_pad_top/u_prbs_ber_chip_top/u_csr_regbank/last_errcnt_reg_reg[16] calls port VDD not declared in module DFKCNQD1BWP7T
Warning: prbs_ber_pad_top/u_prbs_ber_chip_top/u_csr_regbank/last_errcnt_reg_reg[17] calls port VSS not declared in module DFKCNQD1BWP7T
Warning: prbs_ber_pad_top/u_prbs_ber_chip_top/u_csr_regbank/last_errcnt_reg_reg[17] calls port VDD not declared in module DFKCNQD1BWP7T
Warning: prbs_ber_pad_top/u_prbs_ber_chip_top/u_csr_regbank/last_errcnt_reg_reg[18] calls port VSS not declared in module DFKCNQD1BWP7T
Warning: prbs_ber_pad_top/u_prbs_ber_chip_top/u_csr_regbank/last_errcnt_reg_reg[18] calls port VDD not declared in module DFKCNQD1BWP7T
Warning: prbs_ber_pad_top/u_prbs_ber_chip_top/u_csr_regbank/last_errcnt_reg_reg[19] calls port VSS not declared in module DFKCNQD1BWP7T
Warning: prbs_ber_pad_top/u_prbs_ber_chip_top/u_csr_regbank/last_errcnt_reg_reg[19] calls port VDD not declared in module DFKCNQD1BWP7T
Warning: prbs_ber_pad_top/u_prbs_ber_chip_top/u_csr_regbank/last_errcnt_reg_reg[20] calls port VSS not declared in module DFKCNQD1BWP7T
Warning: prbs_ber_pad_top/u_prbs_ber_chip_top/u_csr_regbank/last_errcnt_reg_reg[20] calls port VDD not declared in module DFKCNQD1BWP7T
Warning: prbs_ber_pad_top/u_prbs_ber_chip_top/u_csr_regbank/last_errcnt_reg_reg[21] calls port VSS not declared in module DFKCNQD1BWP7T
Warning: prbs_ber_pad_top/u_prbs_ber_chip_top/u_csr_regbank/last_errcnt_reg_reg[21] calls port VDD not declared in module DFKCNQD1BWP7T
Warning: prbs_ber_pad_top/u_prbs_ber_chip_top/u_csr_regbank/last_errcnt_reg_reg[22] calls port VSS not declared in module DFKCNQD1BWP7T
Warning: prbs_ber_pad_top/u_prbs_ber_chip_top/u_csr_regbank/last_errcnt_reg_reg[22] calls port VDD not declared in module DFKCNQD1BWP7T
Warning: prbs_ber_pad_top/u_prbs_ber_chip_top/u_csr_regbank/last_errcnt_reg_reg[23] calls port VSS not declared in module DFKCNQD1BWP7T
Warning: prbs_ber_pad_top/u_prbs_ber_chip_top/u_csr_regbank/last_errcnt_reg_reg[23] calls port VDD not declared in module DFKCNQD1BWP7T
Warning: prbs_ber_pad_top/u_prbs_ber_chip_top/u_csr_regbank/last_errcnt_reg_reg[24] calls port VSS not declared in module DFKCNQD1BWP7T
Warning: prbs_ber_pad_top/u_prbs_ber_chip_top/u_csr_regbank/last_errcnt_reg_reg[24] calls port VDD not declared in module DFKCNQD1BWP7T
Warning: prbs_ber_pad_top/u_prbs_ber_chip_top/u_csr_regbank/last_errcnt_reg_reg[25] calls port VSS not declared in module DFKCNQD1BWP7T
Warning: prbs_ber_pad_top/u_prbs_ber_chip_top/u_csr_regbank/last_errcnt_reg_reg[25] calls port VDD not declared in module DFKCNQD1BWP7T
Warning: prbs_ber_pad_top/u_prbs_ber_chip_top/u_csr_regbank/last_errcnt_reg_reg[26] calls port VSS not declared in module DFKCNQD1BWP7T
Warning: prbs_ber_pad_top/u_prbs_ber_chip_top/u_csr_regbank/last_errcnt_reg_reg[26] calls port VDD not declared in module DFKCNQD1BWP7T
Warning: prbs_ber_pad_top/u_prbs_ber_chip_top/u_csr_regbank/last_errcnt_reg_reg[27] calls port VSS not declared in module DFKCNQD1BWP7T
Warning: prbs_ber_pad_top/u_prbs_ber_chip_top/u_csr_regbank/last_errcnt_reg_reg[27] calls port VDD not declared in module DFKCNQD1BWP7T
Warning: prbs_ber_pad_top/u_prbs_ber_chip_top/u_csr_regbank/last_errcnt_reg_reg[28] calls port VSS not declared in module DFKCNQD1BWP7T
Warning: prbs_ber_pad_top/u_prbs_ber_chip_top/u_csr_regbank/last_errcnt_reg_reg[28] calls port VDD not declared in module DFKCNQD1BWP7T
Warning: prbs_ber_pad_top/u_prbs_ber_chip_top/u_csr_regbank/last_errcnt_reg_reg[29] calls port VSS not declared in module DFKCNQD1BWP7T
Warning: prbs_ber_pad_top/u_prbs_ber_chip_top/u_csr_regbank/last_errcnt_reg_reg[29] calls port VDD not declared in module DFKCNQD1BWP7T
Warning: prbs_ber_pad_top/u_prbs_ber_chip_top/u_csr_regbank/last_errcnt_reg_reg[30] calls port VSS not declared in module DFKCNQD1BWP7T
Warning: prbs_ber_pad_top/u_prbs_ber_chip_top/u_csr_regbank/last_errcnt_reg_reg[30] calls port VDD not declared in module DFKCNQD1BWP7T
Warning: prbs_ber_pad_top/u_prbs_ber_chip_top/u_csr_regbank/last_errcnt_reg_reg[31] calls port VSS not declared in module DFKCNQD1BWP7T
Warning: prbs_ber_pad_top/u_prbs_ber_chip_top/u_csr_regbank/last_errcnt_reg_reg[31] calls port VDD not declared in module DFKCNQD1BWP7T
Warning: prbs_ber_pad_top/u_prbs_ber_chip_top/u_csr_regbank/last_status_reg_reg[0] calls port VSS not declared in module DFD1BWP7T
Warning: prbs_ber_pad_top/u_prbs_ber_chip_top/u_csr_regbank/last_status_reg_reg[0] calls port VDD not declared in module DFD1BWP7T
Warning: prbs_ber_pad_top/u_prbs_ber_chip_top/u_csr_regbank/last_status_reg_reg[1] calls port VSS not declared in module DFKCNQD1BWP7T
Warning: prbs_ber_pad_top/u_prbs_ber_chip_top/u_csr_regbank/last_status_reg_reg[1] calls port VDD not declared in module DFKCNQD1BWP7T
Warning: prbs_ber_pad_top/u_prbs_ber_chip_top/u_csr_regbank/last_status_reg_reg[2] calls port VSS not declared in module DFKCNQD1BWP7T
Warning: prbs_ber_pad_top/u_prbs_ber_chip_top/u_csr_regbank/last_status_reg_reg[2] calls port VDD not declared in module DFKCNQD1BWP7T
Warning: prbs_ber_pad_top/u_prbs_ber_chip_top/u_csr_regbank/last_status_reg_reg[3] calls port VSS not declared in module DFKCNQD1BWP7T
Warning: prbs_ber_pad_top/u_prbs_ber_chip_top/u_csr_regbank/last_status_reg_reg[3] calls port VDD not declared in module DFKCNQD1BWP7T
Warning: prbs_ber_pad_top/u_prbs_ber_chip_top/u_csr_regbank/last_status_reg_reg[4] calls port VSS not declared in module DFKCNQD1BWP7T
Warning: prbs_ber_pad_top/u_prbs_ber_chip_top/u_csr_regbank/last_status_reg_reg[4] calls port VDD not declared in module DFKCNQD1BWP7T
Warning: prbs_ber_pad_top/u_prbs_ber_chip_top/u_csr_regbank/last_status_reg_reg[5] calls port VSS not declared in module DFKCNQD1BWP7T
Warning: prbs_ber_pad_top/u_prbs_ber_chip_top/u_csr_regbank/last_status_reg_reg[5] calls port VDD not declared in module DFKCNQD1BWP7T
Warning: prbs_ber_pad_top/u_prbs_ber_chip_top/u_csr_regbank/last_status_reg_reg[6] calls port VSS not declared in module DFKCNQD1BWP7T
Warning: prbs_ber_pad_top/u_prbs_ber_chip_top/u_csr_regbank/last_status_reg_reg[6] calls port VDD not declared in module DFKCNQD1BWP7T
Warning: prbs_ber_pad_top/u_prbs_ber_chip_top/u_csr_regbank/last_status_reg_reg[7] calls port VSS not declared in module DFKCNQD1BWP7T
Warning: prbs_ber_pad_top/u_prbs_ber_chip_top/u_csr_regbank/last_status_reg_reg[7] calls port VDD not declared in module DFKCNQD1BWP7T
Warning: prbs_ber_pad_top/u_prbs_ber_chip_top/u_csr_regbank/last_totcnt_reg_reg[0] calls port VSS not declared in module DFKCNQD1BWP7T
Warning: prbs_ber_pad_top/u_prbs_ber_chip_top/u_csr_regbank/last_totcnt_reg_reg[0] calls port VDD not declared in module DFKCNQD1BWP7T
Warning: prbs_ber_pad_top/u_prbs_ber_chip_top/u_csr_regbank/last_totcnt_reg_reg[1] calls port VSS not declared in module DFKCNQD1BWP7T
Warning: prbs_ber_pad_top/u_prbs_ber_chip_top/u_csr_regbank/last_totcnt_reg_reg[1] calls port VDD not declared in module DFKCNQD1BWP7T
Warning: prbs_ber_pad_top/u_prbs_ber_chip_top/u_csr_regbank/last_totcnt_reg_reg[2] calls port VSS not declared in module DFKCNQD1BWP7T
Warning: prbs_ber_pad_top/u_prbs_ber_chip_top/u_csr_regbank/last_totcnt_reg_reg[2] calls port VDD not declared in module DFKCNQD1BWP7T
Warning: prbs_ber_pad_top/u_prbs_ber_chip_top/u_csr_regbank/last_totcnt_reg_reg[3] calls port VSS not declared in module DFKCNQD1BWP7T
Warning: prbs_ber_pad_top/u_prbs_ber_chip_top/u_csr_regbank/last_totcnt_reg_reg[3] calls port VDD not declared in module DFKCNQD1BWP7T
Warning: prbs_ber_pad_top/u_prbs_ber_chip_top/u_csr_regbank/last_totcnt_reg_reg[4] calls port VSS not declared in module DFKCNQD1BWP7T
Warning: prbs_ber_pad_top/u_prbs_ber_chip_top/u_csr_regbank/last_totcnt_reg_reg[4] calls port VDD not declared in module DFKCNQD1BWP7T
Warning: prbs_ber_pad_top/u_prbs_ber_chip_top/u_csr_regbank/last_totcnt_reg_reg[5] calls port VSS not declared in module DFD1BWP7T
Warning: prbs_ber_pad_top/u_prbs_ber_chip_top/u_csr_regbank/last_totcnt_reg_reg[5] calls port VDD not declared in module DFD1BWP7T
Warning: prbs_ber_pad_top/u_prbs_ber_chip_top/u_csr_regbank/last_totcnt_reg_reg[6] calls port VSS not declared in module DFD1BWP7T
Warning: prbs_ber_pad_top/u_prbs_ber_chip_top/u_csr_regbank/last_totcnt_reg_reg[6] calls port VDD not declared in module DFD1BWP7T
Warning: prbs_ber_pad_top/u_prbs_ber_chip_top/u_csr_regbank/last_totcnt_reg_reg[7] calls port VSS not declared in module DFD1BWP7T
Warning: prbs_ber_pad_top/u_prbs_ber_chip_top/u_csr_regbank/last_totcnt_reg_reg[7] calls port VDD not declared in module DFD1BWP7T
Warning: prbs_ber_pad_top/u_prbs_ber_chip_top/u_csr_regbank/last_totcnt_reg_reg[8] calls port VSS not declared in module DFKCNQD1BWP7T
Warning: prbs_ber_pad_top/u_prbs_ber_chip_top/u_csr_regbank/last_totcnt_reg_reg[8] calls port VDD not declared in module DFKCNQD1BWP7T
Warning: prbs_ber_pad_top/u_prbs_ber_chip_top/u_csr_regbank/last_totcnt_reg_reg[9] calls port VSS not declared in module DFD1BWP7T
Warning: prbs_ber_pad_top/u_prbs_ber_chip_top/u_csr_regbank/last_totcnt_reg_reg[9] calls port VDD not declared in module DFD1BWP7T
Warning: prbs_ber_pad_top/u_prbs_ber_chip_top/u_csr_regbank/last_totcnt_reg_reg[10] calls port VSS not declared in module DFKCNQD1BWP7T
Warning: prbs_ber_pad_top/u_prbs_ber_chip_top/u_csr_regbank/last_totcnt_reg_reg[10] calls port VDD not declared in module DFKCNQD1BWP7T
Warning: prbs_ber_pad_top/u_prbs_ber_chip_top/u_csr_regbank/last_totcnt_reg_reg[11] calls port VSS not declared in module DFD1BWP7T
Warning: prbs_ber_pad_top/u_prbs_ber_chip_top/u_csr_regbank/last_totcnt_reg_reg[11] calls port VDD not declared in module DFD1BWP7T
Warning: prbs_ber_pad_top/u_prbs_ber_chip_top/u_csr_regbank/last_totcnt_reg_reg[12] calls port VSS not declared in module DFKCNQD1BWP7T
Warning: prbs_ber_pad_top/u_prbs_ber_chip_top/u_csr_regbank/last_totcnt_reg_reg[12] calls port VDD not declared in module DFKCNQD1BWP7T
Warning: prbs_ber_pad_top/u_prbs_ber_chip_top/u_csr_regbank/last_totcnt_reg_reg[13] calls port VSS not declared in module DFD1BWP7T
Warning: prbs_ber_pad_top/u_prbs_ber_chip_top/u_csr_regbank/last_totcnt_reg_reg[13] calls port VDD not declared in module DFD1BWP7T
Warning: prbs_ber_pad_top/u_prbs_ber_chip_top/u_csr_regbank/last_totcnt_reg_reg[14] calls port VSS not declared in module DFD1BWP7T
Warning: prbs_ber_pad_top/u_prbs_ber_chip_top/u_csr_regbank/last_totcnt_reg_reg[14] calls port VDD not declared in module DFD1BWP7T
Warning: prbs_ber_pad_top/u_prbs_ber_chip_top/u_csr_regbank/last_totcnt_reg_reg[15] calls port VSS not declared in module DFD1BWP7T
Warning: prbs_ber_pad_top/u_prbs_ber_chip_top/u_csr_regbank/last_totcnt_reg_reg[15] calls port VDD not declared in module DFD1BWP7T
Warning: prbs_ber_pad_top/u_prbs_ber_chip_top/u_csr_regbank/last_totcnt_reg_reg[16] calls port VSS not declared in module DFD1BWP7T
Warning: prbs_ber_pad_top/u_prbs_ber_chip_top/u_csr_regbank/last_totcnt_reg_reg[16] calls port VDD not declared in module DFD1BWP7T
Warning: prbs_ber_pad_top/u_prbs_ber_chip_top/u_csr_regbank/last_totcnt_reg_reg[17] calls port VSS not declared in module DFD1BWP7T
Warning: prbs_ber_pad_top/u_prbs_ber_chip_top/u_csr_regbank/last_totcnt_reg_reg[17] calls port VDD not declared in module DFD1BWP7T
Warning: prbs_ber_pad_top/u_prbs_ber_chip_top/u_csr_regbank/last_totcnt_reg_reg[18] calls port VSS not declared in module DFD1BWP7T
Warning: prbs_ber_pad_top/u_prbs_ber_chip_top/u_csr_regbank/last_totcnt_reg_reg[18] calls port VDD not declared in module DFD1BWP7T
Warning: prbs_ber_pad_top/u_prbs_ber_chip_top/u_csr_regbank/last_totcnt_reg_reg[19] calls port VSS not declared in module DFD1BWP7T
Warning: prbs_ber_pad_top/u_prbs_ber_chip_top/u_csr_regbank/last_totcnt_reg_reg[19] calls port VDD not declared in module DFD1BWP7T
Warning: prbs_ber_pad_top/u_prbs_ber_chip_top/u_csr_regbank/last_totcnt_reg_reg[20] calls port VSS not declared in module DFD1BWP7T
Warning: prbs_ber_pad_top/u_prbs_ber_chip_top/u_csr_regbank/last_totcnt_reg_reg[20] calls port VDD not declared in module DFD1BWP7T
Warning: prbs_ber_pad_top/u_prbs_ber_chip_top/u_csr_regbank/last_totcnt_reg_reg[21] calls port VSS not declared in module DFD1BWP7T
Warning: prbs_ber_pad_top/u_prbs_ber_chip_top/u_csr_regbank/last_totcnt_reg_reg[21] calls port VDD not declared in module DFD1BWP7T
Warning: prbs_ber_pad_top/u_prbs_ber_chip_top/u_csr_regbank/last_totcnt_reg_reg[22] calls port VSS not declared in module DFD1BWP7T
Warning: prbs_ber_pad_top/u_prbs_ber_chip_top/u_csr_regbank/last_totcnt_reg_reg[22] calls port VDD not declared in module DFD1BWP7T
Warning: prbs_ber_pad_top/u_prbs_ber_chip_top/u_csr_regbank/last_totcnt_reg_reg[23] calls port VSS not declared in module DFD1BWP7T
Warning: prbs_ber_pad_top/u_prbs_ber_chip_top/u_csr_regbank/last_totcnt_reg_reg[23] calls port VDD not declared in module DFD1BWP7T
Warning: prbs_ber_pad_top/u_prbs_ber_chip_top/u_csr_regbank/last_totcnt_reg_reg[24] calls port VSS not declared in module DFD1BWP7T
Warning: prbs_ber_pad_top/u_prbs_ber_chip_top/u_csr_regbank/last_totcnt_reg_reg[24] calls port VDD not declared in module DFD1BWP7T
Warning: prbs_ber_pad_top/u_prbs_ber_chip_top/u_csr_regbank/last_totcnt_reg_reg[25] calls port VSS not declared in module DFD1BWP7T
Warning: prbs_ber_pad_top/u_prbs_ber_chip_top/u_csr_regbank/last_totcnt_reg_reg[25] calls port VDD not declared in module DFD1BWP7T
Warning: prbs_ber_pad_top/u_prbs_ber_chip_top/u_csr_regbank/last_totcnt_reg_reg[26] calls port VSS not declared in module DFD1BWP7T
Warning: prbs_ber_pad_top/u_prbs_ber_chip_top/u_csr_regbank/last_totcnt_reg_reg[26] calls port VDD not declared in module DFD1BWP7T
Warning: prbs_ber_pad_top/u_prbs_ber_chip_top/u_csr_regbank/last_totcnt_reg_reg[27] calls port VSS not declared in module DFD1BWP7T
Warning: prbs_ber_pad_top/u_prbs_ber_chip_top/u_csr_regbank/last_totcnt_reg_reg[27] calls port VDD not declared in module DFD1BWP7T
Warning: prbs_ber_pad_top/u_prbs_ber_chip_top/u_csr_regbank/last_totcnt_reg_reg[28] calls port VSS not declared in module DFD1BWP7T
Warning: prbs_ber_pad_top/u_prbs_ber_chip_top/u_csr_regbank/last_totcnt_reg_reg[28] calls port VDD not declared in module DFD1BWP7T
Warning: prbs_ber_pad_top/u_prbs_ber_chip_top/u_csr_regbank/last_totcnt_reg_reg[29] calls port VSS not declared in module DFD1BWP7T
Warning: prbs_ber_pad_top/u_prbs_ber_chip_top/u_csr_regbank/last_totcnt_reg_reg[29] calls port VDD not declared in module DFD1BWP7T
Warning: prbs_ber_pad_top/u_prbs_ber_chip_top/u_csr_regbank/last_totcnt_reg_reg[30] calls port VSS not declared in module DFD1BWP7T
Warning: prbs_ber_pad_top/u_prbs_ber_chip_top/u_csr_regbank/last_totcnt_reg_reg[30] calls port VDD not declared in module DFD1BWP7T
Warning: prbs_ber_pad_top/u_prbs_ber_chip_top/u_csr_regbank/last_totcnt_reg_reg[31] calls port VSS not declared in module DFD1BWP7T
Warning: prbs_ber_pad_top/u_prbs_ber_chip_top/u_csr_regbank/last_totcnt_reg_reg[31] calls port VDD not declared in module DFD1BWP7T
Warning: prbs_ber_pad_top/u_prbs_ber_chip_top/u_csr_regbank/seed_reg_reg[15] calls port VSS not declared in module DFKCNQD1BWP7T
Warning: prbs_ber_pad_top/u_prbs_ber_chip_top/u_csr_regbank/seed_reg_reg[15] calls port VDD not declared in module DFKCNQD1BWP7T
Warning: prbs_ber_pad_top/u_prbs_ber_chip_top/u_csr_regbank/seed_reg_reg[16] calls port VSS not declared in module DFKCNQD1BWP7T
Warning: prbs_ber_pad_top/u_prbs_ber_chip_top/u_csr_regbank/seed_reg_reg[16] calls port VDD not declared in module DFKCNQD1BWP7T
Warning: prbs_ber_pad_top/u_prbs_ber_chip_top/u_csr_regbank/seed_reg_reg[17] calls port VSS not declared in module DFKCNQD1BWP7T
Warning: prbs_ber_pad_top/u_prbs_ber_chip_top/u_csr_regbank/seed_reg_reg[17] calls port VDD not declared in module DFKCNQD1BWP7T
Warning: prbs_ber_pad_top/u_prbs_ber_chip_top/u_csr_regbank/seed_reg_reg[18] calls port VSS not declared in module DFKCNQD1BWP7T
Warning: prbs_ber_pad_top/u_prbs_ber_chip_top/u_csr_regbank/seed_reg_reg[18] calls port VDD not declared in module DFKCNQD1BWP7T
Warning: prbs_ber_pad_top/u_prbs_ber_chip_top/u_csr_regbank/seed_reg_reg[19] calls port VSS not declared in module DFKCNQD1BWP7T
Warning: prbs_ber_pad_top/u_prbs_ber_chip_top/u_csr_regbank/seed_reg_reg[19] calls port VDD not declared in module DFKCNQD1BWP7T
Warning: prbs_ber_pad_top/u_prbs_ber_chip_top/u_csr_regbank/seed_reg_reg[20] calls port VSS not declared in module DFKCNQD1BWP7T
Warning: prbs_ber_pad_top/u_prbs_ber_chip_top/u_csr_regbank/seed_reg_reg[20] calls port VDD not declared in module DFKCNQD1BWP7T
Warning: prbs_ber_pad_top/u_prbs_ber_chip_top/u_csr_regbank/seed_reg_reg[21] calls port VSS not declared in module DFKCNQD1BWP7T
Warning: prbs_ber_pad_top/u_prbs_ber_chip_top/u_csr_regbank/seed_reg_reg[21] calls port VDD not declared in module DFKCNQD1BWP7T
Warning: prbs_ber_pad_top/u_prbs_ber_chip_top/u_csr_regbank/seed_reg_reg[22] calls port VSS not declared in module DFKCNQD1BWP7T
Warning: prbs_ber_pad_top/u_prbs_ber_chip_top/u_csr_regbank/seed_reg_reg[22] calls port VDD not declared in module DFKCNQD1BWP7T
Warning: prbs_ber_pad_top/u_prbs_ber_chip_top/u_csr_regbank/seed_reg_reg[23] calls port VSS not declared in module DFKCNQD1BWP7T
Warning: prbs_ber_pad_top/u_prbs_ber_chip_top/u_csr_regbank/seed_reg_reg[23] calls port VDD not declared in module DFKCNQD1BWP7T
Warning: prbs_ber_pad_top/u_prbs_ber_chip_top/u_csr_regbank/seed_reg_reg[24] calls port VSS not declared in module DFKCNQD1BWP7T
Warning: prbs_ber_pad_top/u_prbs_ber_chip_top/u_csr_regbank/seed_reg_reg[24] calls port VDD not declared in module DFKCNQD1BWP7T
Warning: prbs_ber_pad_top/u_prbs_ber_chip_top/u_csr_regbank/seed_reg_reg[25] calls port VSS not declared in module DFKCNQD1BWP7T
Warning: prbs_ber_pad_top/u_prbs_ber_chip_top/u_csr_regbank/seed_reg_reg[25] calls port VDD not declared in module DFKCNQD1BWP7T
Warning: prbs_ber_pad_top/u_prbs_ber_chip_top/u_csr_regbank/seed_reg_reg[26] calls port VSS not declared in module DFKCNQD1BWP7T
Warning: prbs_ber_pad_top/u_prbs_ber_chip_top/u_csr_regbank/seed_reg_reg[26] calls port VDD not declared in module DFKCNQD1BWP7T
Warning: prbs_ber_pad_top/u_prbs_ber_chip_top/u_csr_regbank/seed_reg_reg[27] calls port VSS not declared in module DFKCNQD1BWP7T
Warning: prbs_ber_pad_top/u_prbs_ber_chip_top/u_csr_regbank/seed_reg_reg[27] calls port VDD not declared in module DFKCNQD1BWP7T
Warning: prbs_ber_pad_top/u_prbs_ber_chip_top/u_csr_regbank/seed_reg_reg[28] calls port VSS not declared in module DFKCNQD1BWP7T
Warning: prbs_ber_pad_top/u_prbs_ber_chip_top/u_csr_regbank/seed_reg_reg[28] calls port VDD not declared in module DFKCNQD1BWP7T
Warning: prbs_ber_pad_top/u_prbs_ber_chip_top/u_csr_regbank/seed_reg_reg[29] calls port VSS not declared in module DFKCNQD1BWP7T
Warning: prbs_ber_pad_top/u_prbs_ber_chip_top/u_csr_regbank/seed_reg_reg[29] calls port VDD not declared in module DFKCNQD1BWP7T
Warning: prbs_ber_pad_top/u_prbs_ber_chip_top/u_csr_regbank/seed_reg_reg[30] calls port VSS not declared in module DFKCNQD1BWP7T
Warning: prbs_ber_pad_top/u_prbs_ber_chip_top/u_csr_regbank/seed_reg_reg[30] calls port VDD not declared in module DFKCNQD1BWP7T
Warning: prbs_ber_pad_top/u_prbs_ber_chip_top/u_csr_regbank/seed_reg_reg[31] calls port VSS not declared in module DFKCNQD1BWP7T
Warning: prbs_ber_pad_top/u_prbs_ber_chip_top/u_csr_regbank/seed_reg_reg[31] calls port VDD not declared in module DFKCNQD1BWP7T
Warning: prbs_ber_pad_top/u_prbs_ber_chip_top/u_csr_regbank/snapshot0_reg_reg[0] calls port VSS not declared in module DFKCNQD1BWP7T
Warning: prbs_ber_pad_top/u_prbs_ber_chip_top/u_csr_regbank/snapshot0_reg_reg[0] calls port VDD not declared in module DFKCNQD1BWP7T
Warning: prbs_ber_pad_top/u_prbs_ber_chip_top/u_csr_regbank/snapshot0_reg_reg[1] calls port VSS not declared in module DFKCNQD1BWP7T
Warning: prbs_ber_pad_top/u_prbs_ber_chip_top/u_csr_regbank/snapshot0_reg_reg[1] calls port VDD not declared in module DFKCNQD1BWP7T
Warning: prbs_ber_pad_top/u_prbs_ber_chip_top/u_csr_regbank/snapshot0_reg_reg[2] calls port VSS not declared in module DFKCNQD1BWP7T
Warning: prbs_ber_pad_top/u_prbs_ber_chip_top/u_csr_regbank/snapshot0_reg_reg[2] calls port VDD not declared in module DFKCNQD1BWP7T
Warning: prbs_ber_pad_top/u_prbs_ber_chip_top/u_csr_regbank/snapshot0_reg_reg[4] calls port VSS not declared in module DFKCNQD1BWP7T
Warning: prbs_ber_pad_top/u_prbs_ber_chip_top/u_csr_regbank/snapshot0_reg_reg[4] calls port VDD not declared in module DFKCNQD1BWP7T
Warning: prbs_ber_pad_top/u_prbs_ber_chip_top/u_csr_regbank/snapshot0_reg_reg[5] calls port VSS not declared in module DFKCNQD1BWP7T
Warning: prbs_ber_pad_top/u_prbs_ber_chip_top/u_csr_regbank/snapshot0_reg_reg[5] calls port VDD not declared in module DFKCNQD1BWP7T
Warning: prbs_ber_pad_top/u_prbs_ber_chip_top/u_csr_regbank/snapshot0_reg_reg[6] calls port VSS not declared in module DFKCNQD1BWP7T
Warning: prbs_ber_pad_top/u_prbs_ber_chip_top/u_csr_regbank/snapshot0_reg_reg[6] calls port VDD not declared in module DFKCNQD1BWP7T
Warning: prbs_ber_pad_top/u_prbs_ber_chip_top/u_csr_regbank/snapshot0_reg_reg[7] calls port VSS not declared in module DFKCNQD1BWP7T
Warning: prbs_ber_pad_top/u_prbs_ber_chip_top/u_csr_regbank/snapshot0_reg_reg[7] calls port VDD not declared in module DFKCNQD1BWP7T
Warning: prbs_ber_pad_top/u_prbs_ber_chip_top/u_csr_regbank/g11240__5477 calls port VSS not declared in module AO211D0BWP7T
Warning: prbs_ber_pad_top/u_prbs_ber_chip_top/u_csr_regbank/g11240__5477 calls port VDD not declared in module AO211D0BWP7T
Warning: prbs_ber_pad_top/u_prbs_ber_chip_top/u_csr_regbank/g11241__2398 calls port VSS not declared in module AO211D0BWP7T
Warning: prbs_ber_pad_top/u_prbs_ber_chip_top/u_csr_regbank/g11241__2398 calls port VDD not declared in module AO211D0BWP7T
Warning: prbs_ber_pad_top/u_prbs_ber_chip_top/u_csr_regbank/g11242__5107 calls port VSS not declared in module IND4D0BWP7T
Warning: prbs_ber_pad_top/u_prbs_ber_chip_top/u_csr_regbank/g11242__5107 calls port VDD not declared in module IND4D0BWP7T
Warning: prbs_ber_pad_top/u_prbs_ber_chip_top/u_csr_regbank/g11243__6260 calls port VSS not declared in module ND4D0BWP7T
Warning: prbs_ber_pad_top/u_prbs_ber_chip_top/u_csr_regbank/g11243__6260 calls port VDD not declared in module ND4D0BWP7T
Warning: prbs_ber_pad_top/u_prbs_ber_chip_top/u_csr_regbank/g11244__4319 calls port VSS not declared in module ND4D0BWP7T
Warning: prbs_ber_pad_top/u_prbs_ber_chip_top/u_csr_regbank/g11244__4319 calls port VDD not declared in module ND4D0BWP7T
Warning: prbs_ber_pad_top/u_prbs_ber_chip_top/u_csr_regbank/g11245__8428 calls port VSS not declared in module ND4D0BWP7T
Warning: prbs_ber_pad_top/u_prbs_ber_chip_top/u_csr_regbank/g11245__8428 calls port VDD not declared in module ND4D0BWP7T
Warning: prbs_ber_pad_top/u_prbs_ber_chip_top/u_csr_regbank/g11246__5526 calls port VSS not declared in module ND4D0BWP7T
Warning: prbs_ber_pad_top/u_prbs_ber_chip_top/u_csr_regbank/g11246__5526 calls port VDD not declared in module ND4D0BWP7T
Warning: prbs_ber_pad_top/u_prbs_ber_chip_top/u_csr_regbank/g11247__6783 calls port VSS not declared in module ND4D0BWP7T
Warning: prbs_ber_pad_top/u_prbs_ber_chip_top/u_csr_regbank/g11247__6783 calls port VDD not declared in module ND4D0BWP7T
Warning: prbs_ber_pad_top/u_prbs_ber_chip_top/u_csr_regbank/g11248__3680 calls port VSS not declared in module ND4D0BWP7T
Warning: prbs_ber_pad_top/u_prbs_ber_chip_top/u_csr_regbank/g11248__3680 calls port VDD not declared in module ND4D0BWP7T
Warning: prbs_ber_pad_top/u_prbs_ber_chip_top/u_csr_regbank/g11249__1617 calls port VSS not declared in module ND4D0BWP7T
Warning: prbs_ber_pad_top/u_prbs_ber_chip_top/u_csr_regbank/g11249__1617 calls port VDD not declared in module ND4D0BWP7T
Warning: prbs_ber_pad_top/u_prbs_ber_chip_top/u_csr_regbank/g11250__2802 calls port VSS not declared in module ND4D0BWP7T
Warning: prbs_ber_pad_top/u_prbs_ber_chip_top/u_csr_regbank/g11250__2802 calls port VDD not declared in module ND4D0BWP7T
Warning: prbs_ber_pad_top/u_prbs_ber_chip_top/u_csr_regbank/g11251__1705 calls port VSS not declared in module ND4D0BWP7T
Warning: prbs_ber_pad_top/u_prbs_ber_chip_top/u_csr_regbank/g11251__1705 calls port VDD not declared in module ND4D0BWP7T
Warning: prbs_ber_pad_top/u_prbs_ber_chip_top/u_csr_regbank/g11252__5122 calls port VSS not declared in module ND4D0BWP7T
Warning: prbs_ber_pad_top/u_prbs_ber_chip_top/u_csr_regbank/g11252__5122 calls port VDD not declared in module ND4D0BWP7T
Warning: prbs_ber_pad_top/u_prbs_ber_chip_top/u_csr_regbank/g11253__8246 calls port VSS not declared in module ND4D0BWP7T
Warning: prbs_ber_pad_top/u_prbs_ber_chip_top/u_csr_regbank/g11253__8246 calls port VDD not declared in module ND4D0BWP7T
Warning: prbs_ber_pad_top/u_prbs_ber_chip_top/u_csr_regbank/g11254__7098 calls port VSS not declared in module ND4D0BWP7T
Warning: prbs_ber_pad_top/u_prbs_ber_chip_top/u_csr_regbank/g11254__7098 calls port VDD not declared in module ND4D0BWP7T
Warning: prbs_ber_pad_top/u_prbs_ber_chip_top/u_csr_regbank/g11255__6131 calls port VSS not declared in module ND4D0BWP7T
Warning: prbs_ber_pad_top/u_prbs_ber_chip_top/u_csr_regbank/g11255__6131 calls port VDD not declared in module ND4D0BWP7T
Warning: prbs_ber_pad_top/u_prbs_ber_chip_top/u_csr_regbank/g11256__1881 calls port VSS not declared in module ND4D0BWP7T
Warning: prbs_ber_pad_top/u_prbs_ber_chip_top/u_csr_regbank/g11256__1881 calls port VDD not declared in module ND4D0BWP7T
Warning: prbs_ber_pad_top/u_prbs_ber_chip_top/u_csr_regbank/g11257__5115 calls port VSS not declared in module ND4D0BWP7T
Warning: prbs_ber_pad_top/u_prbs_ber_chip_top/u_csr_regbank/g11257__5115 calls port VDD not declared in module ND4D0BWP7T
Warning: prbs_ber_pad_top/u_prbs_ber_chip_top/u_csr_regbank/g11258__7482 calls port VSS not declared in module ND4D0BWP7T
Warning: prbs_ber_pad_top/u_prbs_ber_chip_top/u_csr_regbank/g11258__7482 calls port VDD not declared in module ND4D0BWP7T
Warning: prbs_ber_pad_top/u_prbs_ber_chip_top/u_csr_regbank/g11259__4733 calls port VSS not declared in module ND4D0BWP7T
Warning: prbs_ber_pad_top/u_prbs_ber_chip_top/u_csr_regbank/g11259__4733 calls port VDD not declared in module ND4D0BWP7T
Warning: prbs_ber_pad_top/u_prbs_ber_chip_top/u_csr_regbank/g11260__6161 calls port VSS not declared in module ND4D0BWP7T
Warning: prbs_ber_pad_top/u_prbs_ber_chip_top/u_csr_regbank/g11260__6161 calls port VDD not declared in module ND4D0BWP7T
Warning: prbs_ber_pad_top/u_prbs_ber_chip_top/u_csr_regbank/g11261__9315 calls port VSS not declared in module ND4D0BWP7T
Warning: prbs_ber_pad_top/u_prbs_ber_chip_top/u_csr_regbank/g11261__9315 calls port VDD not declared in module ND4D0BWP7T
Warning: prbs_ber_pad_top/u_prbs_ber_chip_top/u_csr_regbank/g11262__9945 calls port VSS not declared in module ND4D0BWP7T
Warning: prbs_ber_pad_top/u_prbs_ber_chip_top/u_csr_regbank/g11262__9945 calls port VDD not declared in module ND4D0BWP7T
Warning: prbs_ber_pad_top/u_prbs_ber_chip_top/u_csr_regbank/g11263__2883 calls port VSS not declared in module ND4D0BWP7T
Warning: prbs_ber_pad_top/u_prbs_ber_chip_top/u_csr_regbank/g11263__2883 calls port VDD not declared in module ND4D0BWP7T
Warning: prbs_ber_pad_top/u_prbs_ber_chip_top/u_csr_regbank/g11264__2346 calls port VSS not declared in module ND4D0BWP7T
Warning: prbs_ber_pad_top/u_prbs_ber_chip_top/u_csr_regbank/g11264__2346 calls port VDD not declared in module ND4D0BWP7T
Warning: prbs_ber_pad_top/u_prbs_ber_chip_top/u_csr_regbank/g11265__1666 calls port VSS not declared in module ND4D0BWP7T
Warning: prbs_ber_pad_top/u_prbs_ber_chip_top/u_csr_regbank/g11265__1666 calls port VDD not declared in module ND4D0BWP7T
Warning: prbs_ber_pad_top/u_prbs_ber_chip_top/u_csr_regbank/g11266__7410 calls port VSS not declared in module ND4D0BWP7T
Warning: prbs_ber_pad_top/u_prbs_ber_chip_top/u_csr_regbank/g11266__7410 calls port VDD not declared in module ND4D0BWP7T
Warning: prbs_ber_pad_top/u_prbs_ber_chip_top/u_csr_regbank/g11267__6417 calls port VSS not declared in module ND4D0BWP7T
Warning: prbs_ber_pad_top/u_prbs_ber_chip_top/u_csr_regbank/g11267__6417 calls port VDD not declared in module ND4D0BWP7T
Warning: prbs_ber_pad_top/u_prbs_ber_chip_top/u_csr_regbank/g11268__5477 calls port VSS not declared in module ND4D0BWP7T
Warning: prbs_ber_pad_top/u_prbs_ber_chip_top/u_csr_regbank/g11268__5477 calls port VDD not declared in module ND4D0BWP7T
Warning: prbs_ber_pad_top/u_prbs_ber_chip_top/u_csr_regbank/g11269__2398 calls port VSS not declared in module ND4D0BWP7T
Warning: prbs_ber_pad_top/u_prbs_ber_chip_top/u_csr_regbank/g11269__2398 calls port VDD not declared in module ND4D0BWP7T
Warning: prbs_ber_pad_top/u_prbs_ber_chip_top/u_csr_regbank/g11270__5107 calls port VSS not declared in module ND4D0BWP7T
Warning: prbs_ber_pad_top/u_prbs_ber_chip_top/u_csr_regbank/g11270__5107 calls port VDD not declared in module ND4D0BWP7T
Warning: prbs_ber_pad_top/u_prbs_ber_chip_top/u_csr_regbank/g11271__6260 calls port VSS not declared in module ND4D0BWP7T
Warning: prbs_ber_pad_top/u_prbs_ber_chip_top/u_csr_regbank/g11271__6260 calls port VDD not declared in module ND4D0BWP7T
Warning: prbs_ber_pad_top/u_prbs_ber_chip_top/u_csr_regbank/g11272__4319 calls port VSS not declared in module AOI211XD0BWP7T
Warning: prbs_ber_pad_top/u_prbs_ber_chip_top/u_csr_regbank/g11272__4319 calls port VDD not declared in module AOI211XD0BWP7T
Warning: prbs_ber_pad_top/u_prbs_ber_chip_top/u_csr_regbank/g11273__8428 calls port VSS not declared in module ND4D0BWP7T
Warning: prbs_ber_pad_top/u_prbs_ber_chip_top/u_csr_regbank/g11273__8428 calls port VDD not declared in module ND4D0BWP7T
Warning: prbs_ber_pad_top/u_prbs_ber_chip_top/u_csr_regbank/g11274__5526 calls port VSS not declared in module ND4D0BWP7T
Warning: prbs_ber_pad_top/u_prbs_ber_chip_top/u_csr_regbank/g11274__5526 calls port VDD not declared in module ND4D0BWP7T
Warning: prbs_ber_pad_top/u_prbs_ber_chip_top/u_csr_regbank/g11275__6783 calls port VSS not declared in module ND4D0BWP7T
Warning: prbs_ber_pad_top/u_prbs_ber_chip_top/u_csr_regbank/g11275__6783 calls port VDD not declared in module ND4D0BWP7T
Warning: prbs_ber_pad_top/u_prbs_ber_chip_top/u_csr_regbank/g11276__3680 calls port VSS not declared in module OA221D0BWP7T
Warning: prbs_ber_pad_top/u_prbs_ber_chip_top/u_csr_regbank/g11276__3680 calls port VDD not declared in module OA221D0BWP7T
Warning: prbs_ber_pad_top/u_prbs_ber_chip_top/u_csr_regbank/g11277__1617 calls port VSS not declared in module AOI221D0BWP7T
Warning: prbs_ber_pad_top/u_prbs_ber_chip_top/u_csr_regbank/g11277__1617 calls port VDD not declared in module AOI221D0BWP7T
Warning: prbs_ber_pad_top/u_prbs_ber_chip_top/u_csr_regbank/g11278__2802 calls port VSS not declared in module AOI221D0BWP7T
Warning: prbs_ber_pad_top/u_prbs_ber_chip_top/u_csr_regbank/g11278__2802 calls port VDD not declared in module AOI221D0BWP7T
Warning: prbs_ber_pad_top/u_prbs_ber_chip_top/u_csr_regbank/g11279__1705 calls port VSS not declared in module AOI221D0BWP7T
Warning: prbs_ber_pad_top/u_prbs_ber_chip_top/u_csr_regbank/g11279__1705 calls port VDD not declared in module AOI221D0BWP7T
Warning: prbs_ber_pad_top/u_prbs_ber_chip_top/u_csr_regbank/g11280__5122 calls port VSS not declared in module AOI221D0BWP7T
Warning: prbs_ber_pad_top/u_prbs_ber_chip_top/u_csr_regbank/g11280__5122 calls port VDD not declared in module AOI221D0BWP7T
Warning: prbs_ber_pad_top/u_prbs_ber_chip_top/u_csr_regbank/g11281__8246 calls port VSS not declared in module AOI221D0BWP7T
Warning: prbs_ber_pad_top/u_prbs_ber_chip_top/u_csr_regbank/g11281__8246 calls port VDD not declared in module AOI221D0BWP7T
Warning: prbs_ber_pad_top/u_prbs_ber_chip_top/u_csr_regbank/g11282__7098 calls port VSS not declared in module AOI221D0BWP7T
Warning: prbs_ber_pad_top/u_prbs_ber_chip_top/u_csr_regbank/g11282__7098 calls port VDD not declared in module AOI221D0BWP7T
Warning: prbs_ber_pad_top/u_prbs_ber_chip_top/u_csr_regbank/g11283__6131 calls port VSS not declared in module OA221D0BWP7T
Warning: prbs_ber_pad_top/u_prbs_ber_chip_top/u_csr_regbank/g11283__6131 calls port VDD not declared in module OA221D0BWP7T
Warning: prbs_ber_pad_top/u_prbs_ber_chip_top/u_csr_regbank/g11284__1881 calls port VSS not declared in module OA221D0BWP7T
Warning: prbs_ber_pad_top/u_prbs_ber_chip_top/u_csr_regbank/g11284__1881 calls port VDD not declared in module OA221D0BWP7T
Warning: prbs_ber_pad_top/u_prbs_ber_chip_top/u_csr_regbank/g11285__5115 calls port VSS not declared in module OA221D0BWP7T
Warning: prbs_ber_pad_top/u_prbs_ber_chip_top/u_csr_regbank/g11285__5115 calls port VDD not declared in module OA221D0BWP7T
Warning: prbs_ber_pad_top/u_prbs_ber_chip_top/u_csr_regbank/g11286__7482 calls port VSS not declared in module OA221D0BWP7T
Warning: prbs_ber_pad_top/u_prbs_ber_chip_top/u_csr_regbank/g11286__7482 calls port VDD not declared in module OA221D0BWP7T
Warning: prbs_ber_pad_top/u_prbs_ber_chip_top/u_csr_regbank/g11287__4733 calls port VSS not declared in module OA221D0BWP7T
Warning: prbs_ber_pad_top/u_prbs_ber_chip_top/u_csr_regbank/g11287__4733 calls port VDD not declared in module OA221D0BWP7T
Warning: prbs_ber_pad_top/u_prbs_ber_chip_top/u_csr_regbank/g11288__6161 calls port VSS not declared in module OA221D0BWP7T
Warning: prbs_ber_pad_top/u_prbs_ber_chip_top/u_csr_regbank/g11288__6161 calls port VDD not declared in module OA221D0BWP7T
Warning: prbs_ber_pad_top/u_prbs_ber_chip_top/u_csr_regbank/g11289__9315 calls port VSS not declared in module ND2D1BWP7T
Warning: prbs_ber_pad_top/u_prbs_ber_chip_top/u_csr_regbank/g11289__9315 calls port VDD not declared in module ND2D1BWP7T
Warning: prbs_ber_pad_top/u_prbs_ber_chip_top/u_csr_regbank/g11290__9945 calls port VSS not declared in module AOI221D0BWP7T
Warning: prbs_ber_pad_top/u_prbs_ber_chip_top/u_csr_regbank/g11290__9945 calls port VDD not declared in module AOI221D0BWP7T
Warning: prbs_ber_pad_top/u_prbs_ber_chip_top/u_csr_regbank/g11291__2883 calls port VSS not declared in module AOI221D0BWP7T
Warning: prbs_ber_pad_top/u_prbs_ber_chip_top/u_csr_regbank/g11291__2883 calls port VDD not declared in module AOI221D0BWP7T
Warning: prbs_ber_pad_top/u_prbs_ber_chip_top/u_csr_regbank/g11292__2346 calls port VSS not declared in module AOI221D0BWP7T
Warning: prbs_ber_pad_top/u_prbs_ber_chip_top/u_csr_regbank/g11292__2346 calls port VDD not declared in module AOI221D0BWP7T
Warning: prbs_ber_pad_top/u_prbs_ber_chip_top/u_csr_regbank/g11293__1666 calls port VSS not declared in module AOI221D1BWP7T
Warning: prbs_ber_pad_top/u_prbs_ber_chip_top/u_csr_regbank/g11293__1666 calls port VDD not declared in module AOI221D1BWP7T
Warning: prbs_ber_pad_top/u_prbs_ber_chip_top/u_csr_regbank/g11294__7410 calls port VSS not declared in module AOI221D0BWP7T
Warning: prbs_ber_pad_top/u_prbs_ber_chip_top/u_csr_regbank/g11294__7410 calls port VDD not declared in module AOI221D0BWP7T
Warning: prbs_ber_pad_top/u_prbs_ber_chip_top/u_csr_regbank/g11295__6417 calls port VSS not declared in module AOI221D0BWP7T
Warning: prbs_ber_pad_top/u_prbs_ber_chip_top/u_csr_regbank/g11295__6417 calls port VDD not declared in module AOI221D0BWP7T
Warning: prbs_ber_pad_top/u_prbs_ber_chip_top/u_csr_regbank/g11296__5477 calls port VSS not declared in module OA221D0BWP7T
Warning: prbs_ber_pad_top/u_prbs_ber_chip_top/u_csr_regbank/g11296__5477 calls port VDD not declared in module OA221D0BWP7T
Warning: prbs_ber_pad_top/u_prbs_ber_chip_top/u_csr_regbank/g11297__2398 calls port VSS not declared in module AOI221D1BWP7T
Warning: prbs_ber_pad_top/u_prbs_ber_chip_top/u_csr_regbank/g11297__2398 calls port VDD not declared in module AOI221D1BWP7T
Warning: prbs_ber_pad_top/u_prbs_ber_chip_top/u_csr_regbank/g11298__5107 calls port VSS not declared in module AOI221D0BWP7T
Warning: prbs_ber_pad_top/u_prbs_ber_chip_top/u_csr_regbank/g11298__5107 calls port VDD not declared in module AOI221D0BWP7T
Warning: prbs_ber_pad_top/u_prbs_ber_chip_top/u_csr_regbank/g11299__6260 calls port VSS not declared in module AOI221D1BWP7T
Warning: prbs_ber_pad_top/u_prbs_ber_chip_top/u_csr_regbank/g11299__6260 calls port VDD not declared in module AOI221D1BWP7T
Warning: prbs_ber_pad_top/u_prbs_ber_chip_top/u_csr_regbank/g11300__4319 calls port VSS not declared in module AOI221D0BWP7T
Warning: prbs_ber_pad_top/u_prbs_ber_chip_top/u_csr_regbank/g11300__4319 calls port VDD not declared in module AOI221D0BWP7T
Warning: prbs_ber_pad_top/u_prbs_ber_chip_top/u_csr_regbank/g11301__8428 calls port VSS not declared in module AOI221D0BWP7T
Warning: prbs_ber_pad_top/u_prbs_ber_chip_top/u_csr_regbank/g11301__8428 calls port VDD not declared in module AOI221D0BWP7T
Warning: prbs_ber_pad_top/u_prbs_ber_chip_top/u_csr_regbank/g11302__5526 calls port VSS not declared in module AOI221D0BWP7T
Warning: prbs_ber_pad_top/u_prbs_ber_chip_top/u_csr_regbank/g11302__5526 calls port VDD not declared in module AOI221D0BWP7T
Warning: prbs_ber_pad_top/u_prbs_ber_chip_top/u_csr_regbank/g11303__6783 calls port VSS not declared in module AOI221D0BWP7T
Warning: prbs_ber_pad_top/u_prbs_ber_chip_top/u_csr_regbank/g11303__6783 calls port VDD not declared in module AOI221D0BWP7T
Warning: prbs_ber_pad_top/u_prbs_ber_chip_top/u_csr_regbank/g11304__3680 calls port VSS not declared in module AOI221D1BWP7T
Warning: prbs_ber_pad_top/u_prbs_ber_chip_top/u_csr_regbank/g11304__3680 calls port VDD not declared in module AOI221D1BWP7T
Warning: prbs_ber_pad_top/u_prbs_ber_chip_top/u_csr_regbank/g11305__1617 calls port VSS not declared in module ND2D1BWP7T
Warning: prbs_ber_pad_top/u_prbs_ber_chip_top/u_csr_regbank/g11305__1617 calls port VDD not declared in module ND2D1BWP7T
Warning: prbs_ber_pad_top/u_prbs_ber_chip_top/u_csr_regbank/g11306__2802 calls port VSS not declared in module AOI221D0BWP7T
Warning: prbs_ber_pad_top/u_prbs_ber_chip_top/u_csr_regbank/g11306__2802 calls port VDD not declared in module AOI221D0BWP7T
Warning: prbs_ber_pad_top/u_prbs_ber_chip_top/u_csr_regbank/g11307__1705 calls port VSS not declared in module OAI21D0BWP7T
Warning: prbs_ber_pad_top/u_prbs_ber_chip_top/u_csr_regbank/g11307__1705 calls port VDD not declared in module OAI21D0BWP7T
Warning: prbs_ber_pad_top/u_prbs_ber_chip_top/u_csr_regbank/g11308__5122 calls port VSS not declared in module OAI21D0BWP7T
Warning: prbs_ber_pad_top/u_prbs_ber_chip_top/u_csr_regbank/g11308__5122 calls port VDD not declared in module OAI21D0BWP7T
Warning: prbs_ber_pad_top/u_prbs_ber_chip_top/u_csr_regbank/g11309__8246 calls port VSS not declared in module OAI21D0BWP7T
Warning: prbs_ber_pad_top/u_prbs_ber_chip_top/u_csr_regbank/g11309__8246 calls port VDD not declared in module OAI21D0BWP7T
Warning: prbs_ber_pad_top/u_prbs_ber_chip_top/u_csr_regbank/g11310__7098 calls port VSS not declared in module AOI222D0BWP7T
Warning: prbs_ber_pad_top/u_prbs_ber_chip_top/u_csr_regbank/g11310__7098 calls port VDD not declared in module AOI222D0BWP7T
Warning: prbs_ber_pad_top/u_prbs_ber_chip_top/u_csr_regbank/g11311__6131 calls port VSS not declared in module OAI211D1BWP7T
Warning: prbs_ber_pad_top/u_prbs_ber_chip_top/u_csr_regbank/g11311__6131 calls port VDD not declared in module OAI211D1BWP7T
Warning: prbs_ber_pad_top/u_prbs_ber_chip_top/u_csr_regbank/g11312__1881 calls port VSS not declared in module AOI22D0BWP7T
Warning: prbs_ber_pad_top/u_prbs_ber_chip_top/u_csr_regbank/g11312__1881 calls port VDD not declared in module AOI22D0BWP7T
Warning: prbs_ber_pad_top/u_prbs_ber_chip_top/u_csr_regbank/g11313__5115 calls port VSS not declared in module AOI22D0BWP7T
Warning: prbs_ber_pad_top/u_prbs_ber_chip_top/u_csr_regbank/g11313__5115 calls port VDD not declared in module AOI22D0BWP7T
Warning: prbs_ber_pad_top/u_prbs_ber_chip_top/u_csr_regbank/g11314__7482 calls port VSS not declared in module MOAI22D0BWP7T
Warning: prbs_ber_pad_top/u_prbs_ber_chip_top/u_csr_regbank/g11314__7482 calls port VDD not declared in module MOAI22D0BWP7T
Warning: prbs_ber_pad_top/u_prbs_ber_chip_top/u_csr_regbank/g11315__4733 calls port VSS not declared in module MOAI22D0BWP7T
Warning: prbs_ber_pad_top/u_prbs_ber_chip_top/u_csr_regbank/g11315__4733 calls port VDD not declared in module MOAI22D0BWP7T
Warning: prbs_ber_pad_top/u_prbs_ber_chip_top/u_csr_regbank/g11316__6161 calls port VSS not declared in module AOI22D0BWP7T
Warning: prbs_ber_pad_top/u_prbs_ber_chip_top/u_csr_regbank/g11316__6161 calls port VDD not declared in module AOI22D0BWP7T
Warning: prbs_ber_pad_top/u_prbs_ber_chip_top/u_csr_regbank/g11317__9315 calls port VSS not declared in module MOAI22D0BWP7T
Warning: prbs_ber_pad_top/u_prbs_ber_chip_top/u_csr_regbank/g11317__9315 calls port VDD not declared in module MOAI22D0BWP7T
Warning: prbs_ber_pad_top/u_prbs_ber_chip_top/u_csr_regbank/g11318__9945 calls port VSS not declared in module MOAI22D0BWP7T
Warning: prbs_ber_pad_top/u_prbs_ber_chip_top/u_csr_regbank/g11318__9945 calls port VDD not declared in module MOAI22D0BWP7T
Warning: prbs_ber_pad_top/u_prbs_ber_chip_top/u_csr_regbank/g11319__2883 calls port VSS not declared in module MOAI22D0BWP7T
Warning: prbs_ber_pad_top/u_prbs_ber_chip_top/u_csr_regbank/g11319__2883 calls port VDD not declared in module MOAI22D0BWP7T
Warning: prbs_ber_pad_top/u_prbs_ber_chip_top/u_csr_regbank/g11320__2346 calls port VSS not declared in module MOAI22D0BWP7T
Warning: prbs_ber_pad_top/u_prbs_ber_chip_top/u_csr_regbank/g11320__2346 calls port VDD not declared in module MOAI22D0BWP7T
Warning: prbs_ber_pad_top/u_prbs_ber_chip_top/u_csr_regbank/g11321__1666 calls port VSS not declared in module MOAI22D0BWP7T
Warning: prbs_ber_pad_top/u_prbs_ber_chip_top/u_csr_regbank/g11321__1666 calls port VDD not declared in module MOAI22D0BWP7T
Warning: prbs_ber_pad_top/u_prbs_ber_chip_top/u_csr_regbank/g11322__7410 calls port VSS not declared in module MOAI22D0BWP7T
Warning: prbs_ber_pad_top/u_prbs_ber_chip_top/u_csr_regbank/g11322__7410 calls port VDD not declared in module MOAI22D0BWP7T
Warning: prbs_ber_pad_top/u_prbs_ber_chip_top/u_csr_regbank/g11323__6417 calls port VSS not declared in module MOAI22D0BWP7T
Warning: prbs_ber_pad_top/u_prbs_ber_chip_top/u_csr_regbank/g11323__6417 calls port VDD not declared in module MOAI22D0BWP7T
Warning: prbs_ber_pad_top/u_prbs_ber_chip_top/u_csr_regbank/g11324__5477 calls port VSS not declared in module MOAI22D0BWP7T
Warning: prbs_ber_pad_top/u_prbs_ber_chip_top/u_csr_regbank/g11324__5477 calls port VDD not declared in module MOAI22D0BWP7T
Warning: prbs_ber_pad_top/u_prbs_ber_chip_top/u_csr_regbank/g11325__2398 calls port VSS not declared in module MOAI22D0BWP7T
Warning: prbs_ber_pad_top/u_prbs_ber_chip_top/u_csr_regbank/g11325__2398 calls port VDD not declared in module MOAI22D0BWP7T
Warning: prbs_ber_pad_top/u_prbs_ber_chip_top/u_csr_regbank/g11326__5107 calls port VSS not declared in module MOAI22D0BWP7T
Warning: prbs_ber_pad_top/u_prbs_ber_chip_top/u_csr_regbank/g11326__5107 calls port VDD not declared in module MOAI22D0BWP7T
Warning: prbs_ber_pad_top/u_prbs_ber_chip_top/u_csr_regbank/g11327__6260 calls port VSS not declared in module MOAI22D0BWP7T
Warning: prbs_ber_pad_top/u_prbs_ber_chip_top/u_csr_regbank/g11327__6260 calls port VDD not declared in module MOAI22D0BWP7T
Warning: prbs_ber_pad_top/u_prbs_ber_chip_top/u_csr_regbank/g11328__4319 calls port VSS not declared in module MOAI22D0BWP7T
Warning: prbs_ber_pad_top/u_prbs_ber_chip_top/u_csr_regbank/g11328__4319 calls port VDD not declared in module MOAI22D0BWP7T
Warning: prbs_ber_pad_top/u_prbs_ber_chip_top/u_csr_regbank/g11329__8428 calls port VSS not declared in module MOAI22D0BWP7T
Warning: prbs_ber_pad_top/u_prbs_ber_chip_top/u_csr_regbank/g11329__8428 calls port VDD not declared in module MOAI22D0BWP7T
Warning: prbs_ber_pad_top/u_prbs_ber_chip_top/u_csr_regbank/g11330__5526 calls port VSS not declared in module MOAI22D0BWP7T
Warning: prbs_ber_pad_top/u_prbs_ber_chip_top/u_csr_regbank/g11330__5526 calls port VDD not declared in module MOAI22D0BWP7T
Warning: prbs_ber_pad_top/u_prbs_ber_chip_top/u_csr_regbank/g11331__6783 calls port VSS not declared in module AOI221D0BWP7T
Warning: prbs_ber_pad_top/u_prbs_ber_chip_top/u_csr_regbank/g11331__6783 calls port VDD not declared in module AOI221D0BWP7T
Warning: prbs_ber_pad_top/u_prbs_ber_chip_top/u_csr_regbank/g11332__3680 calls port VSS not declared in module CKND2D1BWP7T
Warning: prbs_ber_pad_top/u_prbs_ber_chip_top/u_csr_regbank/g11332__3680 calls port VDD not declared in module CKND2D1BWP7T
Warning: prbs_ber_pad_top/u_prbs_ber_chip_top/u_csr_regbank/g11333__1617 calls port VSS not declared in module AOI221D0BWP7T
Warning: prbs_ber_pad_top/u_prbs_ber_chip_top/u_csr_regbank/g11333__1617 calls port VDD not declared in module AOI221D0BWP7T
Warning: prbs_ber_pad_top/u_prbs_ber_chip_top/u_csr_regbank/g11334__2802 calls port VSS not declared in module AOI221D0BWP7T
Warning: prbs_ber_pad_top/u_prbs_ber_chip_top/u_csr_regbank/g11334__2802 calls port VDD not declared in module AOI221D0BWP7T
Warning: prbs_ber_pad_top/u_prbs_ber_chip_top/u_csr_regbank/g11335__1705 calls port VSS not declared in module CKND2D1BWP7T
Warning: prbs_ber_pad_top/u_prbs_ber_chip_top/u_csr_regbank/g11335__1705 calls port VDD not declared in module CKND2D1BWP7T
Warning: prbs_ber_pad_top/u_prbs_ber_chip_top/u_csr_regbank/g11336__5122 calls port VSS not declared in module AOI221D0BWP7T
Warning: prbs_ber_pad_top/u_prbs_ber_chip_top/u_csr_regbank/g11336__5122 calls port VDD not declared in module AOI221D0BWP7T
Warning: prbs_ber_pad_top/u_prbs_ber_chip_top/u_csr_regbank/g11337__8246 calls port VSS not declared in module OAI211D1BWP7T
Warning: prbs_ber_pad_top/u_prbs_ber_chip_top/u_csr_regbank/g11337__8246 calls port VDD not declared in module OAI211D1BWP7T
Warning: prbs_ber_pad_top/u_prbs_ber_chip_top/u_csr_regbank/g11338__7098 calls port VSS not declared in module ND3D0BWP7T
Warning: prbs_ber_pad_top/u_prbs_ber_chip_top/u_csr_regbank/g11338__7098 calls port VDD not declared in module ND3D0BWP7T
Warning: prbs_ber_pad_top/u_prbs_ber_chip_top/u_csr_regbank/g11339__6131 calls port VSS not declared in module AOI21D0BWP7T
Warning: prbs_ber_pad_top/u_prbs_ber_chip_top/u_csr_regbank/g11339__6131 calls port VDD not declared in module AOI21D0BWP7T
Warning: prbs_ber_pad_top/u_prbs_ber_chip_top/u_csr_regbank/g11340__1881 calls port VSS not declared in module AO222D0BWP7T
Warning: prbs_ber_pad_top/u_prbs_ber_chip_top/u_csr_regbank/g11340__1881 calls port VDD not declared in module AO222D0BWP7T
Warning: prbs_ber_pad_top/u_prbs_ber_chip_top/u_csr_regbank/g11341__5115 calls port VSS not declared in module AOI222D0BWP7T
Warning: prbs_ber_pad_top/u_prbs_ber_chip_top/u_csr_regbank/g11341__5115 calls port VDD not declared in module AOI222D0BWP7T
Warning: prbs_ber_pad_top/u_prbs_ber_chip_top/u_csr_regbank/g11342__7482 calls port VSS not declared in module AOI222D0BWP7T
Warning: prbs_ber_pad_top/u_prbs_ber_chip_top/u_csr_regbank/g11342__7482 calls port VDD not declared in module AOI222D0BWP7T
Warning: prbs_ber_pad_top/u_prbs_ber_chip_top/u_csr_regbank/g11343__4733 calls port VSS not declared in module AOI222D0BWP7T
Warning: prbs_ber_pad_top/u_prbs_ber_chip_top/u_csr_regbank/g11343__4733 calls port VDD not declared in module AOI222D0BWP7T
Warning: prbs_ber_pad_top/u_prbs_ber_chip_top/u_csr_regbank/g11344__6161 calls port VSS not declared in module AOI222D0BWP7T
Warning: prbs_ber_pad_top/u_prbs_ber_chip_top/u_csr_regbank/g11344__6161 calls port VDD not declared in module AOI222D0BWP7T
Warning: prbs_ber_pad_top/u_prbs_ber_chip_top/u_csr_regbank/g11345__9315 calls port VSS not declared in module AOI222D0BWP7T
Warning: prbs_ber_pad_top/u_prbs_ber_chip_top/u_csr_regbank/g11345__9315 calls port VDD not declared in module AOI222D0BWP7T
Warning: prbs_ber_pad_top/u_prbs_ber_chip_top/u_csr_regbank/g11346__9945 calls port VSS not declared in module AOI222D0BWP7T
Warning: prbs_ber_pad_top/u_prbs_ber_chip_top/u_csr_regbank/g11346__9945 calls port VDD not declared in module AOI222D0BWP7T
Warning: prbs_ber_pad_top/u_prbs_ber_chip_top/u_csr_regbank/g11347__2883 calls port VSS not declared in module AOI222D0BWP7T
Warning: prbs_ber_pad_top/u_prbs_ber_chip_top/u_csr_regbank/g11347__2883 calls port VDD not declared in module AOI222D0BWP7T
Warning: prbs_ber_pad_top/u_prbs_ber_chip_top/u_csr_regbank/g11380__2346 calls port VSS not declared in module AOI22D0BWP7T
Warning: prbs_ber_pad_top/u_prbs_ber_chip_top/u_csr_regbank/g11380__2346 calls port VDD not declared in module AOI22D0BWP7T
Warning: prbs_ber_pad_top/u_prbs_ber_chip_top/u_csr_regbank/g11381__1666 calls port VSS not declared in module AOI22D0BWP7T
Warning: prbs_ber_pad_top/u_prbs_ber_chip_top/u_csr_regbank/g11381__1666 calls port VDD not declared in module AOI22D0BWP7T
Warning: prbs_ber_pad_top/u_prbs_ber_chip_top/u_csr_regbank/g11382__7410 calls port VSS not declared in module IOA21D1BWP7T
Warning: prbs_ber_pad_top/u_prbs_ber_chip_top/u_csr_regbank/g11382__7410 calls port VDD not declared in module IOA21D1BWP7T
Warning: prbs_ber_pad_top/u_prbs_ber_chip_top/u_csr_regbank/g11383__6417 calls port VSS not declared in module AOI22D0BWP7T
Warning: prbs_ber_pad_top/u_prbs_ber_chip_top/u_csr_regbank/g11383__6417 calls port VDD not declared in module AOI22D0BWP7T
Warning: prbs_ber_pad_top/u_prbs_ber_chip_top/u_csr_regbank/g11384__5477 calls port VSS not declared in module AOI22D0BWP7T
Warning: prbs_ber_pad_top/u_prbs_ber_chip_top/u_csr_regbank/g11384__5477 calls port VDD not declared in module AOI22D0BWP7T
Warning: prbs_ber_pad_top/u_prbs_ber_chip_top/u_csr_regbank/g11385__2398 calls port VSS not declared in module OR2D2BWP7T
Warning: prbs_ber_pad_top/u_prbs_ber_chip_top/u_csr_regbank/g11385__2398 calls port VDD not declared in module OR2D2BWP7T
Warning: prbs_ber_pad_top/u_prbs_ber_chip_top/u_csr_regbank/g11387__5107 calls port VSS not declared in module AOI22D0BWP7T
Warning: prbs_ber_pad_top/u_prbs_ber_chip_top/u_csr_regbank/g11387__5107 calls port VDD not declared in module AOI22D0BWP7T
Warning: prbs_ber_pad_top/u_prbs_ber_chip_top/u_csr_regbank/g11388__6260 calls port VSS not declared in module AOI22D0BWP7T
Warning: prbs_ber_pad_top/u_prbs_ber_chip_top/u_csr_regbank/g11388__6260 calls port VDD not declared in module AOI22D0BWP7T
Warning: prbs_ber_pad_top/u_prbs_ber_chip_top/u_csr_regbank/g11389__4319 calls port VSS not declared in module AOI22D0BWP7T
Warning: prbs_ber_pad_top/u_prbs_ber_chip_top/u_csr_regbank/g11389__4319 calls port VDD not declared in module AOI22D0BWP7T
Warning: prbs_ber_pad_top/u_prbs_ber_chip_top/u_csr_regbank/g11390__8428 calls port VSS not declared in module AOI22D0BWP7T
Warning: prbs_ber_pad_top/u_prbs_ber_chip_top/u_csr_regbank/g11390__8428 calls port VDD not declared in module AOI22D0BWP7T
Warning: prbs_ber_pad_top/u_prbs_ber_chip_top/u_csr_regbank/g11391__5526 calls port VSS not declared in module AOI22D0BWP7T
Warning: prbs_ber_pad_top/u_prbs_ber_chip_top/u_csr_regbank/g11391__5526 calls port VDD not declared in module AOI22D0BWP7T
Warning: prbs_ber_pad_top/u_prbs_ber_chip_top/u_csr_regbank/g11392__6783 calls port VSS not declared in module AOI22D0BWP7T
Warning: prbs_ber_pad_top/u_prbs_ber_chip_top/u_csr_regbank/g11392__6783 calls port VDD not declared in module AOI22D0BWP7T
Warning: prbs_ber_pad_top/u_prbs_ber_chip_top/u_csr_regbank/g11393__3680 calls port VSS not declared in module AOI22D0BWP7T
Warning: prbs_ber_pad_top/u_prbs_ber_chip_top/u_csr_regbank/g11393__3680 calls port VDD not declared in module AOI22D0BWP7T
Warning: prbs_ber_pad_top/u_prbs_ber_chip_top/u_csr_regbank/g11394__1617 calls port VSS not declared in module AOI22D0BWP7T
Warning: prbs_ber_pad_top/u_prbs_ber_chip_top/u_csr_regbank/g11394__1617 calls port VDD not declared in module AOI22D0BWP7T
Warning: prbs_ber_pad_top/u_prbs_ber_chip_top/u_csr_regbank/g11395__2802 calls port VSS not declared in module AOI22D0BWP7T
Warning: prbs_ber_pad_top/u_prbs_ber_chip_top/u_csr_regbank/g11395__2802 calls port VDD not declared in module AOI22D0BWP7T
Warning: prbs_ber_pad_top/u_prbs_ber_chip_top/u_csr_regbank/g11396__1705 calls port VSS not declared in module AOI22D0BWP7T
Warning: prbs_ber_pad_top/u_prbs_ber_chip_top/u_csr_regbank/g11396__1705 calls port VDD not declared in module AOI22D0BWP7T
Warning: prbs_ber_pad_top/u_prbs_ber_chip_top/u_csr_regbank/g11397__5122 calls port VSS not declared in module AOI22D0BWP7T
Warning: prbs_ber_pad_top/u_prbs_ber_chip_top/u_csr_regbank/g11397__5122 calls port VDD not declared in module AOI22D0BWP7T
Warning: prbs_ber_pad_top/u_prbs_ber_chip_top/u_csr_regbank/g11398__8246 calls port VSS not declared in module AOI22D0BWP7T
Warning: prbs_ber_pad_top/u_prbs_ber_chip_top/u_csr_regbank/g11398__8246 calls port VDD not declared in module AOI22D0BWP7T
Warning: prbs_ber_pad_top/u_prbs_ber_chip_top/u_csr_regbank/g11399__7098 calls port VSS not declared in module AOI22D0BWP7T
Warning: prbs_ber_pad_top/u_prbs_ber_chip_top/u_csr_regbank/g11399__7098 calls port VDD not declared in module AOI22D0BWP7T
Warning: prbs_ber_pad_top/u_prbs_ber_chip_top/u_csr_regbank/g11400__6131 calls port VSS not declared in module AOI22D0BWP7T
Warning: prbs_ber_pad_top/u_prbs_ber_chip_top/u_csr_regbank/g11400__6131 calls port VDD not declared in module AOI22D0BWP7T
Warning: prbs_ber_pad_top/u_prbs_ber_chip_top/u_csr_regbank/g11401__1881 calls port VSS not declared in module AOI22D0BWP7T
Warning: prbs_ber_pad_top/u_prbs_ber_chip_top/u_csr_regbank/g11401__1881 calls port VDD not declared in module AOI22D0BWP7T
Warning: prbs_ber_pad_top/u_prbs_ber_chip_top/u_csr_regbank/g11402__5115 calls port VSS not declared in module AOI22D0BWP7T
Warning: prbs_ber_pad_top/u_prbs_ber_chip_top/u_csr_regbank/g11402__5115 calls port VDD not declared in module AOI22D0BWP7T
Warning: prbs_ber_pad_top/u_prbs_ber_chip_top/u_csr_regbank/g11403__7482 calls port VSS not declared in module AOI22D0BWP7T
Warning: prbs_ber_pad_top/u_prbs_ber_chip_top/u_csr_regbank/g11403__7482 calls port VDD not declared in module AOI22D0BWP7T
Warning: prbs_ber_pad_top/u_prbs_ber_chip_top/u_csr_regbank/g11404__4733 calls port VSS not declared in module AOI22D0BWP7T
Warning: prbs_ber_pad_top/u_prbs_ber_chip_top/u_csr_regbank/g11404__4733 calls port VDD not declared in module AOI22D0BWP7T
Warning: prbs_ber_pad_top/u_prbs_ber_chip_top/u_csr_regbank/g11405__6161 calls port VSS not declared in module AOI22D0BWP7T
Warning: prbs_ber_pad_top/u_prbs_ber_chip_top/u_csr_regbank/g11405__6161 calls port VDD not declared in module AOI22D0BWP7T
Warning: prbs_ber_pad_top/u_prbs_ber_chip_top/u_csr_regbank/g11406__9315 calls port VSS not declared in module AOI22D0BWP7T
Warning: prbs_ber_pad_top/u_prbs_ber_chip_top/u_csr_regbank/g11406__9315 calls port VDD not declared in module AOI22D0BWP7T
Warning: prbs_ber_pad_top/u_prbs_ber_chip_top/u_csr_regbank/g11407__9945 calls port VSS not declared in module AOI22D0BWP7T
Warning: prbs_ber_pad_top/u_prbs_ber_chip_top/u_csr_regbank/g11407__9945 calls port VDD not declared in module AOI22D0BWP7T
Warning: prbs_ber_pad_top/u_prbs_ber_chip_top/u_csr_regbank/g11408__2883 calls port VSS not declared in module AOI22D0BWP7T
Warning: prbs_ber_pad_top/u_prbs_ber_chip_top/u_csr_regbank/g11408__2883 calls port VDD not declared in module AOI22D0BWP7T
Warning: prbs_ber_pad_top/u_prbs_ber_chip_top/u_csr_regbank/g11409__2346 calls port VSS not declared in module AOI22D0BWP7T
Warning: prbs_ber_pad_top/u_prbs_ber_chip_top/u_csr_regbank/g11409__2346 calls port VDD not declared in module AOI22D0BWP7T
Warning: prbs_ber_pad_top/u_prbs_ber_chip_top/u_csr_regbank/g11410__1666 calls port VSS not declared in module AOI22D0BWP7T
Warning: prbs_ber_pad_top/u_prbs_ber_chip_top/u_csr_regbank/g11410__1666 calls port VDD not declared in module AOI22D0BWP7T
Warning: prbs_ber_pad_top/u_prbs_ber_chip_top/u_csr_regbank/g11411__7410 calls port VSS not declared in module AOI22D0BWP7T
Warning: prbs_ber_pad_top/u_prbs_ber_chip_top/u_csr_regbank/g11411__7410 calls port VDD not declared in module AOI22D0BWP7T
Warning: prbs_ber_pad_top/u_prbs_ber_chip_top/u_csr_regbank/g11412__6417 calls port VSS not declared in module AOI22D0BWP7T
Warning: prbs_ber_pad_top/u_prbs_ber_chip_top/u_csr_regbank/g11412__6417 calls port VDD not declared in module AOI22D0BWP7T
Warning: prbs_ber_pad_top/u_prbs_ber_chip_top/u_csr_regbank/g11413__5477 calls port VSS not declared in module AOI22D0BWP7T
Warning: prbs_ber_pad_top/u_prbs_ber_chip_top/u_csr_regbank/g11413__5477 calls port VDD not declared in module AOI22D0BWP7T
Warning: prbs_ber_pad_top/u_prbs_ber_chip_top/u_csr_regbank/g11414__2398 calls port VSS not declared in module AOI22D0BWP7T
Warning: prbs_ber_pad_top/u_prbs_ber_chip_top/u_csr_regbank/g11414__2398 calls port VDD not declared in module AOI22D0BWP7T
Warning: prbs_ber_pad_top/u_prbs_ber_chip_top/u_csr_regbank/g11415__5107 calls port VSS not declared in module AOI22D0BWP7T
Warning: prbs_ber_pad_top/u_prbs_ber_chip_top/u_csr_regbank/g11415__5107 calls port VDD not declared in module AOI22D0BWP7T
Warning: prbs_ber_pad_top/u_prbs_ber_chip_top/u_csr_regbank/g11416__6260 calls port VSS not declared in module AOI22D0BWP7T
Warning: prbs_ber_pad_top/u_prbs_ber_chip_top/u_csr_regbank/g11416__6260 calls port VDD not declared in module AOI22D0BWP7T
Warning: prbs_ber_pad_top/u_prbs_ber_chip_top/u_csr_regbank/g11417__4319 calls port VSS not declared in module AOI22D0BWP7T
Warning: prbs_ber_pad_top/u_prbs_ber_chip_top/u_csr_regbank/g11417__4319 calls port VDD not declared in module AOI22D0BWP7T
Warning: prbs_ber_pad_top/u_prbs_ber_chip_top/u_csr_regbank/g11418__8428 calls port VSS not declared in module AOI22D0BWP7T
Warning: prbs_ber_pad_top/u_prbs_ber_chip_top/u_csr_regbank/g11418__8428 calls port VDD not declared in module AOI22D0BWP7T
Warning: prbs_ber_pad_top/u_prbs_ber_chip_top/u_csr_regbank/g11419__5526 calls port VSS not declared in module AOI22D0BWP7T
Warning: prbs_ber_pad_top/u_prbs_ber_chip_top/u_csr_regbank/g11419__5526 calls port VDD not declared in module AOI22D0BWP7T
Warning: prbs_ber_pad_top/u_prbs_ber_chip_top/u_csr_regbank/g11420__6783 calls port VSS not declared in module AO22D0BWP7T
Warning: prbs_ber_pad_top/u_prbs_ber_chip_top/u_csr_regbank/g11420__6783 calls port VDD not declared in module AO22D0BWP7T
Warning: prbs_ber_pad_top/u_prbs_ber_chip_top/u_csr_regbank/g11421__3680 calls port VSS not declared in module MOAI22D0BWP7T
Warning: prbs_ber_pad_top/u_prbs_ber_chip_top/u_csr_regbank/g11421__3680 calls port VDD not declared in module MOAI22D0BWP7T
Warning: prbs_ber_pad_top/u_prbs_ber_chip_top/u_csr_regbank/g11422__1617 calls port VSS not declared in module MOAI22D0BWP7T
Warning: prbs_ber_pad_top/u_prbs_ber_chip_top/u_csr_regbank/g11422__1617 calls port VDD not declared in module MOAI22D0BWP7T
Warning: prbs_ber_pad_top/u_prbs_ber_chip_top/u_csr_regbank/g11423__2802 calls port VSS not declared in module MOAI22D0BWP7T
Warning: prbs_ber_pad_top/u_prbs_ber_chip_top/u_csr_regbank/g11423__2802 calls port VDD not declared in module MOAI22D0BWP7T
Warning: prbs_ber_pad_top/u_prbs_ber_chip_top/u_csr_regbank/g11424__1705 calls port VSS not declared in module AOI22D0BWP7T
Warning: prbs_ber_pad_top/u_prbs_ber_chip_top/u_csr_regbank/g11424__1705 calls port VDD not declared in module AOI22D0BWP7T
Warning: prbs_ber_pad_top/u_prbs_ber_chip_top/u_csr_regbank/g11425__5122 calls port VSS not declared in module AOI22D0BWP7T
Warning: prbs_ber_pad_top/u_prbs_ber_chip_top/u_csr_regbank/g11425__5122 calls port VDD not declared in module AOI22D0BWP7T
Warning: prbs_ber_pad_top/u_prbs_ber_chip_top/u_csr_regbank/g11427__8246 calls port VSS not declared in module AN3D1BWP7T
Warning: prbs_ber_pad_top/u_prbs_ber_chip_top/u_csr_regbank/g11427__8246 calls port VDD not declared in module AN3D1BWP7T
Warning: prbs_ber_pad_top/u_prbs_ber_chip_top/u_csr_regbank/g11428__7098 calls port VSS not declared in module IND2D1BWP7T
Warning: prbs_ber_pad_top/u_prbs_ber_chip_top/u_csr_regbank/g11428__7098 calls port VDD not declared in module IND2D1BWP7T
Warning: prbs_ber_pad_top/u_prbs_ber_chip_top/u_csr_regbank/g11429__6131 calls port VSS not declared in module AN3D1BWP7T
Warning: prbs_ber_pad_top/u_prbs_ber_chip_top/u_csr_regbank/g11429__6131 calls port VDD not declared in module AN3D1BWP7T
Warning: prbs_ber_pad_top/u_prbs_ber_chip_top/u_csr_regbank/g11430__1881 calls port VSS not declared in module AN3D1BWP7T
Warning: prbs_ber_pad_top/u_prbs_ber_chip_top/u_csr_regbank/g11430__1881 calls port VDD not declared in module AN3D1BWP7T
Warning: prbs_ber_pad_top/u_prbs_ber_chip_top/u_csr_regbank/g11431__5115 calls port VSS not declared in module AN3D1BWP7T
Warning: prbs_ber_pad_top/u_prbs_ber_chip_top/u_csr_regbank/g11431__5115 calls port VDD not declared in module AN3D1BWP7T
Warning: prbs_ber_pad_top/u_prbs_ber_chip_top/u_csr_regbank/g11432__7482 calls port VSS not declared in module AN3D1BWP7T
Warning: prbs_ber_pad_top/u_prbs_ber_chip_top/u_csr_regbank/g11432__7482 calls port VDD not declared in module AN3D1BWP7T
Warning: prbs_ber_pad_top/u_prbs_ber_chip_top/u_csr_regbank/g11433__4733 calls port VSS not declared in module AN3D1BWP7T
Warning: prbs_ber_pad_top/u_prbs_ber_chip_top/u_csr_regbank/g11433__4733 calls port VDD not declared in module AN3D1BWP7T
Warning: prbs_ber_pad_top/u_prbs_ber_chip_top/u_csr_regbank/g11434__6161 calls port VSS not declared in module ND2D1BWP7T
Warning: prbs_ber_pad_top/u_prbs_ber_chip_top/u_csr_regbank/g11434__6161 calls port VDD not declared in module ND2D1BWP7T
Warning: prbs_ber_pad_top/u_prbs_ber_chip_top/u_csr_regbank/g11435__9315 calls port VSS not declared in module ND4D0BWP7T
Warning: prbs_ber_pad_top/u_prbs_ber_chip_top/u_csr_regbank/g11435__9315 calls port VDD not declared in module ND4D0BWP7T
Warning: prbs_ber_pad_top/u_prbs_ber_chip_top/u_csr_regbank/g11436__9945 calls port VSS not declared in module AN3D1BWP7T
Warning: prbs_ber_pad_top/u_prbs_ber_chip_top/u_csr_regbank/g11436__9945 calls port VDD not declared in module AN3D1BWP7T
Warning: prbs_ber_pad_top/u_prbs_ber_chip_top/u_csr_regbank/g11437__2883 calls port VSS not declared in module AN3D1BWP7T
Warning: prbs_ber_pad_top/u_prbs_ber_chip_top/u_csr_regbank/g11437__2883 calls port VDD not declared in module AN3D1BWP7T
Warning: prbs_ber_pad_top/u_prbs_ber_chip_top/u_csr_regbank/g11438__2346 calls port VSS not declared in module AN3D1BWP7T
Warning: prbs_ber_pad_top/u_prbs_ber_chip_top/u_csr_regbank/g11438__2346 calls port VDD not declared in module AN3D1BWP7T
Warning: prbs_ber_pad_top/u_prbs_ber_chip_top/u_csr_regbank/g11439__1666 calls port VSS not declared in module AN3D1BWP7T
Warning: prbs_ber_pad_top/u_prbs_ber_chip_top/u_csr_regbank/g11439__1666 calls port VDD not declared in module AN3D1BWP7T
Warning: prbs_ber_pad_top/u_prbs_ber_chip_top/u_csr_regbank/g11440__7410 calls port VSS not declared in module AN3D1BWP7T
Warning: prbs_ber_pad_top/u_prbs_ber_chip_top/u_csr_regbank/g11440__7410 calls port VDD not declared in module AN3D1BWP7T
Warning: prbs_ber_pad_top/u_prbs_ber_chip_top/u_csr_regbank/g11441__6417 calls port VSS not declared in module AN3D1BWP7T
Warning: prbs_ber_pad_top/u_prbs_ber_chip_top/u_csr_regbank/g11441__6417 calls port VDD not declared in module AN3D1BWP7T
Warning: prbs_ber_pad_top/u_prbs_ber_chip_top/u_csr_regbank/g11442__5477 calls port VSS not declared in module AN3D1BWP7T
Warning: prbs_ber_pad_top/u_prbs_ber_chip_top/u_csr_regbank/g11442__5477 calls port VDD not declared in module AN3D1BWP7T
Warning: prbs_ber_pad_top/u_prbs_ber_chip_top/u_csr_regbank/g11443__2398 calls port VSS not declared in module AN3D1BWP7T
Warning: prbs_ber_pad_top/u_prbs_ber_chip_top/u_csr_regbank/g11443__2398 calls port VDD not declared in module AN3D1BWP7T
Warning: prbs_ber_pad_top/u_prbs_ber_chip_top/u_csr_regbank/g11444__5107 calls port VSS not declared in module AN3D1BWP7T
Warning: prbs_ber_pad_top/u_prbs_ber_chip_top/u_csr_regbank/g11444__5107 calls port VDD not declared in module AN3D1BWP7T
Warning: prbs_ber_pad_top/u_prbs_ber_chip_top/u_csr_regbank/g11522__6260 calls port VSS not declared in module INR2XD0BWP7T
Warning: prbs_ber_pad_top/u_prbs_ber_chip_top/u_csr_regbank/g11522__6260 calls port VDD not declared in module INR2XD0BWP7T
Warning: prbs_ber_pad_top/u_prbs_ber_chip_top/u_csr_regbank/g11523__4319 calls port VSS not declared in module INR2XD0BWP7T
Warning: prbs_ber_pad_top/u_prbs_ber_chip_top/u_csr_regbank/g11523__4319 calls port VDD not declared in module INR2XD0BWP7T
Warning: prbs_ber_pad_top/u_prbs_ber_chip_top/u_csr_regbank/g11524__8428 calls port VSS not declared in module INR2XD0BWP7T
Warning: prbs_ber_pad_top/u_prbs_ber_chip_top/u_csr_regbank/g11524__8428 calls port VDD not declared in module INR2XD0BWP7T
Warning: prbs_ber_pad_top/u_prbs_ber_chip_top/u_csr_regbank/g11525__5526 calls port VSS not declared in module INR2XD0BWP7T
Warning: prbs_ber_pad_top/u_prbs_ber_chip_top/u_csr_regbank/g11525__5526 calls port VDD not declared in module INR2XD0BWP7T
Warning: prbs_ber_pad_top/u_prbs_ber_chip_top/u_csr_regbank/g11526__6783 calls port VSS not declared in module INR2XD0BWP7T
Warning: prbs_ber_pad_top/u_prbs_ber_chip_top/u_csr_regbank/g11526__6783 calls port VDD not declared in module INR2XD0BWP7T
Warning: prbs_ber_pad_top/u_prbs_ber_chip_top/u_csr_regbank/g11527__3680 calls port VSS not declared in module INR2XD0BWP7T
Warning: prbs_ber_pad_top/u_prbs_ber_chip_top/u_csr_regbank/g11527__3680 calls port VDD not declared in module INR2XD0BWP7T
Warning: prbs_ber_pad_top/u_prbs_ber_chip_top/u_csr_regbank/g11528__1617 calls port VSS not declared in module INR2XD0BWP7T
Warning: prbs_ber_pad_top/u_prbs_ber_chip_top/u_csr_regbank/g11528__1617 calls port VDD not declared in module INR2XD0BWP7T
Warning: prbs_ber_pad_top/u_prbs_ber_chip_top/u_csr_regbank/g11529__2802 calls port VSS not declared in module INR2XD0BWP7T
Warning: prbs_ber_pad_top/u_prbs_ber_chip_top/u_csr_regbank/g11529__2802 calls port VDD not declared in module INR2XD0BWP7T
Warning: prbs_ber_pad_top/u_prbs_ber_chip_top/u_csr_regbank/g11530__1705 calls port VSS not declared in module INR2XD0BWP7T
Warning: prbs_ber_pad_top/u_prbs_ber_chip_top/u_csr_regbank/g11530__1705 calls port VDD not declared in module INR2XD0BWP7T
Warning: prbs_ber_pad_top/u_prbs_ber_chip_top/u_csr_regbank/g11531__5122 calls port VSS not declared in module INR2XD0BWP7T
Warning: prbs_ber_pad_top/u_prbs_ber_chip_top/u_csr_regbank/g11531__5122 calls port VDD not declared in module INR2XD0BWP7T
Warning: prbs_ber_pad_top/u_prbs_ber_chip_top/u_csr_regbank/g11532__8246 calls port VSS not declared in module INR2XD0BWP7T
Warning: prbs_ber_pad_top/u_prbs_ber_chip_top/u_csr_regbank/g11532__8246 calls port VDD not declared in module INR2XD0BWP7T
Warning: prbs_ber_pad_top/u_prbs_ber_chip_top/u_csr_regbank/g11533__7098 calls port VSS not declared in module INR2XD0BWP7T
Warning: prbs_ber_pad_top/u_prbs_ber_chip_top/u_csr_regbank/g11533__7098 calls port VDD not declared in module INR2XD0BWP7T
Warning: prbs_ber_pad_top/u_prbs_ber_chip_top/u_csr_regbank/g11534__6131 calls port VSS not declared in module INR2XD0BWP7T
Warning: prbs_ber_pad_top/u_prbs_ber_chip_top/u_csr_regbank/g11534__6131 calls port VDD not declared in module INR2XD0BWP7T
Warning: prbs_ber_pad_top/u_prbs_ber_chip_top/u_csr_regbank/g11535__1881 calls port VSS not declared in module INR2XD0BWP7T
Warning: prbs_ber_pad_top/u_prbs_ber_chip_top/u_csr_regbank/g11535__1881 calls port VDD not declared in module INR2XD0BWP7T
Warning: prbs_ber_pad_top/u_prbs_ber_chip_top/u_csr_regbank/g11536__5115 calls port VSS not declared in module INR2XD0BWP7T
Warning: prbs_ber_pad_top/u_prbs_ber_chip_top/u_csr_regbank/g11536__5115 calls port VDD not declared in module INR2XD0BWP7T
Warning: prbs_ber_pad_top/u_prbs_ber_chip_top/u_csr_regbank/g11537__7482 calls port VSS not declared in module INR2XD0BWP7T
Warning: prbs_ber_pad_top/u_prbs_ber_chip_top/u_csr_regbank/g11537__7482 calls port VDD not declared in module INR2XD0BWP7T
Warning: prbs_ber_pad_top/u_prbs_ber_chip_top/u_csr_regbank/g11538__4733 calls port VSS not declared in module INR2XD0BWP7T
Warning: prbs_ber_pad_top/u_prbs_ber_chip_top/u_csr_regbank/g11538__4733 calls port VDD not declared in module INR2XD0BWP7T
Warning: prbs_ber_pad_top/u_prbs_ber_chip_top/u_csr_regbank/g11539__6161 calls port VSS not declared in module IND2D1BWP7T
Warning: prbs_ber_pad_top/u_prbs_ber_chip_top/u_csr_regbank/g11539__6161 calls port VDD not declared in module IND2D1BWP7T
Warning: prbs_ber_pad_top/u_prbs_ber_chip_top/u_csr_regbank/g11540__9315 calls port VSS not declared in module CKND2D1BWP7T
Warning: prbs_ber_pad_top/u_prbs_ber_chip_top/u_csr_regbank/g11540__9315 calls port VDD not declared in module CKND2D1BWP7T
Warning: prbs_ber_pad_top/u_prbs_ber_chip_top/u_csr_regbank/g11541__9945 calls port VSS not declared in module AOI221D0BWP7T
Warning: prbs_ber_pad_top/u_prbs_ber_chip_top/u_csr_regbank/g11541__9945 calls port VDD not declared in module AOI221D0BWP7T
Warning: prbs_ber_pad_top/u_prbs_ber_chip_top/u_csr_regbank/g11542__2883 calls port VSS not declared in module AOI221D0BWP7T
Warning: prbs_ber_pad_top/u_prbs_ber_chip_top/u_csr_regbank/g11542__2883 calls port VDD not declared in module AOI221D0BWP7T
Warning: prbs_ber_pad_top/u_prbs_ber_chip_top/u_csr_regbank/g11543__2346 calls port VSS not declared in module AOI221D0BWP7T
Warning: prbs_ber_pad_top/u_prbs_ber_chip_top/u_csr_regbank/g11543__2346 calls port VDD not declared in module AOI221D0BWP7T
Warning: prbs_ber_pad_top/u_prbs_ber_chip_top/u_csr_regbank/g11544__1666 calls port VSS not declared in module AN4D0BWP7T
Warning: prbs_ber_pad_top/u_prbs_ber_chip_top/u_csr_regbank/g11544__1666 calls port VDD not declared in module AN4D0BWP7T
Warning: prbs_ber_pad_top/u_prbs_ber_chip_top/u_csr_regbank/g11545__7410 calls port VSS not declared in module AOI222D0BWP7T
Warning: prbs_ber_pad_top/u_prbs_ber_chip_top/u_csr_regbank/g11545__7410 calls port VDD not declared in module AOI222D0BWP7T
Warning: prbs_ber_pad_top/u_prbs_ber_chip_top/u_csr_regbank/g11546__6417 calls port VSS not declared in module AOI222D0BWP7T
Warning: prbs_ber_pad_top/u_prbs_ber_chip_top/u_csr_regbank/g11546__6417 calls port VDD not declared in module AOI222D0BWP7T
Warning: prbs_ber_pad_top/u_prbs_ber_chip_top/u_csr_regbank/g11547__5477 calls port VSS not declared in module AOI222D0BWP7T
Warning: prbs_ber_pad_top/u_prbs_ber_chip_top/u_csr_regbank/g11547__5477 calls port VDD not declared in module AOI222D0BWP7T
Warning: prbs_ber_pad_top/u_prbs_ber_chip_top/u_csr_regbank/g11548__2398 calls port VSS not declared in module AOI222D0BWP7T
Warning: prbs_ber_pad_top/u_prbs_ber_chip_top/u_csr_regbank/g11548__2398 calls port VDD not declared in module AOI222D0BWP7T
Warning: prbs_ber_pad_top/u_prbs_ber_chip_top/u_csr_regbank/g11549__5107 calls port VSS not declared in module AOI222D0BWP7T
Warning: prbs_ber_pad_top/u_prbs_ber_chip_top/u_csr_regbank/g11549__5107 calls port VDD not declared in module AOI222D0BWP7T
Warning: prbs_ber_pad_top/u_prbs_ber_chip_top/u_csr_regbank/g11550__6260 calls port VSS not declared in module AOI222D0BWP7T
Warning: prbs_ber_pad_top/u_prbs_ber_chip_top/u_csr_regbank/g11550__6260 calls port VDD not declared in module AOI222D0BWP7T
Warning: prbs_ber_pad_top/u_prbs_ber_chip_top/u_csr_regbank/g11551__4319 calls port VSS not declared in module AOI222D0BWP7T
Warning: prbs_ber_pad_top/u_prbs_ber_chip_top/u_csr_regbank/g11551__4319 calls port VDD not declared in module AOI222D0BWP7T
Warning: prbs_ber_pad_top/u_prbs_ber_chip_top/u_csr_regbank/g11552__8428 calls port VSS not declared in module AOI222D0BWP7T
Warning: prbs_ber_pad_top/u_prbs_ber_chip_top/u_csr_regbank/g11552__8428 calls port VDD not declared in module AOI222D0BWP7T
Warning: prbs_ber_pad_top/u_prbs_ber_chip_top/u_csr_regbank/g11553__5526 calls port VSS not declared in module AOI222D0BWP7T
Warning: prbs_ber_pad_top/u_prbs_ber_chip_top/u_csr_regbank/g11553__5526 calls port VDD not declared in module AOI222D0BWP7T
Warning: prbs_ber_pad_top/u_prbs_ber_chip_top/u_csr_regbank/g11554__6783 calls port VSS not declared in module AOI222D0BWP7T
Warning: prbs_ber_pad_top/u_prbs_ber_chip_top/u_csr_regbank/g11554__6783 calls port VDD not declared in module AOI222D0BWP7T
Warning: prbs_ber_pad_top/u_prbs_ber_chip_top/u_csr_regbank/g11555__3680 calls port VSS not declared in module AOI222D0BWP7T
Warning: prbs_ber_pad_top/u_prbs_ber_chip_top/u_csr_regbank/g11555__3680 calls port VDD not declared in module AOI222D0BWP7T
Warning: prbs_ber_pad_top/u_prbs_ber_chip_top/u_csr_regbank/g11556__1617 calls port VSS not declared in module AOI222D0BWP7T
Warning: prbs_ber_pad_top/u_prbs_ber_chip_top/u_csr_regbank/g11556__1617 calls port VDD not declared in module AOI222D0BWP7T
Warning: prbs_ber_pad_top/u_prbs_ber_chip_top/u_csr_regbank/g11557__2802 calls port VSS not declared in module AOI222D0BWP7T
Warning: prbs_ber_pad_top/u_prbs_ber_chip_top/u_csr_regbank/g11557__2802 calls port VDD not declared in module AOI222D0BWP7T
Warning: prbs_ber_pad_top/u_prbs_ber_chip_top/u_csr_regbank/g11558__1705 calls port VSS not declared in module AOI222D0BWP7T
Warning: prbs_ber_pad_top/u_prbs_ber_chip_top/u_csr_regbank/g11558__1705 calls port VDD not declared in module AOI222D0BWP7T
Warning: prbs_ber_pad_top/u_prbs_ber_chip_top/u_csr_regbank/g11559__5122 calls port VSS not declared in module AOI222D0BWP7T
Warning: prbs_ber_pad_top/u_prbs_ber_chip_top/u_csr_regbank/g11559__5122 calls port VDD not declared in module AOI222D0BWP7T
Warning: prbs_ber_pad_top/u_prbs_ber_chip_top/u_csr_regbank/g11560__8246 calls port VSS not declared in module AOI222D0BWP7T
Warning: prbs_ber_pad_top/u_prbs_ber_chip_top/u_csr_regbank/g11560__8246 calls port VDD not declared in module AOI222D0BWP7T
Warning: prbs_ber_pad_top/u_prbs_ber_chip_top/u_csr_regbank/g11561__7098 calls port VSS not declared in module AOI222D0BWP7T
Warning: prbs_ber_pad_top/u_prbs_ber_chip_top/u_csr_regbank/g11561__7098 calls port VDD not declared in module AOI222D0BWP7T
Warning: prbs_ber_pad_top/u_prbs_ber_chip_top/u_csr_regbank/g11562__6131 calls port VSS not declared in module AOI222D0BWP7T
Warning: prbs_ber_pad_top/u_prbs_ber_chip_top/u_csr_regbank/g11562__6131 calls port VDD not declared in module AOI222D0BWP7T
Warning: prbs_ber_pad_top/u_prbs_ber_chip_top/u_csr_regbank/g11563__1881 calls port VSS not declared in module AOI222D0BWP7T
Warning: prbs_ber_pad_top/u_prbs_ber_chip_top/u_csr_regbank/g11563__1881 calls port VDD not declared in module AOI222D0BWP7T
Warning: prbs_ber_pad_top/u_prbs_ber_chip_top/u_csr_regbank/g11564__5115 calls port VSS not declared in module AOI222D0BWP7T
Warning: prbs_ber_pad_top/u_prbs_ber_chip_top/u_csr_regbank/g11564__5115 calls port VDD not declared in module AOI222D0BWP7T
Warning: prbs_ber_pad_top/u_prbs_ber_chip_top/u_csr_regbank/g11565__7482 calls port VSS not declared in module AOI222D0BWP7T
Warning: prbs_ber_pad_top/u_prbs_ber_chip_top/u_csr_regbank/g11565__7482 calls port VDD not declared in module AOI222D0BWP7T
Warning: prbs_ber_pad_top/u_prbs_ber_chip_top/u_csr_regbank/g11566__4733 calls port VSS not declared in module AOI222D0BWP7T
Warning: prbs_ber_pad_top/u_prbs_ber_chip_top/u_csr_regbank/g11566__4733 calls port VDD not declared in module AOI222D0BWP7T
Warning: prbs_ber_pad_top/u_prbs_ber_chip_top/u_csr_regbank/g11567__6161 calls port VSS not declared in module IND2D1BWP7T
Warning: prbs_ber_pad_top/u_prbs_ber_chip_top/u_csr_regbank/g11567__6161 calls port VDD not declared in module IND2D1BWP7T
Warning: prbs_ber_pad_top/u_prbs_ber_chip_top/u_csr_regbank/g11569__9315 calls port VSS not declared in module AN3D1BWP7T
Warning: prbs_ber_pad_top/u_prbs_ber_chip_top/u_csr_regbank/g11569__9315 calls port VDD not declared in module AN3D1BWP7T
Warning: prbs_ber_pad_top/u_prbs_ber_chip_top/u_csr_regbank/g11571__9945 calls port VSS not declared in module ND2D1BWP7T
Warning: prbs_ber_pad_top/u_prbs_ber_chip_top/u_csr_regbank/g11571__9945 calls port VDD not declared in module ND2D1BWP7T
Warning: prbs_ber_pad_top/u_prbs_ber_chip_top/u_csr_regbank/g11572__2883 calls port VSS not declared in module AOI22D0BWP7T
Warning: prbs_ber_pad_top/u_prbs_ber_chip_top/u_csr_regbank/g11572__2883 calls port VDD not declared in module AOI22D0BWP7T
Warning: prbs_ber_pad_top/u_prbs_ber_chip_top/u_csr_regbank/g11573__2346 calls port VSS not declared in module AOI22D0BWP7T
Warning: prbs_ber_pad_top/u_prbs_ber_chip_top/u_csr_regbank/g11573__2346 calls port VDD not declared in module AOI22D0BWP7T
Warning: prbs_ber_pad_top/u_prbs_ber_chip_top/u_csr_regbank/g11574__1666 calls port VSS not declared in module AOI22D0BWP7T
Warning: prbs_ber_pad_top/u_prbs_ber_chip_top/u_csr_regbank/g11574__1666 calls port VDD not declared in module AOI22D0BWP7T
Warning: prbs_ber_pad_top/u_prbs_ber_chip_top/u_csr_regbank/g11575__7410 calls port VSS not declared in module AOI21D0BWP7T
Warning: prbs_ber_pad_top/u_prbs_ber_chip_top/u_csr_regbank/g11575__7410 calls port VDD not declared in module AOI21D0BWP7T
Warning: prbs_ber_pad_top/u_prbs_ber_chip_top/u_csr_regbank/g11576__6417 calls port VSS not declared in module AN3D1BWP7T
Warning: prbs_ber_pad_top/u_prbs_ber_chip_top/u_csr_regbank/g11576__6417 calls port VDD not declared in module AN3D1BWP7T
Warning: prbs_ber_pad_top/u_prbs_ber_chip_top/u_csr_regbank/g11577__5477 calls port VSS not declared in module AN3D1BWP7T
Warning: prbs_ber_pad_top/u_prbs_ber_chip_top/u_csr_regbank/g11577__5477 calls port VDD not declared in module AN3D1BWP7T
Warning: prbs_ber_pad_top/u_prbs_ber_chip_top/u_csr_regbank/g11578__2398 calls port VSS not declared in module AN3D1BWP7T
Warning: prbs_ber_pad_top/u_prbs_ber_chip_top/u_csr_regbank/g11578__2398 calls port VDD not declared in module AN3D1BWP7T
Warning: prbs_ber_pad_top/u_prbs_ber_chip_top/u_csr_regbank/g11579__5107 calls port VSS not declared in module AN3D1BWP7T
Warning: prbs_ber_pad_top/u_prbs_ber_chip_top/u_csr_regbank/g11579__5107 calls port VDD not declared in module AN3D1BWP7T
Warning: prbs_ber_pad_top/u_prbs_ber_chip_top/u_csr_regbank/g11580__6260 calls port VSS not declared in module AN3D1BWP7T
Warning: prbs_ber_pad_top/u_prbs_ber_chip_top/u_csr_regbank/g11580__6260 calls port VDD not declared in module AN3D1BWP7T
Warning: prbs_ber_pad_top/u_prbs_ber_chip_top/u_csr_regbank/g11581__4319 calls port VSS not declared in module AN3D1BWP7T
Warning: prbs_ber_pad_top/u_prbs_ber_chip_top/u_csr_regbank/g11581__4319 calls port VDD not declared in module AN3D1BWP7T
Warning: prbs_ber_pad_top/u_prbs_ber_chip_top/u_csr_regbank/g11582__8428 calls port VSS not declared in module AN3D1BWP7T
Warning: prbs_ber_pad_top/u_prbs_ber_chip_top/u_csr_regbank/g11582__8428 calls port VDD not declared in module AN3D1BWP7T
Warning: prbs_ber_pad_top/u_prbs_ber_chip_top/u_csr_regbank/g11583__5526 calls port VSS not declared in module AN3D1BWP7T
Warning: prbs_ber_pad_top/u_prbs_ber_chip_top/u_csr_regbank/g11583__5526 calls port VDD not declared in module AN3D1BWP7T
Warning: prbs_ber_pad_top/u_prbs_ber_chip_top/u_csr_regbank/g11584__6783 calls port VSS not declared in module AN3D1BWP7T
Warning: prbs_ber_pad_top/u_prbs_ber_chip_top/u_csr_regbank/g11584__6783 calls port VDD not declared in module AN3D1BWP7T
Warning: prbs_ber_pad_top/u_prbs_ber_chip_top/u_csr_regbank/g11585__3680 calls port VSS not declared in module AN3D1BWP7T
Warning: prbs_ber_pad_top/u_prbs_ber_chip_top/u_csr_regbank/g11585__3680 calls port VDD not declared in module AN3D1BWP7T
Warning: prbs_ber_pad_top/u_prbs_ber_chip_top/u_csr_regbank/g11586__1617 calls port VSS not declared in module AN3D1BWP7T
Warning: prbs_ber_pad_top/u_prbs_ber_chip_top/u_csr_regbank/g11586__1617 calls port VDD not declared in module AN3D1BWP7T
Warning: prbs_ber_pad_top/u_prbs_ber_chip_top/u_csr_regbank/g11588__2802 calls port VSS not declared in module AN3D1BWP7T
Warning: prbs_ber_pad_top/u_prbs_ber_chip_top/u_csr_regbank/g11588__2802 calls port VDD not declared in module AN3D1BWP7T
Warning: prbs_ber_pad_top/u_prbs_ber_chip_top/u_csr_regbank/g11589__1705 calls port VSS not declared in module AN3D1BWP7T
Warning: prbs_ber_pad_top/u_prbs_ber_chip_top/u_csr_regbank/g11589__1705 calls port VDD not declared in module AN3D1BWP7T
Warning: prbs_ber_pad_top/u_prbs_ber_chip_top/u_csr_regbank/g11590__5122 calls port VSS not declared in module AN3D1BWP7T
Warning: prbs_ber_pad_top/u_prbs_ber_chip_top/u_csr_regbank/g11590__5122 calls port VDD not declared in module AN3D1BWP7T
Warning: prbs_ber_pad_top/u_prbs_ber_chip_top/u_csr_regbank/g11591__8246 calls port VSS not declared in module AN3D1BWP7T
Warning: prbs_ber_pad_top/u_prbs_ber_chip_top/u_csr_regbank/g11591__8246 calls port VDD not declared in module AN3D1BWP7T
Warning: prbs_ber_pad_top/u_prbs_ber_chip_top/u_csr_regbank/g11592__7098 calls port VSS not declared in module AN3D1BWP7T
Warning: prbs_ber_pad_top/u_prbs_ber_chip_top/u_csr_regbank/g11592__7098 calls port VDD not declared in module AN3D1BWP7T
Warning: prbs_ber_pad_top/u_prbs_ber_chip_top/u_csr_regbank/g11593__6131 calls port VSS not declared in module AN3D1BWP7T
Warning: prbs_ber_pad_top/u_prbs_ber_chip_top/u_csr_regbank/g11593__6131 calls port VDD not declared in module AN3D1BWP7T
Warning: prbs_ber_pad_top/u_prbs_ber_chip_top/u_csr_regbank/g11594__1881 calls port VSS not declared in module AN3D1BWP7T
Warning: prbs_ber_pad_top/u_prbs_ber_chip_top/u_csr_regbank/g11594__1881 calls port VDD not declared in module AN3D1BWP7T
Warning: prbs_ber_pad_top/u_prbs_ber_chip_top/u_csr_regbank/g11595__5115 calls port VSS not declared in module AN3D1BWP7T
Warning: prbs_ber_pad_top/u_prbs_ber_chip_top/u_csr_regbank/g11595__5115 calls port VDD not declared in module AN3D1BWP7T
Warning: prbs_ber_pad_top/u_prbs_ber_chip_top/u_csr_regbank/g11596__7482 calls port VSS not declared in module AN3D1BWP7T
Warning: prbs_ber_pad_top/u_prbs_ber_chip_top/u_csr_regbank/g11596__7482 calls port VDD not declared in module AN3D1BWP7T
Warning: prbs_ber_pad_top/u_prbs_ber_chip_top/u_csr_regbank/g11597__4733 calls port VSS not declared in module AN3D1BWP7T
Warning: prbs_ber_pad_top/u_prbs_ber_chip_top/u_csr_regbank/g11597__4733 calls port VDD not declared in module AN3D1BWP7T
Warning: prbs_ber_pad_top/u_prbs_ber_chip_top/u_csr_regbank/g11598__6161 calls port VSS not declared in module AN3D1BWP7T
Warning: prbs_ber_pad_top/u_prbs_ber_chip_top/u_csr_regbank/g11598__6161 calls port VDD not declared in module AN3D1BWP7T
Warning: prbs_ber_pad_top/u_prbs_ber_chip_top/u_csr_regbank/g11599__9315 calls port VSS not declared in module AN3D1BWP7T
Warning: prbs_ber_pad_top/u_prbs_ber_chip_top/u_csr_regbank/g11599__9315 calls port VDD not declared in module AN3D1BWP7T
Warning: prbs_ber_pad_top/u_prbs_ber_chip_top/u_csr_regbank/g11600__9945 calls port VSS not declared in module AN3D1BWP7T
Warning: prbs_ber_pad_top/u_prbs_ber_chip_top/u_csr_regbank/g11600__9945 calls port VDD not declared in module AN3D1BWP7T
Warning: prbs_ber_pad_top/u_prbs_ber_chip_top/u_csr_regbank/g11601__2883 calls port VSS not declared in module AOI22D0BWP7T
Warning: prbs_ber_pad_top/u_prbs_ber_chip_top/u_csr_regbank/g11601__2883 calls port VDD not declared in module AOI22D0BWP7T
Warning: prbs_ber_pad_top/u_prbs_ber_chip_top/u_csr_regbank/g11602__2346 calls port VSS not declared in module ND2D1BWP7T
Warning: prbs_ber_pad_top/u_prbs_ber_chip_top/u_csr_regbank/g11602__2346 calls port VDD not declared in module ND2D1BWP7T
Warning: prbs_ber_pad_top/u_prbs_ber_chip_top/u_csr_regbank/g11603__1666 calls port VSS not declared in module AN2D1BWP7T
Warning: prbs_ber_pad_top/u_prbs_ber_chip_top/u_csr_regbank/g11603__1666 calls port VDD not declared in module AN2D1BWP7T
Warning: prbs_ber_pad_top/u_prbs_ber_chip_top/u_csr_regbank/g11604__7410 calls port VSS not declared in module IND2D2BWP7T
Warning: prbs_ber_pad_top/u_prbs_ber_chip_top/u_csr_regbank/g11604__7410 calls port VDD not declared in module IND2D2BWP7T
Warning: prbs_ber_pad_top/u_prbs_ber_chip_top/u_csr_regbank/g11605__6417 calls port VSS not declared in module AOI22D0BWP7T
Warning: prbs_ber_pad_top/u_prbs_ber_chip_top/u_csr_regbank/g11605__6417 calls port VDD not declared in module AOI22D0BWP7T
Warning: prbs_ber_pad_top/u_prbs_ber_chip_top/u_csr_regbank/g11606__5477 calls port VSS not declared in module AOI22D0BWP7T
Warning: prbs_ber_pad_top/u_prbs_ber_chip_top/u_csr_regbank/g11606__5477 calls port VDD not declared in module AOI22D0BWP7T
Warning: prbs_ber_pad_top/u_prbs_ber_chip_top/u_csr_regbank/g11607__2398 calls port VSS not declared in module AOI22D0BWP7T
Warning: prbs_ber_pad_top/u_prbs_ber_chip_top/u_csr_regbank/g11607__2398 calls port VDD not declared in module AOI22D0BWP7T
Warning: prbs_ber_pad_top/u_prbs_ber_chip_top/u_csr_regbank/g11608__5107 calls port VSS not declared in module AOI22D0BWP7T
Warning: prbs_ber_pad_top/u_prbs_ber_chip_top/u_csr_regbank/g11608__5107 calls port VDD not declared in module AOI22D0BWP7T
Warning: prbs_ber_pad_top/u_prbs_ber_chip_top/u_csr_regbank/g11609__6260 calls port VSS not declared in module AOI22D0BWP7T
Warning: prbs_ber_pad_top/u_prbs_ber_chip_top/u_csr_regbank/g11609__6260 calls port VDD not declared in module AOI22D0BWP7T
Warning: prbs_ber_pad_top/u_prbs_ber_chip_top/u_csr_regbank/g11610__4319 calls port VSS not declared in module AOI22D0BWP7T
Warning: prbs_ber_pad_top/u_prbs_ber_chip_top/u_csr_regbank/g11610__4319 calls port VDD not declared in module AOI22D0BWP7T
Warning: prbs_ber_pad_top/u_prbs_ber_chip_top/u_csr_regbank/g11611__8428 calls port VSS not declared in module AOI22D0BWP7T
Warning: prbs_ber_pad_top/u_prbs_ber_chip_top/u_csr_regbank/g11611__8428 calls port VDD not declared in module AOI22D0BWP7T
Warning: prbs_ber_pad_top/u_prbs_ber_chip_top/u_csr_regbank/g11612__5526 calls port VSS not declared in module AOI22D0BWP7T
Warning: prbs_ber_pad_top/u_prbs_ber_chip_top/u_csr_regbank/g11612__5526 calls port VDD not declared in module AOI22D0BWP7T
Warning: prbs_ber_pad_top/u_prbs_ber_chip_top/u_csr_regbank/g11613__6783 calls port VSS not declared in module AOI22D0BWP7T
Warning: prbs_ber_pad_top/u_prbs_ber_chip_top/u_csr_regbank/g11613__6783 calls port VDD not declared in module AOI22D0BWP7T
Warning: prbs_ber_pad_top/u_prbs_ber_chip_top/u_csr_regbank/g11614__3680 calls port VSS not declared in module AOI22D0BWP7T
Warning: prbs_ber_pad_top/u_prbs_ber_chip_top/u_csr_regbank/g11614__3680 calls port VDD not declared in module AOI22D0BWP7T
Warning: prbs_ber_pad_top/u_prbs_ber_chip_top/u_csr_regbank/g11615__1617 calls port VSS not declared in module AOI22D0BWP7T
Warning: prbs_ber_pad_top/u_prbs_ber_chip_top/u_csr_regbank/g11615__1617 calls port VDD not declared in module AOI22D0BWP7T
Warning: prbs_ber_pad_top/u_prbs_ber_chip_top/u_csr_regbank/g11616__2802 calls port VSS not declared in module AOI22D0BWP7T
Warning: prbs_ber_pad_top/u_prbs_ber_chip_top/u_csr_regbank/g11616__2802 calls port VDD not declared in module AOI22D0BWP7T
Warning: prbs_ber_pad_top/u_prbs_ber_chip_top/u_csr_regbank/g11617__1705 calls port VSS not declared in module AOI22D0BWP7T
Warning: prbs_ber_pad_top/u_prbs_ber_chip_top/u_csr_regbank/g11617__1705 calls port VDD not declared in module AOI22D0BWP7T
Warning: prbs_ber_pad_top/u_prbs_ber_chip_top/u_csr_regbank/g11618__5122 calls port VSS not declared in module AOI22D0BWP7T
Warning: prbs_ber_pad_top/u_prbs_ber_chip_top/u_csr_regbank/g11618__5122 calls port VDD not declared in module AOI22D0BWP7T
Warning: prbs_ber_pad_top/u_prbs_ber_chip_top/u_csr_regbank/g11619__8246 calls port VSS not declared in module AOI22D0BWP7T
Warning: prbs_ber_pad_top/u_prbs_ber_chip_top/u_csr_regbank/g11619__8246 calls port VDD not declared in module AOI22D0BWP7T
Warning: prbs_ber_pad_top/u_prbs_ber_chip_top/u_csr_regbank/g11620__7098 calls port VSS not declared in module AOI22D0BWP7T
Warning: prbs_ber_pad_top/u_prbs_ber_chip_top/u_csr_regbank/g11620__7098 calls port VDD not declared in module AOI22D0BWP7T
Warning: prbs_ber_pad_top/u_prbs_ber_chip_top/u_csr_regbank/g11621__6131 calls port VSS not declared in module AOI22D0BWP7T
Warning: prbs_ber_pad_top/u_prbs_ber_chip_top/u_csr_regbank/g11621__6131 calls port VDD not declared in module AOI22D0BWP7T
Warning: prbs_ber_pad_top/u_prbs_ber_chip_top/u_csr_regbank/g11622__1881 calls port VSS not declared in module AOI22D0BWP7T
Warning: prbs_ber_pad_top/u_prbs_ber_chip_top/u_csr_regbank/g11622__1881 calls port VDD not declared in module AOI22D0BWP7T
Warning: prbs_ber_pad_top/u_prbs_ber_chip_top/u_csr_regbank/g11623__5115 calls port VSS not declared in module AOI22D0BWP7T
Warning: prbs_ber_pad_top/u_prbs_ber_chip_top/u_csr_regbank/g11623__5115 calls port VDD not declared in module AOI22D0BWP7T
Warning: prbs_ber_pad_top/u_prbs_ber_chip_top/u_csr_regbank/g11624__7482 calls port VSS not declared in module AO22D0BWP7T
Warning: prbs_ber_pad_top/u_prbs_ber_chip_top/u_csr_regbank/g11624__7482 calls port VDD not declared in module AO22D0BWP7T
Warning: prbs_ber_pad_top/u_prbs_ber_chip_top/u_csr_regbank/g11625__4733 calls port VSS not declared in module AOI22D0BWP7T
Warning: prbs_ber_pad_top/u_prbs_ber_chip_top/u_csr_regbank/g11625__4733 calls port VDD not declared in module AOI22D0BWP7T
Warning: prbs_ber_pad_top/u_prbs_ber_chip_top/u_csr_regbank/g11626__6161 calls port VSS not declared in module AOI22D0BWP7T
Warning: prbs_ber_pad_top/u_prbs_ber_chip_top/u_csr_regbank/g11626__6161 calls port VDD not declared in module AOI22D0BWP7T
Warning: prbs_ber_pad_top/u_prbs_ber_chip_top/u_csr_regbank/g11627__9315 calls port VSS not declared in module AOI22D0BWP7T
Warning: prbs_ber_pad_top/u_prbs_ber_chip_top/u_csr_regbank/g11627__9315 calls port VDD not declared in module AOI22D0BWP7T
Warning: prbs_ber_pad_top/u_prbs_ber_chip_top/u_csr_regbank/g11628__9945 calls port VSS not declared in module AOI22D0BWP7T
Warning: prbs_ber_pad_top/u_prbs_ber_chip_top/u_csr_regbank/g11628__9945 calls port VDD not declared in module AOI22D0BWP7T
Warning: prbs_ber_pad_top/u_prbs_ber_chip_top/u_csr_regbank/g11629__2883 calls port VSS not declared in module AOI22D0BWP7T
Warning: prbs_ber_pad_top/u_prbs_ber_chip_top/u_csr_regbank/g11629__2883 calls port VDD not declared in module AOI22D0BWP7T
Warning: prbs_ber_pad_top/u_prbs_ber_chip_top/u_csr_regbank/g11630__2346 calls port VSS not declared in module AOI22D0BWP7T
Warning: prbs_ber_pad_top/u_prbs_ber_chip_top/u_csr_regbank/g11630__2346 calls port VDD not declared in module AOI22D0BWP7T
Warning: prbs_ber_pad_top/u_prbs_ber_chip_top/u_csr_regbank/g11631__1666 calls port VSS not declared in module AO22D0BWP7T
Warning: prbs_ber_pad_top/u_prbs_ber_chip_top/u_csr_regbank/g11631__1666 calls port VDD not declared in module AO22D0BWP7T
Warning: prbs_ber_pad_top/u_prbs_ber_chip_top/u_csr_regbank/g11632__7410 calls port VSS not declared in module AOI22D0BWP7T
Warning: prbs_ber_pad_top/u_prbs_ber_chip_top/u_csr_regbank/g11632__7410 calls port VDD not declared in module AOI22D0BWP7T
Warning: prbs_ber_pad_top/u_prbs_ber_chip_top/u_csr_regbank/g11633__6417 calls port VSS not declared in module AOI22D0BWP7T
Warning: prbs_ber_pad_top/u_prbs_ber_chip_top/u_csr_regbank/g11633__6417 calls port VDD not declared in module AOI22D0BWP7T
Warning: prbs_ber_pad_top/u_prbs_ber_chip_top/u_csr_regbank/g11634__5477 calls port VSS not declared in module AOI22D0BWP7T
Warning: prbs_ber_pad_top/u_prbs_ber_chip_top/u_csr_regbank/g11634__5477 calls port VDD not declared in module AOI22D0BWP7T
Warning: prbs_ber_pad_top/u_prbs_ber_chip_top/u_csr_regbank/g11635__2398 calls port VSS not declared in module AOI22D0BWP7T
Warning: prbs_ber_pad_top/u_prbs_ber_chip_top/u_csr_regbank/g11635__2398 calls port VDD not declared in module AOI22D0BWP7T
Warning: prbs_ber_pad_top/u_prbs_ber_chip_top/u_csr_regbank/g11636__5107 calls port VSS not declared in module AOI22D0BWP7T
Warning: prbs_ber_pad_top/u_prbs_ber_chip_top/u_csr_regbank/g11636__5107 calls port VDD not declared in module AOI22D0BWP7T
Warning: prbs_ber_pad_top/u_prbs_ber_chip_top/u_csr_regbank/g11637__6260 calls port VSS not declared in module AOI22D0BWP7T
Warning: prbs_ber_pad_top/u_prbs_ber_chip_top/u_csr_regbank/g11637__6260 calls port VDD not declared in module AOI22D0BWP7T
Warning: prbs_ber_pad_top/u_prbs_ber_chip_top/u_csr_regbank/g11638__4319 calls port VSS not declared in module AOI22D0BWP7T
Warning: prbs_ber_pad_top/u_prbs_ber_chip_top/u_csr_regbank/g11638__4319 calls port VDD not declared in module AOI22D0BWP7T
Warning: prbs_ber_pad_top/u_prbs_ber_chip_top/u_csr_regbank/g11639__8428 calls port VSS not declared in module AOI22D0BWP7T
Warning: prbs_ber_pad_top/u_prbs_ber_chip_top/u_csr_regbank/g11639__8428 calls port VDD not declared in module AOI22D0BWP7T
Warning: prbs_ber_pad_top/u_prbs_ber_chip_top/u_csr_regbank/g11640__5526 calls port VSS not declared in module AOI22D0BWP7T
Warning: prbs_ber_pad_top/u_prbs_ber_chip_top/u_csr_regbank/g11640__5526 calls port VDD not declared in module AOI22D0BWP7T
Warning: prbs_ber_pad_top/u_prbs_ber_chip_top/u_csr_regbank/g11641__6783 calls port VSS not declared in module AOI22D0BWP7T
Warning: prbs_ber_pad_top/u_prbs_ber_chip_top/u_csr_regbank/g11641__6783 calls port VDD not declared in module AOI22D0BWP7T
Warning: prbs_ber_pad_top/u_prbs_ber_chip_top/u_csr_regbank/g11642__3680 calls port VSS not declared in module INR2XD0BWP7T
Warning: prbs_ber_pad_top/u_prbs_ber_chip_top/u_csr_regbank/g11642__3680 calls port VDD not declared in module INR2XD0BWP7T
Warning: prbs_ber_pad_top/u_prbs_ber_chip_top/u_csr_regbank/g11643__1617 calls port VSS not declared in module AN2D1BWP7T
Warning: prbs_ber_pad_top/u_prbs_ber_chip_top/u_csr_regbank/g11643__1617 calls port VDD not declared in module AN2D1BWP7T
Warning: prbs_ber_pad_top/u_prbs_ber_chip_top/u_csr_regbank/g11644__2802 calls port VSS not declared in module AN2D1BWP7T
Warning: prbs_ber_pad_top/u_prbs_ber_chip_top/u_csr_regbank/g11644__2802 calls port VDD not declared in module AN2D1BWP7T
Warning: prbs_ber_pad_top/u_prbs_ber_chip_top/u_csr_regbank/g11645__1705 calls port VSS not declared in module AN2D1BWP7T
Warning: prbs_ber_pad_top/u_prbs_ber_chip_top/u_csr_regbank/g11645__1705 calls port VDD not declared in module AN2D1BWP7T
Warning: prbs_ber_pad_top/u_prbs_ber_chip_top/u_csr_regbank/g11646__5122 calls port VSS not declared in module AN2D1BWP7T
Warning: prbs_ber_pad_top/u_prbs_ber_chip_top/u_csr_regbank/g11646__5122 calls port VDD not declared in module AN2D1BWP7T
Warning: prbs_ber_pad_top/u_prbs_ber_chip_top/u_csr_regbank/g11647__8246 calls port VSS not declared in module INR2XD0BWP7T
Warning: prbs_ber_pad_top/u_prbs_ber_chip_top/u_csr_regbank/g11647__8246 calls port VDD not declared in module INR2XD0BWP7T
Warning: prbs_ber_pad_top/u_prbs_ber_chip_top/u_csr_regbank/g11648__7098 calls port VSS not declared in module INR2D1BWP7T
Warning: prbs_ber_pad_top/u_prbs_ber_chip_top/u_csr_regbank/g11648__7098 calls port VDD not declared in module INR2D1BWP7T
Warning: prbs_ber_pad_top/u_prbs_ber_chip_top/u_csr_regbank/g11649__6131 calls port VSS not declared in module INR2D1BWP7T
Warning: prbs_ber_pad_top/u_prbs_ber_chip_top/u_csr_regbank/g11649__6131 calls port VDD not declared in module INR2D1BWP7T
Warning: prbs_ber_pad_top/u_prbs_ber_chip_top/u_csr_regbank/g11650__1881 calls port VSS not declared in module AN2D1BWP7T
Warning: prbs_ber_pad_top/u_prbs_ber_chip_top/u_csr_regbank/g11650__1881 calls port VDD not declared in module AN2D1BWP7T
Warning: prbs_ber_pad_top/u_prbs_ber_chip_top/u_csr_regbank/g11651__5115 calls port VSS not declared in module AN2D1BWP7T
Warning: prbs_ber_pad_top/u_prbs_ber_chip_top/u_csr_regbank/g11651__5115 calls port VDD not declared in module AN2D1BWP7T
Warning: prbs_ber_pad_top/u_prbs_ber_chip_top/u_csr_regbank/g11652__7482 calls port VSS not declared in module INR2D1BWP7T
Warning: prbs_ber_pad_top/u_prbs_ber_chip_top/u_csr_regbank/g11652__7482 calls port VDD not declared in module INR2D1BWP7T
Warning: prbs_ber_pad_top/u_prbs_ber_chip_top/u_csr_regbank/g11653__4733 calls port VSS not declared in module INR2D1BWP7T
Warning: prbs_ber_pad_top/u_prbs_ber_chip_top/u_csr_regbank/g11653__4733 calls port VDD not declared in module INR2D1BWP7T
Warning: prbs_ber_pad_top/u_prbs_ber_chip_top/u_csr_regbank/g11654__6161 calls port VSS not declared in module INR2D1BWP7T
Warning: prbs_ber_pad_top/u_prbs_ber_chip_top/u_csr_regbank/g11654__6161 calls port VDD not declared in module INR2D1BWP7T
Warning: prbs_ber_pad_top/u_prbs_ber_chip_top/u_csr_regbank/g11655__9315 calls port VSS not declared in module ND2D1BWP7T
Warning: prbs_ber_pad_top/u_prbs_ber_chip_top/u_csr_regbank/g11655__9315 calls port VDD not declared in module ND2D1BWP7T
Warning: prbs_ber_pad_top/u_prbs_ber_chip_top/u_csr_regbank/g11656__9945 calls port VSS not declared in module INR2D1BWP7T
Warning: prbs_ber_pad_top/u_prbs_ber_chip_top/u_csr_regbank/g11656__9945 calls port VDD not declared in module INR2D1BWP7T
Warning: prbs_ber_pad_top/u_prbs_ber_chip_top/u_csr_regbank/g11657__2883 calls port VSS not declared in module INR2D1BWP7T
Warning: prbs_ber_pad_top/u_prbs_ber_chip_top/u_csr_regbank/g11657__2883 calls port VDD not declared in module INR2D1BWP7T
Warning: prbs_ber_pad_top/u_prbs_ber_chip_top/u_csr_regbank/g11658__2346 calls port VSS not declared in module INR2D1BWP7T
Warning: prbs_ber_pad_top/u_prbs_ber_chip_top/u_csr_regbank/g11658__2346 calls port VDD not declared in module INR2D1BWP7T
Warning: prbs_ber_pad_top/u_prbs_ber_chip_top/u_csr_regbank/g11659__1666 calls port VSS not declared in module ND2D1BWP7T
Warning: prbs_ber_pad_top/u_prbs_ber_chip_top/u_csr_regbank/g11659__1666 calls port VDD not declared in module ND2D1BWP7T
Warning: prbs_ber_pad_top/u_prbs_ber_chip_top/u_csr_regbank/g11660__7410 calls port VSS not declared in module INR2D1BWP7T
Warning: prbs_ber_pad_top/u_prbs_ber_chip_top/u_csr_regbank/g11660__7410 calls port VDD not declared in module INR2D1BWP7T
Warning: prbs_ber_pad_top/u_prbs_ber_chip_top/u_csr_regbank/g11661__6417 calls port VSS not declared in module AN2D1BWP7T
Warning: prbs_ber_pad_top/u_prbs_ber_chip_top/u_csr_regbank/g11661__6417 calls port VDD not declared in module AN2D1BWP7T
Warning: prbs_ber_pad_top/u_prbs_ber_chip_top/u_csr_regbank/g11662__5477 calls port VSS not declared in module INR2D1BWP7T
Warning: prbs_ber_pad_top/u_prbs_ber_chip_top/u_csr_regbank/g11662__5477 calls port VDD not declared in module INR2D1BWP7T
Warning: prbs_ber_pad_top/u_prbs_ber_chip_top/u_csr_regbank/g11663__2398 calls port VSS not declared in module INR2D1BWP7T
Warning: prbs_ber_pad_top/u_prbs_ber_chip_top/u_csr_regbank/g11663__2398 calls port VDD not declared in module INR2D1BWP7T
Warning: prbs_ber_pad_top/u_prbs_ber_chip_top/u_csr_regbank/g11664__5107 calls port VSS not declared in module INR2D1BWP7T
Warning: prbs_ber_pad_top/u_prbs_ber_chip_top/u_csr_regbank/g11664__5107 calls port VDD not declared in module INR2D1BWP7T
Warning: prbs_ber_pad_top/u_prbs_ber_chip_top/u_csr_regbank/g11665__6260 calls port VSS not declared in module INR2D1BWP7T
Warning: prbs_ber_pad_top/u_prbs_ber_chip_top/u_csr_regbank/g11665__6260 calls port VDD not declared in module INR2D1BWP7T
Warning: prbs_ber_pad_top/u_prbs_ber_chip_top/u_csr_regbank/g11666__4319 calls port VSS not declared in module AN2D1BWP7T
Warning: prbs_ber_pad_top/u_prbs_ber_chip_top/u_csr_regbank/g11666__4319 calls port VDD not declared in module AN2D1BWP7T
Warning: prbs_ber_pad_top/u_prbs_ber_chip_top/u_csr_regbank/g11667__8428 calls port VSS not declared in module INR2XD0BWP7T
Warning: prbs_ber_pad_top/u_prbs_ber_chip_top/u_csr_regbank/g11667__8428 calls port VDD not declared in module INR2XD0BWP7T
Warning: prbs_ber_pad_top/u_prbs_ber_chip_top/u_csr_regbank/g11668__5526 calls port VSS not declared in module INR2D1BWP7T
Warning: prbs_ber_pad_top/u_prbs_ber_chip_top/u_csr_regbank/g11668__5526 calls port VDD not declared in module INR2D1BWP7T
Warning: prbs_ber_pad_top/u_prbs_ber_chip_top/u_csr_regbank/g11669__6783 calls port VSS not declared in module AN2D1BWP7T
Warning: prbs_ber_pad_top/u_prbs_ber_chip_top/u_csr_regbank/g11669__6783 calls port VDD not declared in module AN2D1BWP7T
Warning: prbs_ber_pad_top/u_prbs_ber_chip_top/u_csr_regbank/g11670__3680 calls port VSS not declared in module IND2D1BWP7T
Warning: prbs_ber_pad_top/u_prbs_ber_chip_top/u_csr_regbank/g11670__3680 calls port VDD not declared in module IND2D1BWP7T
Warning: prbs_ber_pad_top/u_prbs_ber_chip_top/u_csr_regbank/g11671__1617 calls port VSS not declared in module OA21D0BWP7T
Warning: prbs_ber_pad_top/u_prbs_ber_chip_top/u_csr_regbank/g11671__1617 calls port VDD not declared in module OA21D0BWP7T
Warning: prbs_ber_pad_top/u_prbs_ber_chip_top/u_csr_regbank/g11672__2802 calls port VSS not declared in module INR2XD0BWP7T
Warning: prbs_ber_pad_top/u_prbs_ber_chip_top/u_csr_regbank/g11672__2802 calls port VDD not declared in module INR2XD0BWP7T
Warning: prbs_ber_pad_top/u_prbs_ber_chip_top/u_csr_regbank/g11673__1705 calls port VSS not declared in module INR2D1BWP7T
Warning: prbs_ber_pad_top/u_prbs_ber_chip_top/u_csr_regbank/g11673__1705 calls port VDD not declared in module INR2D1BWP7T
Warning: prbs_ber_pad_top/u_prbs_ber_chip_top/u_csr_regbank/g11674__5122 calls port VSS not declared in module INR2D1BWP7T
Warning: prbs_ber_pad_top/u_prbs_ber_chip_top/u_csr_regbank/g11674__5122 calls port VDD not declared in module INR2D1BWP7T
Warning: prbs_ber_pad_top/u_prbs_ber_chip_top/u_csr_regbank/g11675__8246 calls port VSS not declared in module INR2D1BWP7T
Warning: prbs_ber_pad_top/u_prbs_ber_chip_top/u_csr_regbank/g11675__8246 calls port VDD not declared in module INR2D1BWP7T
Warning: prbs_ber_pad_top/u_prbs_ber_chip_top/u_csr_regbank/g11676__7098 calls port VSS not declared in module INR2XD0BWP7T
Warning: prbs_ber_pad_top/u_prbs_ber_chip_top/u_csr_regbank/g11676__7098 calls port VDD not declared in module INR2XD0BWP7T
Warning: prbs_ber_pad_top/u_prbs_ber_chip_top/u_csr_regbank/g11677__6131 calls port VSS not declared in module INR2XD0BWP7T
Warning: prbs_ber_pad_top/u_prbs_ber_chip_top/u_csr_regbank/g11677__6131 calls port VDD not declared in module INR2XD0BWP7T
Warning: prbs_ber_pad_top/u_prbs_ber_chip_top/u_csr_regbank/g11678__1881 calls port VSS not declared in module INR2XD0BWP7T
Warning: prbs_ber_pad_top/u_prbs_ber_chip_top/u_csr_regbank/g11678__1881 calls port VDD not declared in module INR2XD0BWP7T
Warning: prbs_ber_pad_top/u_prbs_ber_chip_top/u_csr_regbank/g11679__5115 calls port VSS not declared in module INR2D1BWP7T
Warning: prbs_ber_pad_top/u_prbs_ber_chip_top/u_csr_regbank/g11679__5115 calls port VDD not declared in module INR2D1BWP7T
Warning: prbs_ber_pad_top/u_prbs_ber_chip_top/u_csr_regbank/g11680__7482 calls port VSS not declared in module INR2XD0BWP7T
Warning: prbs_ber_pad_top/u_prbs_ber_chip_top/u_csr_regbank/g11680__7482 calls port VDD not declared in module INR2XD0BWP7T
Warning: prbs_ber_pad_top/u_prbs_ber_chip_top/u_csr_regbank/g11681__4733 calls port VSS not declared in module AN2D1BWP7T
Warning: prbs_ber_pad_top/u_prbs_ber_chip_top/u_csr_regbank/g11681__4733 calls port VDD not declared in module AN2D1BWP7T
Warning: prbs_ber_pad_top/u_prbs_ber_chip_top/u_csr_regbank/g11682__6161 calls port VSS not declared in module INR2XD0BWP7T
Warning: prbs_ber_pad_top/u_prbs_ber_chip_top/u_csr_regbank/g11682__6161 calls port VDD not declared in module INR2XD0BWP7T
Warning: prbs_ber_pad_top/u_prbs_ber_chip_top/u_csr_regbank/g11683__9315 calls port VSS not declared in module INR2D1BWP7T
Warning: prbs_ber_pad_top/u_prbs_ber_chip_top/u_csr_regbank/g11683__9315 calls port VDD not declared in module INR2D1BWP7T
Warning: prbs_ber_pad_top/u_prbs_ber_chip_top/u_csr_regbank/g11684__9945 calls port VSS not declared in module INR2XD0BWP7T
Warning: prbs_ber_pad_top/u_prbs_ber_chip_top/u_csr_regbank/g11684__9945 calls port VDD not declared in module INR2XD0BWP7T
Warning: prbs_ber_pad_top/u_prbs_ber_chip_top/u_csr_regbank/g11685__2883 calls port VSS not declared in module INR2XD0BWP7T
Warning: prbs_ber_pad_top/u_prbs_ber_chip_top/u_csr_regbank/g11685__2883 calls port VDD not declared in module INR2XD0BWP7T
Warning: prbs_ber_pad_top/u_prbs_ber_chip_top/u_csr_regbank/g11686__2346 calls port VSS not declared in module INR2D1BWP7T
Warning: prbs_ber_pad_top/u_prbs_ber_chip_top/u_csr_regbank/g11686__2346 calls port VDD not declared in module INR2D1BWP7T
Warning: prbs_ber_pad_top/u_prbs_ber_chip_top/u_csr_regbank/g11687__1666 calls port VSS not declared in module INR2XD0BWP7T
Warning: prbs_ber_pad_top/u_prbs_ber_chip_top/u_csr_regbank/g11687__1666 calls port VDD not declared in module INR2XD0BWP7T
Warning: prbs_ber_pad_top/u_prbs_ber_chip_top/u_csr_regbank/g11688__7410 calls port VSS not declared in module INR2XD0BWP7T
Warning: prbs_ber_pad_top/u_prbs_ber_chip_top/u_csr_regbank/g11688__7410 calls port VDD not declared in module INR2XD0BWP7T
Warning: prbs_ber_pad_top/u_prbs_ber_chip_top/u_csr_regbank/g11689__6417 calls port VSS not declared in module AN2D1BWP7T
Warning: prbs_ber_pad_top/u_prbs_ber_chip_top/u_csr_regbank/g11689__6417 calls port VDD not declared in module AN2D1BWP7T
Warning: prbs_ber_pad_top/u_prbs_ber_chip_top/u_csr_regbank/g11690__5477 calls port VSS not declared in module INR2D1BWP7T
Warning: prbs_ber_pad_top/u_prbs_ber_chip_top/u_csr_regbank/g11690__5477 calls port VDD not declared in module INR2D1BWP7T
Warning: prbs_ber_pad_top/u_prbs_ber_chip_top/u_csr_regbank/g11691__2398 calls port VSS not declared in module INR2XD0BWP7T
Warning: prbs_ber_pad_top/u_prbs_ber_chip_top/u_csr_regbank/g11691__2398 calls port VDD not declared in module INR2XD0BWP7T
Warning: prbs_ber_pad_top/u_prbs_ber_chip_top/u_csr_regbank/g11692__5107 calls port VSS not declared in module INR2D1BWP7T
Warning: prbs_ber_pad_top/u_prbs_ber_chip_top/u_csr_regbank/g11692__5107 calls port VDD not declared in module INR2D1BWP7T
Warning: prbs_ber_pad_top/u_prbs_ber_chip_top/u_csr_regbank/g11693__6260 calls port VSS not declared in module INR2XD0BWP7T
Warning: prbs_ber_pad_top/u_prbs_ber_chip_top/u_csr_regbank/g11693__6260 calls port VDD not declared in module INR2XD0BWP7T
Warning: prbs_ber_pad_top/u_prbs_ber_chip_top/u_csr_regbank/g11694__4319 calls port VSS not declared in module IAO21D0BWP7T
Warning: prbs_ber_pad_top/u_prbs_ber_chip_top/u_csr_regbank/g11694__4319 calls port VDD not declared in module IAO21D0BWP7T
Warning: prbs_ber_pad_top/u_prbs_ber_chip_top/u_csr_regbank/g11695__8428 calls port VSS not declared in module AO31D1BWP7T
Warning: prbs_ber_pad_top/u_prbs_ber_chip_top/u_csr_regbank/g11695__8428 calls port VDD not declared in module AO31D1BWP7T
Warning: prbs_ber_pad_top/u_prbs_ber_chip_top/u_csr_regbank/g11696__5526 calls port VSS not declared in module OAI21D0BWP7T
Warning: prbs_ber_pad_top/u_prbs_ber_chip_top/u_csr_regbank/g11696__5526 calls port VDD not declared in module OAI21D0BWP7T
Warning: prbs_ber_pad_top/u_prbs_ber_chip_top/u_csr_regbank/g11697__6783 calls port VSS not declared in module OAI21D0BWP7T
Warning: prbs_ber_pad_top/u_prbs_ber_chip_top/u_csr_regbank/g11697__6783 calls port VDD not declared in module OAI21D0BWP7T
Warning: prbs_ber_pad_top/u_prbs_ber_chip_top/u_csr_regbank/g11698__3680 calls port VSS not declared in module OA21D0BWP7T
Warning: prbs_ber_pad_top/u_prbs_ber_chip_top/u_csr_regbank/g11698__3680 calls port VDD not declared in module OA21D0BWP7T
Warning: prbs_ber_pad_top/u_prbs_ber_chip_top/u_csr_regbank/g11699__1617 calls port VSS not declared in module CKAN2D1BWP7T
Warning: prbs_ber_pad_top/u_prbs_ber_chip_top/u_csr_regbank/g11699__1617 calls port VDD not declared in module CKAN2D1BWP7T
Warning: prbs_ber_pad_top/u_prbs_ber_chip_top/u_csr_regbank/g11700__2802 calls port VSS not declared in module IND2D1BWP7T
Warning: prbs_ber_pad_top/u_prbs_ber_chip_top/u_csr_regbank/g11700__2802 calls port VDD not declared in module IND2D1BWP7T
Warning: prbs_ber_pad_top/u_prbs_ber_chip_top/u_csr_regbank/g11701 calls port VSS not declared in module INVD2BWP7T
Warning: prbs_ber_pad_top/u_prbs_ber_chip_top/u_csr_regbank/g11701 calls port VDD not declared in module INVD2BWP7T
Warning: prbs_ber_pad_top/u_prbs_ber_chip_top/u_csr_regbank/g11702__1705 calls port VSS not declared in module INR2D1BWP7T
Warning: prbs_ber_pad_top/u_prbs_ber_chip_top/u_csr_regbank/g11702__1705 calls port VDD not declared in module INR2D1BWP7T
Warning: prbs_ber_pad_top/u_prbs_ber_chip_top/u_csr_regbank/g11703__5122 calls port VSS not declared in module NR2D1BWP7T
Warning: prbs_ber_pad_top/u_prbs_ber_chip_top/u_csr_regbank/g11703__5122 calls port VDD not declared in module NR2D1BWP7T
Warning: prbs_ber_pad_top/u_prbs_ber_chip_top/u_csr_regbank/g11705__8246 calls port VSS not declared in module NR2D1BWP7T
Warning: prbs_ber_pad_top/u_prbs_ber_chip_top/u_csr_regbank/g11705__8246 calls port VDD not declared in module NR2D1BWP7T
Warning: prbs_ber_pad_top/u_prbs_ber_chip_top/u_csr_regbank/g11706__7098 calls port VSS not declared in module AN2D1BWP7T
Warning: prbs_ber_pad_top/u_prbs_ber_chip_top/u_csr_regbank/g11706__7098 calls port VDD not declared in module AN2D1BWP7T
Warning: prbs_ber_pad_top/u_prbs_ber_chip_top/u_csr_regbank/g11707__6131 calls port VSS not declared in module NR2D2BWP7T
Warning: prbs_ber_pad_top/u_prbs_ber_chip_top/u_csr_regbank/g11707__6131 calls port VDD not declared in module NR2D2BWP7T
Warning: prbs_ber_pad_top/u_prbs_ber_chip_top/u_csr_regbank/g11708__1881 calls port VSS not declared in module NR2D2BWP7T
Warning: prbs_ber_pad_top/u_prbs_ber_chip_top/u_csr_regbank/g11708__1881 calls port VDD not declared in module NR2D2BWP7T
Warning: prbs_ber_pad_top/u_prbs_ber_chip_top/u_csr_regbank/g11709__5115 calls port VSS not declared in module NR2D2BWP7T
Warning: prbs_ber_pad_top/u_prbs_ber_chip_top/u_csr_regbank/g11709__5115 calls port VDD not declared in module NR2D2BWP7T
Warning: prbs_ber_pad_top/u_prbs_ber_chip_top/u_csr_regbank/g11710__7482 calls port VSS not declared in module NR2D1BWP7T
Warning: prbs_ber_pad_top/u_prbs_ber_chip_top/u_csr_regbank/g11710__7482 calls port VDD not declared in module NR2D1BWP7T
Warning: prbs_ber_pad_top/u_prbs_ber_chip_top/u_csr_regbank/g11711__4733 calls port VSS not declared in module ND2D2BWP7T
Warning: prbs_ber_pad_top/u_prbs_ber_chip_top/u_csr_regbank/g11711__4733 calls port VDD not declared in module ND2D2BWP7T
Warning: prbs_ber_pad_top/u_prbs_ber_chip_top/u_csr_regbank/g11712 calls port VSS not declared in module INVD0BWP7T
Warning: prbs_ber_pad_top/u_prbs_ber_chip_top/u_csr_regbank/g11712 calls port VDD not declared in module INVD0BWP7T
Warning: prbs_ber_pad_top/u_prbs_ber_chip_top/u_csr_regbank/g11715__6161 calls port VSS not declared in module NR4D0BWP7T
Warning: prbs_ber_pad_top/u_prbs_ber_chip_top/u_csr_regbank/g11715__6161 calls port VDD not declared in module NR4D0BWP7T
Warning: prbs_ber_pad_top/u_prbs_ber_chip_top/u_csr_regbank/g11716__9315 calls port VSS not declared in module NR4D0BWP7T
Warning: prbs_ber_pad_top/u_prbs_ber_chip_top/u_csr_regbank/g11716__9315 calls port VDD not declared in module NR4D0BWP7T
Warning: prbs_ber_pad_top/u_prbs_ber_chip_top/u_csr_regbank/g11717__9945 calls port VSS not declared in module NR4D0BWP7T
Warning: prbs_ber_pad_top/u_prbs_ber_chip_top/u_csr_regbank/g11717__9945 calls port VDD not declared in module NR4D0BWP7T
Warning: prbs_ber_pad_top/u_prbs_ber_chip_top/u_csr_regbank/g11718__2883 calls port VSS not declared in module IND3D1BWP7T
Warning: prbs_ber_pad_top/u_prbs_ber_chip_top/u_csr_regbank/g11718__2883 calls port VDD not declared in module IND3D1BWP7T
Warning: prbs_ber_pad_top/u_prbs_ber_chip_top/u_csr_regbank/g11719__2346 calls port VSS not declared in module NR2D1BWP7T
Warning: prbs_ber_pad_top/u_prbs_ber_chip_top/u_csr_regbank/g11719__2346 calls port VDD not declared in module NR2D1BWP7T
Warning: prbs_ber_pad_top/u_prbs_ber_chip_top/u_csr_regbank/g11720__1666 calls port VSS not declared in module OR4D1BWP7T
Warning: prbs_ber_pad_top/u_prbs_ber_chip_top/u_csr_regbank/g11720__1666 calls port VDD not declared in module OR4D1BWP7T
Warning: prbs_ber_pad_top/u_prbs_ber_chip_top/u_csr_regbank/g11721__7410 calls port VSS not declared in module NR2D2BWP7T
Warning: prbs_ber_pad_top/u_prbs_ber_chip_top/u_csr_regbank/g11721__7410 calls port VDD not declared in module NR2D2BWP7T
Warning: prbs_ber_pad_top/u_prbs_ber_chip_top/u_csr_regbank/g11722__6417 calls port VSS not declared in module ND3D1BWP7T
Warning: prbs_ber_pad_top/u_prbs_ber_chip_top/u_csr_regbank/g11722__6417 calls port VDD not declared in module ND3D1BWP7T
Warning: prbs_ber_pad_top/u_prbs_ber_chip_top/u_csr_regbank/g11723__5477 calls port VSS not declared in module NR4D2BWP7T
Warning: prbs_ber_pad_top/u_prbs_ber_chip_top/u_csr_regbank/g11723__5477 calls port VDD not declared in module NR4D2BWP7T
Warning: prbs_ber_pad_top/u_prbs_ber_chip_top/u_csr_regbank/g11724__2398 calls port VSS not declared in module NR2D2BWP7T
Warning: prbs_ber_pad_top/u_prbs_ber_chip_top/u_csr_regbank/g11724__2398 calls port VDD not declared in module NR2D2BWP7T
Warning: prbs_ber_pad_top/u_prbs_ber_chip_top/u_csr_regbank/g11725__5107 calls port VSS not declared in module NR2D2BWP7T
Warning: prbs_ber_pad_top/u_prbs_ber_chip_top/u_csr_regbank/g11725__5107 calls port VDD not declared in module NR2D2BWP7T
Warning: prbs_ber_pad_top/u_prbs_ber_chip_top/u_csr_regbank/g11756 calls port VSS not declared in module INVD1BWP7T
Warning: prbs_ber_pad_top/u_prbs_ber_chip_top/u_csr_regbank/g11756 calls port VDD not declared in module INVD1BWP7T
Warning: prbs_ber_pad_top/u_prbs_ber_chip_top/u_csr_regbank/g11773__6260 calls port VSS not declared in module NR4D0BWP7T
Warning: prbs_ber_pad_top/u_prbs_ber_chip_top/u_csr_regbank/g11773__6260 calls port VDD not declared in module NR4D0BWP7T
Warning: prbs_ber_pad_top/u_prbs_ber_chip_top/u_csr_regbank/g11774__4319 calls port VSS not declared in module ND2D1BWP7T
Warning: prbs_ber_pad_top/u_prbs_ber_chip_top/u_csr_regbank/g11774__4319 calls port VDD not declared in module ND2D1BWP7T
Warning: prbs_ber_pad_top/u_prbs_ber_chip_top/u_csr_regbank/g11775__8428 calls port VSS not declared in module NR4D0BWP7T
Warning: prbs_ber_pad_top/u_prbs_ber_chip_top/u_csr_regbank/g11775__8428 calls port VDD not declared in module NR4D0BWP7T
Warning: prbs_ber_pad_top/u_prbs_ber_chip_top/u_csr_regbank/g11776__5526 calls port VSS not declared in module NR4D0BWP7T
Warning: prbs_ber_pad_top/u_prbs_ber_chip_top/u_csr_regbank/g11776__5526 calls port VDD not declared in module NR4D0BWP7T
Warning: prbs_ber_pad_top/u_prbs_ber_chip_top/u_csr_regbank/g11777__6783 calls port VSS not declared in module NR4D0BWP7T
Warning: prbs_ber_pad_top/u_prbs_ber_chip_top/u_csr_regbank/g11777__6783 calls port VDD not declared in module NR4D0BWP7T
Warning: prbs_ber_pad_top/u_prbs_ber_chip_top/u_csr_regbank/g11778__3680 calls port VSS not declared in module OR3D1BWP7T
Warning: prbs_ber_pad_top/u_prbs_ber_chip_top/u_csr_regbank/g11778__3680 calls port VDD not declared in module OR3D1BWP7T
Warning: prbs_ber_pad_top/u_prbs_ber_chip_top/u_csr_regbank/g11779__1617 calls port VSS not declared in module NR2D1BWP7T
Warning: prbs_ber_pad_top/u_prbs_ber_chip_top/u_csr_regbank/g11779__1617 calls port VDD not declared in module NR2D1BWP7T
Warning: prbs_ber_pad_top/u_prbs_ber_chip_top/u_csr_regbank/g11780__2802 calls port VSS not declared in module ND4D0BWP7T
Warning: prbs_ber_pad_top/u_prbs_ber_chip_top/u_csr_regbank/g11780__2802 calls port VDD not declared in module ND4D0BWP7T
Warning: prbs_ber_pad_top/u_prbs_ber_chip_top/u_csr_regbank/g11781__1705 calls port VSS not declared in module IND3D1BWP7T
Warning: prbs_ber_pad_top/u_prbs_ber_chip_top/u_csr_regbank/g11781__1705 calls port VDD not declared in module IND3D1BWP7T
Warning: prbs_ber_pad_top/u_prbs_ber_chip_top/u_csr_regbank/g11782__5122 calls port VSS not declared in module ND3D0BWP7T
Warning: prbs_ber_pad_top/u_prbs_ber_chip_top/u_csr_regbank/g11782__5122 calls port VDD not declared in module ND3D0BWP7T
Warning: prbs_ber_pad_top/u_prbs_ber_chip_top/u_csr_regbank/g11783__8246 calls port VSS not declared in module AN2D1BWP7T
Warning: prbs_ber_pad_top/u_prbs_ber_chip_top/u_csr_regbank/g11783__8246 calls port VDD not declared in module AN2D1BWP7T
Warning: prbs_ber_pad_top/u_prbs_ber_chip_top/u_csr_regbank/g11784__7098 calls port VSS not declared in module IND2D1BWP7T
Warning: prbs_ber_pad_top/u_prbs_ber_chip_top/u_csr_regbank/g11784__7098 calls port VDD not declared in module IND2D1BWP7T
Warning: prbs_ber_pad_top/u_prbs_ber_chip_top/u_csr_regbank/g11785__6131 calls port VSS not declared in module NR2D1BWP7T
Warning: prbs_ber_pad_top/u_prbs_ber_chip_top/u_csr_regbank/g11785__6131 calls port VDD not declared in module NR2D1BWP7T
Warning: prbs_ber_pad_top/u_prbs_ber_chip_top/u_csr_regbank/g11786 calls port VSS not declared in module INVD1BWP7T
Warning: prbs_ber_pad_top/u_prbs_ber_chip_top/u_csr_regbank/g11786 calls port VDD not declared in module INVD1BWP7T
Warning: prbs_ber_pad_top/u_prbs_ber_chip_top/u_csr_regbank/g11787 calls port VSS not declared in module INVD1BWP7T
Warning: prbs_ber_pad_top/u_prbs_ber_chip_top/u_csr_regbank/g11787 calls port VDD not declared in module INVD1BWP7T
Warning: prbs_ber_pad_top/u_prbs_ber_chip_top/u_csr_regbank/g11788__1881 calls port VSS not declared in module ND2D1BWP7T
Warning: prbs_ber_pad_top/u_prbs_ber_chip_top/u_csr_regbank/g11788__1881 calls port VDD not declared in module ND2D1BWP7T
Warning: prbs_ber_pad_top/u_prbs_ber_chip_top/u_csr_regbank/g11789__5115 calls port VSS not declared in module AN2D1BWP7T
Warning: prbs_ber_pad_top/u_prbs_ber_chip_top/u_csr_regbank/g11789__5115 calls port VDD not declared in module AN2D1BWP7T
Warning: prbs_ber_pad_top/u_prbs_ber_chip_top/u_csr_regbank/g11790__7482 calls port VSS not declared in module INR2D1BWP7T
Warning: prbs_ber_pad_top/u_prbs_ber_chip_top/u_csr_regbank/g11790__7482 calls port VDD not declared in module INR2D1BWP7T
Warning: prbs_ber_pad_top/u_prbs_ber_chip_top/u_csr_regbank/g11791__4733 calls port VSS not declared in module OR2D1BWP7T
Warning: prbs_ber_pad_top/u_prbs_ber_chip_top/u_csr_regbank/g11791__4733 calls port VDD not declared in module OR2D1BWP7T
Warning: prbs_ber_pad_top/u_prbs_ber_chip_top/u_csr_regbank/g11792__6161 calls port VSS not declared in module INR2D1BWP7T
Warning: prbs_ber_pad_top/u_prbs_ber_chip_top/u_csr_regbank/g11792__6161 calls port VDD not declared in module INR2D1BWP7T
Warning: prbs_ber_pad_top/u_prbs_ber_chip_top/u_csr_regbank/g11793__9315 calls port VSS not declared in module OR2D1BWP7T
Warning: prbs_ber_pad_top/u_prbs_ber_chip_top/u_csr_regbank/g11793__9315 calls port VDD not declared in module OR2D1BWP7T
Warning: prbs_ber_pad_top/u_prbs_ber_chip_top/u_csr_regbank/g11794__9945 calls port VSS not declared in module OR2D1BWP7T
Warning: prbs_ber_pad_top/u_prbs_ber_chip_top/u_csr_regbank/g11794__9945 calls port VDD not declared in module OR2D1BWP7T
Warning: prbs_ber_pad_top/u_prbs_ber_chip_top/u_csr_regbank/g11795__2883 calls port VSS not declared in module IND2D1BWP7T
Warning: prbs_ber_pad_top/u_prbs_ber_chip_top/u_csr_regbank/g11795__2883 calls port VDD not declared in module IND2D1BWP7T
Warning: prbs_ber_pad_top/u_prbs_ber_chip_top/u_csr_regbank/g11796__2346 calls port VSS not declared in module IND2D1BWP7T
Warning: prbs_ber_pad_top/u_prbs_ber_chip_top/u_csr_regbank/g11796__2346 calls port VDD not declared in module IND2D1BWP7T
Warning: prbs_ber_pad_top/u_prbs_ber_chip_top/u_csr_regbank/g11797__1666 calls port VSS not declared in module CKND2D1BWP7T
Warning: prbs_ber_pad_top/u_prbs_ber_chip_top/u_csr_regbank/g11797__1666 calls port VDD not declared in module CKND2D1BWP7T
Warning: prbs_ber_pad_top/u_prbs_ber_chip_top/u_csr_regbank/g11798__7410 calls port VSS not declared in module NR2XD0BWP7T
Warning: prbs_ber_pad_top/u_prbs_ber_chip_top/u_csr_regbank/g11798__7410 calls port VDD not declared in module NR2XD0BWP7T
Warning: prbs_ber_pad_top/u_prbs_ber_chip_top/u_csr_regbank/g11799 calls port VSS not declared in module INVD1BWP7T
Warning: prbs_ber_pad_top/u_prbs_ber_chip_top/u_csr_regbank/g11799 calls port VDD not declared in module INVD1BWP7T
Warning: prbs_ber_pad_top/u_prbs_ber_chip_top/u_csr_regbank/g11800 calls port VSS not declared in module INVD1BWP7T
Warning: prbs_ber_pad_top/u_prbs_ber_chip_top/u_csr_regbank/g11800 calls port VDD not declared in module INVD1BWP7T
Warning: prbs_ber_pad_top/u_prbs_ber_chip_top/u_csr_regbank/g11801 calls port VSS not declared in module INVD1BWP7T
Warning: prbs_ber_pad_top/u_prbs_ber_chip_top/u_csr_regbank/g11801 calls port VDD not declared in module INVD1BWP7T
Warning: prbs_ber_pad_top/u_prbs_ber_chip_top/u_csr_regbank/g2__6417 calls port VSS not declared in module IND2D2BWP7T
Warning: prbs_ber_pad_top/u_prbs_ber_chip_top/u_csr_regbank/g2__6417 calls port VDD not declared in module IND2D2BWP7T
Warning: prbs_ber_pad_top/u_prbs_ber_chip_top/u_csr_regbank/g11802__5477 calls port VSS not declared in module INR2D1BWP7T
Warning: prbs_ber_pad_top/u_prbs_ber_chip_top/u_csr_regbank/g11802__5477 calls port VDD not declared in module INR2D1BWP7T
Warning: prbs_ber_pad_top/u_prbs_ber_chip_top/u_csr_regbank/fail_count_reg_reg[0] calls port VSS not declared in module DFKCNQD1BWP7T
Warning: prbs_ber_pad_top/u_prbs_ber_chip_top/u_csr_regbank/fail_count_reg_reg[0] calls port VDD not declared in module DFKCNQD1BWP7T
Warning: prbs_ber_pad_top/u_prbs_ber_chip_top/u_csr_regbank/fail_count_reg_reg[1] calls port VSS not declared in module DFKCNQD1BWP7T
Warning: prbs_ber_pad_top/u_prbs_ber_chip_top/u_csr_regbank/fail_count_reg_reg[1] calls port VDD not declared in module DFKCNQD1BWP7T
Warning: prbs_ber_pad_top/u_prbs_ber_chip_top/u_csr_regbank/fail_count_reg_reg[2] calls port VSS not declared in module DFKCNQD1BWP7T
Warning: prbs_ber_pad_top/u_prbs_ber_chip_top/u_csr_regbank/fail_count_reg_reg[2] calls port VDD not declared in module DFKCNQD1BWP7T
Warning: prbs_ber_pad_top/u_prbs_ber_chip_top/u_csr_regbank/fail_count_reg_reg[3] calls port VSS not declared in module DFKCNQD1BWP7T
Warning: prbs_ber_pad_top/u_prbs_ber_chip_top/u_csr_regbank/fail_count_reg_reg[3] calls port VDD not declared in module DFKCNQD1BWP7T
Warning: prbs_ber_pad_top/u_prbs_ber_chip_top/u_csr_regbank/fail_count_reg_reg[4] calls port VSS not declared in module DFKCNQD1BWP7T
Warning: prbs_ber_pad_top/u_prbs_ber_chip_top/u_csr_regbank/fail_count_reg_reg[4] calls port VDD not declared in module DFKCNQD1BWP7T
Warning: prbs_ber_pad_top/u_prbs_ber_chip_top/u_csr_regbank/fail_count_reg_reg[5] calls port VSS not declared in module DFKCNQD1BWP7T
Warning: prbs_ber_pad_top/u_prbs_ber_chip_top/u_csr_regbank/fail_count_reg_reg[5] calls port VDD not declared in module DFKCNQD1BWP7T
Warning: prbs_ber_pad_top/u_prbs_ber_chip_top/u_csr_regbank/fail_count_reg_reg[6] calls port VSS not declared in module DFKCNQD1BWP7T
Warning: prbs_ber_pad_top/u_prbs_ber_chip_top/u_csr_regbank/fail_count_reg_reg[6] calls port VDD not declared in module DFKCNQD1BWP7T
Warning: prbs_ber_pad_top/u_prbs_ber_chip_top/u_csr_regbank/fail_count_reg_reg[7] calls port VSS not declared in module DFKCNQD1BWP7T
Warning: prbs_ber_pad_top/u_prbs_ber_chip_top/u_csr_regbank/fail_count_reg_reg[7] calls port VDD not declared in module DFKCNQD1BWP7T
Warning: prbs_ber_pad_top/u_prbs_ber_chip_top/u_csr_regbank/fail_count_reg_reg[8] calls port VSS not declared in module DFKCNQD1BWP7T
Warning: prbs_ber_pad_top/u_prbs_ber_chip_top/u_csr_regbank/fail_count_reg_reg[8] calls port VDD not declared in module DFKCNQD1BWP7T
Warning: prbs_ber_pad_top/u_prbs_ber_chip_top/u_csr_regbank/fail_count_reg_reg[9] calls port VSS not declared in module DFKCNQD1BWP7T
Warning: prbs_ber_pad_top/u_prbs_ber_chip_top/u_csr_regbank/fail_count_reg_reg[9] calls port VDD not declared in module DFKCNQD1BWP7T
Warning: prbs_ber_pad_top/u_prbs_ber_chip_top/u_csr_regbank/fail_count_reg_reg[10] calls port VSS not declared in module DFKCNQD1BWP7T
Warning: prbs_ber_pad_top/u_prbs_ber_chip_top/u_csr_regbank/fail_count_reg_reg[10] calls port VDD not declared in module DFKCNQD1BWP7T
Warning: prbs_ber_pad_top/u_prbs_ber_chip_top/u_csr_regbank/fail_count_reg_reg[11] calls port VSS not declared in module DFKCNQD1BWP7T
Warning: prbs_ber_pad_top/u_prbs_ber_chip_top/u_csr_regbank/fail_count_reg_reg[11] calls port VDD not declared in module DFKCNQD1BWP7T
Warning: prbs_ber_pad_top/u_prbs_ber_chip_top/u_csr_regbank/fail_count_reg_reg[12] calls port VSS not declared in module DFKCNQD1BWP7T
Warning: prbs_ber_pad_top/u_prbs_ber_chip_top/u_csr_regbank/fail_count_reg_reg[12] calls port VDD not declared in module DFKCNQD1BWP7T
Warning: prbs_ber_pad_top/u_prbs_ber_chip_top/u_csr_regbank/fail_count_reg_reg[13] calls port VSS not declared in module DFKCNQD1BWP7T
Warning: prbs_ber_pad_top/u_prbs_ber_chip_top/u_csr_regbank/fail_count_reg_reg[13] calls port VDD not declared in module DFKCNQD1BWP7T
Warning: prbs_ber_pad_top/u_prbs_ber_chip_top/u_csr_regbank/fail_count_reg_reg[14] calls port VSS not declared in module DFKCNQD1BWP7T
Warning: prbs_ber_pad_top/u_prbs_ber_chip_top/u_csr_regbank/fail_count_reg_reg[14] calls port VDD not declared in module DFKCNQD1BWP7T
Warning: prbs_ber_pad_top/u_prbs_ber_chip_top/u_csr_regbank/fail_count_reg_reg[15] calls port VSS not declared in module DFKCNQD1BWP7T
Warning: prbs_ber_pad_top/u_prbs_ber_chip_top/u_csr_regbank/fail_count_reg_reg[15] calls port VDD not declared in module DFKCNQD1BWP7T
Warning: prbs_ber_pad_top/u_prbs_ber_chip_top/u_csr_regbank/fail_count_reg_reg[16] calls port VSS not declared in module DFKCNQD1BWP7T
Warning: prbs_ber_pad_top/u_prbs_ber_chip_top/u_csr_regbank/fail_count_reg_reg[16] calls port VDD not declared in module DFKCNQD1BWP7T
Warning: prbs_ber_pad_top/u_prbs_ber_chip_top/u_csr_regbank/fail_count_reg_reg[17] calls port VSS not declared in module DFKCNQD1BWP7T
Warning: prbs_ber_pad_top/u_prbs_ber_chip_top/u_csr_regbank/fail_count_reg_reg[17] calls port VDD not declared in module DFKCNQD1BWP7T
Warning: prbs_ber_pad_top/u_prbs_ber_chip_top/u_csr_regbank/fail_count_reg_reg[18] calls port VSS not declared in module DFKCNQD1BWP7T
Warning: prbs_ber_pad_top/u_prbs_ber_chip_top/u_csr_regbank/fail_count_reg_reg[18] calls port VDD not declared in module DFKCNQD1BWP7T
Warning: prbs_ber_pad_top/u_prbs_ber_chip_top/u_csr_regbank/fail_count_reg_reg[19] calls port VSS not declared in module DFKCNQD1BWP7T
Warning: prbs_ber_pad_top/u_prbs_ber_chip_top/u_csr_regbank/fail_count_reg_reg[19] calls port VDD not declared in module DFKCNQD1BWP7T
Warning: prbs_ber_pad_top/u_prbs_ber_chip_top/u_csr_regbank/fail_count_reg_reg[20] calls port VSS not declared in module DFKCNQD1BWP7T
Warning: prbs_ber_pad_top/u_prbs_ber_chip_top/u_csr_regbank/fail_count_reg_reg[20] calls port VDD not declared in module DFKCNQD1BWP7T
Warning: prbs_ber_pad_top/u_prbs_ber_chip_top/u_csr_regbank/fail_count_reg_reg[21] calls port VSS not declared in module DFKCNQD1BWP7T
Warning: prbs_ber_pad_top/u_prbs_ber_chip_top/u_csr_regbank/fail_count_reg_reg[21] calls port VDD not declared in module DFKCNQD1BWP7T
Warning: prbs_ber_pad_top/u_prbs_ber_chip_top/u_csr_regbank/fail_count_reg_reg[22] calls port VSS not declared in module DFKCNQD1BWP7T
Warning: prbs_ber_pad_top/u_prbs_ber_chip_top/u_csr_regbank/fail_count_reg_reg[22] calls port VDD not declared in module DFKCNQD1BWP7T
Warning: prbs_ber_pad_top/u_prbs_ber_chip_top/u_csr_regbank/fail_count_reg_reg[23] calls port VSS not declared in module DFKCNQD1BWP7T
Warning: prbs_ber_pad_top/u_prbs_ber_chip_top/u_csr_regbank/fail_count_reg_reg[23] calls port VDD not declared in module DFKCNQD1BWP7T
Warning: prbs_ber_pad_top/u_prbs_ber_chip_top/u_csr_regbank/fail_count_reg_reg[24] calls port VSS not declared in module DFKCNQD1BWP7T
Warning: prbs_ber_pad_top/u_prbs_ber_chip_top/u_csr_regbank/fail_count_reg_reg[24] calls port VDD not declared in module DFKCNQD1BWP7T
Warning: prbs_ber_pad_top/u_prbs_ber_chip_top/u_csr_regbank/fail_count_reg_reg[25] calls port VSS not declared in module DFKCNQD1BWP7T
Warning: prbs_ber_pad_top/u_prbs_ber_chip_top/u_csr_regbank/fail_count_reg_reg[25] calls port VDD not declared in module DFKCNQD1BWP7T
Warning: prbs_ber_pad_top/u_prbs_ber_chip_top/u_csr_regbank/fail_count_reg_reg[26] calls port VSS not declared in module DFKCNQD1BWP7T
Warning: prbs_ber_pad_top/u_prbs_ber_chip_top/u_csr_regbank/fail_count_reg_reg[26] calls port VDD not declared in module DFKCNQD1BWP7T
Warning: prbs_ber_pad_top/u_prbs_ber_chip_top/u_csr_regbank/fail_count_reg_reg[27] calls port VSS not declared in module DFKCNQD1BWP7T
Warning: prbs_ber_pad_top/u_prbs_ber_chip_top/u_csr_regbank/fail_count_reg_reg[27] calls port VDD not declared in module DFKCNQD1BWP7T
Warning: prbs_ber_pad_top/u_prbs_ber_chip_top/u_csr_regbank/fail_count_reg_reg[28] calls port VSS not declared in module DFKCNQD1BWP7T
Warning: prbs_ber_pad_top/u_prbs_ber_chip_top/u_csr_regbank/fail_count_reg_reg[28] calls port VDD not declared in module DFKCNQD1BWP7T
Warning: prbs_ber_pad_top/u_prbs_ber_chip_top/u_csr_regbank/fail_count_reg_reg[29] calls port VSS not declared in module DFKCNQD1BWP7T
Warning: prbs_ber_pad_top/u_prbs_ber_chip_top/u_csr_regbank/fail_count_reg_reg[29] calls port VDD not declared in module DFKCNQD1BWP7T
Warning: prbs_ber_pad_top/u_prbs_ber_chip_top/u_csr_regbank/fail_count_reg_reg[30] calls port VSS not declared in module DFKCNQD1BWP7T
Warning: prbs_ber_pad_top/u_prbs_ber_chip_top/u_csr_regbank/fail_count_reg_reg[30] calls port VDD not declared in module DFKCNQD1BWP7T
Warning: prbs_ber_pad_top/u_prbs_ber_chip_top/u_csr_regbank/fail_count_reg_reg[31] calls port VSS not declared in module DFKCNQD1BWP7T
Warning: prbs_ber_pad_top/u_prbs_ber_chip_top/u_csr_regbank/fail_count_reg_reg[31] calls port VDD not declared in module DFKCNQD1BWP7T
Warning: prbs_ber_pad_top/u_prbs_ber_chip_top/u_csr_regbank/first_error_seen_reg_reg calls port VSS not declared in module EDFKCNQD1BWP7T
Warning: prbs_ber_pad_top/u_prbs_ber_chip_top/u_csr_regbank/first_error_seen_reg_reg calls port VDD not declared in module EDFKCNQD1BWP7T
Warning: prbs_ber_pad_top/u_prbs_ber_chip_top/u_csr_regbank/pass_count_reg_reg[0] calls port VSS not declared in module DFKCNQD1BWP7T
Warning: prbs_ber_pad_top/u_prbs_ber_chip_top/u_csr_regbank/pass_count_reg_reg[0] calls port VDD not declared in module DFKCNQD1BWP7T
Warning: prbs_ber_pad_top/u_prbs_ber_chip_top/u_csr_regbank/pass_count_reg_reg[1] calls port VSS not declared in module DFKCNQD1BWP7T
Warning: prbs_ber_pad_top/u_prbs_ber_chip_top/u_csr_regbank/pass_count_reg_reg[1] calls port VDD not declared in module DFKCNQD1BWP7T
Warning: prbs_ber_pad_top/u_prbs_ber_chip_top/u_csr_regbank/pass_count_reg_reg[2] calls port VSS not declared in module DFKCNQD1BWP7T
Warning: prbs_ber_pad_top/u_prbs_ber_chip_top/u_csr_regbank/pass_count_reg_reg[2] calls port VDD not declared in module DFKCNQD1BWP7T
Warning: prbs_ber_pad_top/u_prbs_ber_chip_top/u_csr_regbank/pass_count_reg_reg[3] calls port VSS not declared in module DFKCNQD1BWP7T
Warning: prbs_ber_pad_top/u_prbs_ber_chip_top/u_csr_regbank/pass_count_reg_reg[3] calls port VDD not declared in module DFKCNQD1BWP7T
Warning: prbs_ber_pad_top/u_prbs_ber_chip_top/u_csr_regbank/pass_count_reg_reg[4] calls port VSS not declared in module DFKCNQD1BWP7T
Warning: prbs_ber_pad_top/u_prbs_ber_chip_top/u_csr_regbank/pass_count_reg_reg[4] calls port VDD not declared in module DFKCNQD1BWP7T
Warning: prbs_ber_pad_top/u_prbs_ber_chip_top/u_csr_regbank/pass_count_reg_reg[5] calls port VSS not declared in module DFKCNQD1BWP7T
Warning: prbs_ber_pad_top/u_prbs_ber_chip_top/u_csr_regbank/pass_count_reg_reg[5] calls port VDD not declared in module DFKCNQD1BWP7T
Warning: prbs_ber_pad_top/u_prbs_ber_chip_top/u_csr_regbank/pass_count_reg_reg[6] calls port VSS not declared in module DFKCNQD1BWP7T
Warning: prbs_ber_pad_top/u_prbs_ber_chip_top/u_csr_regbank/pass_count_reg_reg[6] calls port VDD not declared in module DFKCNQD1BWP7T
Warning: prbs_ber_pad_top/u_prbs_ber_chip_top/u_csr_regbank/pass_count_reg_reg[7] calls port VSS not declared in module DFKCNQD1BWP7T
Warning: prbs_ber_pad_top/u_prbs_ber_chip_top/u_csr_regbank/pass_count_reg_reg[7] calls port VDD not declared in module DFKCNQD1BWP7T
Warning: prbs_ber_pad_top/u_prbs_ber_chip_top/u_csr_regbank/pass_count_reg_reg[8] calls port VSS not declared in module DFKCNQD1BWP7T
Warning: prbs_ber_pad_top/u_prbs_ber_chip_top/u_csr_regbank/pass_count_reg_reg[8] calls port VDD not declared in module DFKCNQD1BWP7T
Warning: prbs_ber_pad_top/u_prbs_ber_chip_top/u_csr_regbank/pass_count_reg_reg[9] calls port VSS not declared in module DFKCNQD1BWP7T
Warning: prbs_ber_pad_top/u_prbs_ber_chip_top/u_csr_regbank/pass_count_reg_reg[9] calls port VDD not declared in module DFKCNQD1BWP7T
Warning: prbs_ber_pad_top/u_prbs_ber_chip_top/u_csr_regbank/pass_count_reg_reg[10] calls port VSS not declared in module DFKCNQD1BWP7T
Warning: prbs_ber_pad_top/u_prbs_ber_chip_top/u_csr_regbank/pass_count_reg_reg[10] calls port VDD not declared in module DFKCNQD1BWP7T
Warning: prbs_ber_pad_top/u_prbs_ber_chip_top/u_csr_regbank/pass_count_reg_reg[11] calls port VSS not declared in module DFKCNQD1BWP7T
Warning: prbs_ber_pad_top/u_prbs_ber_chip_top/u_csr_regbank/pass_count_reg_reg[11] calls port VDD not declared in module DFKCNQD1BWP7T
Warning: prbs_ber_pad_top/u_prbs_ber_chip_top/u_csr_regbank/pass_count_reg_reg[12] calls port VSS not declared in module DFKCNQD1BWP7T
Warning: prbs_ber_pad_top/u_prbs_ber_chip_top/u_csr_regbank/pass_count_reg_reg[12] calls port VDD not declared in module DFKCNQD1BWP7T
Warning: prbs_ber_pad_top/u_prbs_ber_chip_top/u_csr_regbank/pass_count_reg_reg[13] calls port VSS not declared in module DFKCNQD1BWP7T
Warning: prbs_ber_pad_top/u_prbs_ber_chip_top/u_csr_regbank/pass_count_reg_reg[13] calls port VDD not declared in module DFKCNQD1BWP7T
Warning: prbs_ber_pad_top/u_prbs_ber_chip_top/u_csr_regbank/pass_count_reg_reg[14] calls port VSS not declared in module DFKCNQD1BWP7T
Warning: prbs_ber_pad_top/u_prbs_ber_chip_top/u_csr_regbank/pass_count_reg_reg[14] calls port VDD not declared in module DFKCNQD1BWP7T
Warning: prbs_ber_pad_top/u_prbs_ber_chip_top/u_csr_regbank/pass_count_reg_reg[15] calls port VSS not declared in module DFKCNQD1BWP7T
Warning: prbs_ber_pad_top/u_prbs_ber_chip_top/u_csr_regbank/pass_count_reg_reg[15] calls port VDD not declared in module DFKCNQD1BWP7T
Warning: prbs_ber_pad_top/u_prbs_ber_chip_top/u_csr_regbank/pass_count_reg_reg[16] calls port VSS not declared in module DFKCNQD1BWP7T
Warning: prbs_ber_pad_top/u_prbs_ber_chip_top/u_csr_regbank/pass_count_reg_reg[16] calls port VDD not declared in module DFKCNQD1BWP7T
Warning: prbs_ber_pad_top/u_prbs_ber_chip_top/u_csr_regbank/pass_count_reg_reg[17] calls port VSS not declared in module DFKCNQD1BWP7T
Warning: prbs_ber_pad_top/u_prbs_ber_chip_top/u_csr_regbank/pass_count_reg_reg[17] calls port VDD not declared in module DFKCNQD1BWP7T
Warning: prbs_ber_pad_top/u_prbs_ber_chip_top/u_csr_regbank/pass_count_reg_reg[18] calls port VSS not declared in module DFKCNQD1BWP7T
Warning: prbs_ber_pad_top/u_prbs_ber_chip_top/u_csr_regbank/pass_count_reg_reg[18] calls port VDD not declared in module DFKCNQD1BWP7T
Warning: prbs_ber_pad_top/u_prbs_ber_chip_top/u_csr_regbank/pass_count_reg_reg[19] calls port VSS not declared in module DFKCNQD1BWP7T
Warning: prbs_ber_pad_top/u_prbs_ber_chip_top/u_csr_regbank/pass_count_reg_reg[19] calls port VDD not declared in module DFKCNQD1BWP7T
Warning: prbs_ber_pad_top/u_prbs_ber_chip_top/u_csr_regbank/pass_count_reg_reg[20] calls port VSS not declared in module DFKCNQD1BWP7T
Warning: prbs_ber_pad_top/u_prbs_ber_chip_top/u_csr_regbank/pass_count_reg_reg[20] calls port VDD not declared in module DFKCNQD1BWP7T
Warning: prbs_ber_pad_top/u_prbs_ber_chip_top/u_csr_regbank/pass_count_reg_reg[21] calls port VSS not declared in module DFKCNQD1BWP7T
Warning: prbs_ber_pad_top/u_prbs_ber_chip_top/u_csr_regbank/pass_count_reg_reg[21] calls port VDD not declared in module DFKCNQD1BWP7T
Warning: prbs_ber_pad_top/u_prbs_ber_chip_top/u_csr_regbank/pass_count_reg_reg[22] calls port VSS not declared in module DFKCNQD1BWP7T
Warning: prbs_ber_pad_top/u_prbs_ber_chip_top/u_csr_regbank/pass_count_reg_reg[22] calls port VDD not declared in module DFKCNQD1BWP7T
Warning: prbs_ber_pad_top/u_prbs_ber_chip_top/u_csr_regbank/pass_count_reg_reg[23] calls port VSS not declared in module DFKCNQD1BWP7T
Warning: prbs_ber_pad_top/u_prbs_ber_chip_top/u_csr_regbank/pass_count_reg_reg[23] calls port VDD not declared in module DFKCNQD1BWP7T
Warning: prbs_ber_pad_top/u_prbs_ber_chip_top/u_csr_regbank/pass_count_reg_reg[24] calls port VSS not declared in module DFKCNQD1BWP7T
Warning: prbs_ber_pad_top/u_prbs_ber_chip_top/u_csr_regbank/pass_count_reg_reg[24] calls port VDD not declared in module DFKCNQD1BWP7T
Warning: prbs_ber_pad_top/u_prbs_ber_chip_top/u_csr_regbank/pass_count_reg_reg[25] calls port VSS not declared in module DFKCNQD1BWP7T
Warning: prbs_ber_pad_top/u_prbs_ber_chip_top/u_csr_regbank/pass_count_reg_reg[25] calls port VDD not declared in module DFKCNQD1BWP7T
Warning: prbs_ber_pad_top/u_prbs_ber_chip_top/u_csr_regbank/pass_count_reg_reg[26] calls port VSS not declared in module DFKCNQD1BWP7T
Warning: prbs_ber_pad_top/u_prbs_ber_chip_top/u_csr_regbank/pass_count_reg_reg[26] calls port VDD not declared in module DFKCNQD1BWP7T
Warning: prbs_ber_pad_top/u_prbs_ber_chip_top/u_csr_regbank/pass_count_reg_reg[27] calls port VSS not declared in module DFKCNQD1BWP7T
Warning: prbs_ber_pad_top/u_prbs_ber_chip_top/u_csr_regbank/pass_count_reg_reg[27] calls port VDD not declared in module DFKCNQD1BWP7T
Warning: prbs_ber_pad_top/u_prbs_ber_chip_top/u_csr_regbank/pass_count_reg_reg[28] calls port VSS not declared in module DFKCNQD1BWP7T
Warning: prbs_ber_pad_top/u_prbs_ber_chip_top/u_csr_regbank/pass_count_reg_reg[28] calls port VDD not declared in module DFKCNQD1BWP7T
Warning: prbs_ber_pad_top/u_prbs_ber_chip_top/u_csr_regbank/pass_count_reg_reg[29] calls port VSS not declared in module DFKCNQD1BWP7T
Warning: prbs_ber_pad_top/u_prbs_ber_chip_top/u_csr_regbank/pass_count_reg_reg[29] calls port VDD not declared in module DFKCNQD1BWP7T
Warning: prbs_ber_pad_top/u_prbs_ber_chip_top/u_csr_regbank/pass_count_reg_reg[30] calls port VSS not declared in module DFKCNQD1BWP7T
Warning: prbs_ber_pad_top/u_prbs_ber_chip_top/u_csr_regbank/pass_count_reg_reg[30] calls port VDD not declared in module DFKCNQD1BWP7T
Warning: prbs_ber_pad_top/u_prbs_ber_chip_top/u_csr_regbank/pass_count_reg_reg[31] calls port VSS not declared in module DFKCNQD1BWP7T
Warning: prbs_ber_pad_top/u_prbs_ber_chip_top/u_csr_regbank/pass_count_reg_reg[31] calls port VDD not declared in module DFKCNQD1BWP7T
Warning: prbs_ber_pad_top/u_prbs_ber_chip_top/u_csr_regbank/run_count_reg_reg[0] calls port VSS not declared in module DFKCNQD1BWP7T
Warning: prbs_ber_pad_top/u_prbs_ber_chip_top/u_csr_regbank/run_count_reg_reg[0] calls port VDD not declared in module DFKCNQD1BWP7T
Warning: prbs_ber_pad_top/u_prbs_ber_chip_top/u_csr_regbank/run_count_reg_reg[1] calls port VSS not declared in module DFKCNQD1BWP7T
Warning: prbs_ber_pad_top/u_prbs_ber_chip_top/u_csr_regbank/run_count_reg_reg[1] calls port VDD not declared in module DFKCNQD1BWP7T
Warning: prbs_ber_pad_top/u_prbs_ber_chip_top/u_csr_regbank/run_count_reg_reg[2] calls port VSS not declared in module DFKCNQD1BWP7T
Warning: prbs_ber_pad_top/u_prbs_ber_chip_top/u_csr_regbank/run_count_reg_reg[2] calls port VDD not declared in module DFKCNQD1BWP7T
Warning: prbs_ber_pad_top/u_prbs_ber_chip_top/u_csr_regbank/run_count_reg_reg[3] calls port VSS not declared in module DFKCNQD1BWP7T
Warning: prbs_ber_pad_top/u_prbs_ber_chip_top/u_csr_regbank/run_count_reg_reg[3] calls port VDD not declared in module DFKCNQD1BWP7T
Warning: prbs_ber_pad_top/u_prbs_ber_chip_top/u_csr_regbank/run_count_reg_reg[4] calls port VSS not declared in module DFKCNQD1BWP7T
Warning: prbs_ber_pad_top/u_prbs_ber_chip_top/u_csr_regbank/run_count_reg_reg[4] calls port VDD not declared in module DFKCNQD1BWP7T
Warning: prbs_ber_pad_top/u_prbs_ber_chip_top/u_csr_regbank/run_count_reg_reg[5] calls port VSS not declared in module DFKCNQD1BWP7T
Warning: prbs_ber_pad_top/u_prbs_ber_chip_top/u_csr_regbank/run_count_reg_reg[5] calls port VDD not declared in module DFKCNQD1BWP7T
Warning: prbs_ber_pad_top/u_prbs_ber_chip_top/u_csr_regbank/run_count_reg_reg[6] calls port VSS not declared in module DFKCNQD1BWP7T
Warning: prbs_ber_pad_top/u_prbs_ber_chip_top/u_csr_regbank/run_count_reg_reg[6] calls port VDD not declared in module DFKCNQD1BWP7T
Warning: prbs_ber_pad_top/u_prbs_ber_chip_top/u_csr_regbank/run_count_reg_reg[7] calls port VSS not declared in module DFKCNQD1BWP7T
Warning: prbs_ber_pad_top/u_prbs_ber_chip_top/u_csr_regbank/run_count_reg_reg[7] calls port VDD not declared in module DFKCNQD1BWP7T
Warning: prbs_ber_pad_top/u_prbs_ber_chip_top/u_csr_regbank/run_count_reg_reg[8] calls port VSS not declared in module DFKCNQD1BWP7T
Warning: prbs_ber_pad_top/u_prbs_ber_chip_top/u_csr_regbank/run_count_reg_reg[8] calls port VDD not declared in module DFKCNQD1BWP7T
Warning: prbs_ber_pad_top/u_prbs_ber_chip_top/u_csr_regbank/run_count_reg_reg[9] calls port VSS not declared in module DFKCNQD1BWP7T
Warning: prbs_ber_pad_top/u_prbs_ber_chip_top/u_csr_regbank/run_count_reg_reg[9] calls port VDD not declared in module DFKCNQD1BWP7T
Warning: prbs_ber_pad_top/u_prbs_ber_chip_top/u_csr_regbank/run_count_reg_reg[10] calls port VSS not declared in module DFKCNQD1BWP7T
Warning: prbs_ber_pad_top/u_prbs_ber_chip_top/u_csr_regbank/run_count_reg_reg[10] calls port VDD not declared in module DFKCNQD1BWP7T
Warning: prbs_ber_pad_top/u_prbs_ber_chip_top/u_csr_regbank/run_count_reg_reg[11] calls port VSS not declared in module DFKCNQD1BWP7T
Warning: prbs_ber_pad_top/u_prbs_ber_chip_top/u_csr_regbank/run_count_reg_reg[11] calls port VDD not declared in module DFKCNQD1BWP7T
Warning: prbs_ber_pad_top/u_prbs_ber_chip_top/u_csr_regbank/run_count_reg_reg[12] calls port VSS not declared in module DFKCNQD1BWP7T
Warning: prbs_ber_pad_top/u_prbs_ber_chip_top/u_csr_regbank/run_count_reg_reg[12] calls port VDD not declared in module DFKCNQD1BWP7T
Warning: prbs_ber_pad_top/u_prbs_ber_chip_top/u_csr_regbank/run_count_reg_reg[13] calls port VSS not declared in module DFKCNQD1BWP7T
Warning: prbs_ber_pad_top/u_prbs_ber_chip_top/u_csr_regbank/run_count_reg_reg[13] calls port VDD not declared in module DFKCNQD1BWP7T
Warning: prbs_ber_pad_top/u_prbs_ber_chip_top/u_csr_regbank/run_count_reg_reg[14] calls port VSS not declared in module DFKCNQD1BWP7T
Warning: prbs_ber_pad_top/u_prbs_ber_chip_top/u_csr_regbank/run_count_reg_reg[14] calls port VDD not declared in module DFKCNQD1BWP7T
Warning: prbs_ber_pad_top/u_prbs_ber_chip_top/u_csr_regbank/run_count_reg_reg[15] calls port VSS not declared in module DFKCNQD1BWP7T
Warning: prbs_ber_pad_top/u_prbs_ber_chip_top/u_csr_regbank/run_count_reg_reg[15] calls port VDD not declared in module DFKCNQD1BWP7T
Warning: prbs_ber_pad_top/u_prbs_ber_chip_top/u_csr_regbank/run_count_reg_reg[16] calls port VSS not declared in module DFKCNQD1BWP7T
Warning: prbs_ber_pad_top/u_prbs_ber_chip_top/u_csr_regbank/run_count_reg_reg[16] calls port VDD not declared in module DFKCNQD1BWP7T
Warning: prbs_ber_pad_top/u_prbs_ber_chip_top/u_csr_regbank/run_count_reg_reg[17] calls port VSS not declared in module DFKCNQD1BWP7T
Warning: prbs_ber_pad_top/u_prbs_ber_chip_top/u_csr_regbank/run_count_reg_reg[17] calls port VDD not declared in module DFKCNQD1BWP7T
Warning: prbs_ber_pad_top/u_prbs_ber_chip_top/u_csr_regbank/run_count_reg_reg[18] calls port VSS not declared in module DFKCNQD1BWP7T
Warning: prbs_ber_pad_top/u_prbs_ber_chip_top/u_csr_regbank/run_count_reg_reg[18] calls port VDD not declared in module DFKCNQD1BWP7T
Warning: prbs_ber_pad_top/u_prbs_ber_chip_top/u_csr_regbank/run_count_reg_reg[19] calls port VSS not declared in module DFKCNQD1BWP7T
Warning: prbs_ber_pad_top/u_prbs_ber_chip_top/u_csr_regbank/run_count_reg_reg[19] calls port VDD not declared in module DFKCNQD1BWP7T
Warning: prbs_ber_pad_top/u_prbs_ber_chip_top/u_csr_regbank/run_count_reg_reg[20] calls port VSS not declared in module DFKCNQD1BWP7T
Warning: prbs_ber_pad_top/u_prbs_ber_chip_top/u_csr_regbank/run_count_reg_reg[20] calls port VDD not declared in module DFKCNQD1BWP7T
Warning: prbs_ber_pad_top/u_prbs_ber_chip_top/u_csr_regbank/run_count_reg_reg[21] calls port VSS not declared in module DFKCNQD1BWP7T
Warning: prbs_ber_pad_top/u_prbs_ber_chip_top/u_csr_regbank/run_count_reg_reg[21] calls port VDD not declared in module DFKCNQD1BWP7T
Warning: prbs_ber_pad_top/u_prbs_ber_chip_top/u_csr_regbank/run_count_reg_reg[22] calls port VSS not declared in module DFKCNQD1BWP7T
Warning: prbs_ber_pad_top/u_prbs_ber_chip_top/u_csr_regbank/run_count_reg_reg[22] calls port VDD not declared in module DFKCNQD1BWP7T
Warning: prbs_ber_pad_top/u_prbs_ber_chip_top/u_csr_regbank/run_count_reg_reg[23] calls port VSS not declared in module DFKCNQD1BWP7T
Warning: prbs_ber_pad_top/u_prbs_ber_chip_top/u_csr_regbank/run_count_reg_reg[23] calls port VDD not declared in module DFKCNQD1BWP7T
Warning: prbs_ber_pad_top/u_prbs_ber_chip_top/u_csr_regbank/run_count_reg_reg[24] calls port VSS not declared in module DFKCNQD1BWP7T
Warning: prbs_ber_pad_top/u_prbs_ber_chip_top/u_csr_regbank/run_count_reg_reg[24] calls port VDD not declared in module DFKCNQD1BWP7T
Warning: prbs_ber_pad_top/u_prbs_ber_chip_top/u_csr_regbank/run_count_reg_reg[25] calls port VSS not declared in module DFKCNQD1BWP7T
Warning: prbs_ber_pad_top/u_prbs_ber_chip_top/u_csr_regbank/run_count_reg_reg[25] calls port VDD not declared in module DFKCNQD1BWP7T
Warning: prbs_ber_pad_top/u_prbs_ber_chip_top/u_csr_regbank/run_count_reg_reg[26] calls port VSS not declared in module DFKCNQD1BWP7T
Warning: prbs_ber_pad_top/u_prbs_ber_chip_top/u_csr_regbank/run_count_reg_reg[26] calls port VDD not declared in module DFKCNQD1BWP7T
Warning: prbs_ber_pad_top/u_prbs_ber_chip_top/u_csr_regbank/run_count_reg_reg[27] calls port VSS not declared in module DFKCNQD1BWP7T
Warning: prbs_ber_pad_top/u_prbs_ber_chip_top/u_csr_regbank/run_count_reg_reg[27] calls port VDD not declared in module DFKCNQD1BWP7T
Warning: prbs_ber_pad_top/u_prbs_ber_chip_top/u_csr_regbank/run_count_reg_reg[28] calls port VSS not declared in module DFKCNQD1BWP7T
Warning: prbs_ber_pad_top/u_prbs_ber_chip_top/u_csr_regbank/run_count_reg_reg[28] calls port VDD not declared in module DFKCNQD1BWP7T
Warning: prbs_ber_pad_top/u_prbs_ber_chip_top/u_csr_regbank/run_count_reg_reg[29] calls port VSS not declared in module DFKCNQD1BWP7T
Warning: prbs_ber_pad_top/u_prbs_ber_chip_top/u_csr_regbank/run_count_reg_reg[29] calls port VDD not declared in module DFKCNQD1BWP7T
Warning: prbs_ber_pad_top/u_prbs_ber_chip_top/u_csr_regbank/run_count_reg_reg[30] calls port VSS not declared in module DFKCNQD1BWP7T
Warning: prbs_ber_pad_top/u_prbs_ber_chip_top/u_csr_regbank/run_count_reg_reg[30] calls port VDD not declared in module DFKCNQD1BWP7T
Warning: prbs_ber_pad_top/u_prbs_ber_chip_top/u_csr_regbank/run_count_reg_reg[31] calls port VSS not declared in module DFKCNQD1BWP7T
Warning: prbs_ber_pad_top/u_prbs_ber_chip_top/u_csr_regbank/run_count_reg_reg[31] calls port VDD not declared in module DFKCNQD1BWP7T
Warning: prbs_ber_pad_top/u_prbs_ber_chip_top/u_csr_regbank/sticky_done_reg_reg calls port VSS not declared in module EDFKCNQD1BWP7T
Warning: prbs_ber_pad_top/u_prbs_ber_chip_top/u_csr_regbank/sticky_done_reg_reg calls port VDD not declared in module EDFKCNQD1BWP7T
Warning: prbs_ber_pad_top/u_prbs_ber_chip_top/u_csr_regbank/sticky_error_seen_reg_reg calls port VSS not declared in module EDFKCNQD1BWP7T
Warning: prbs_ber_pad_top/u_prbs_ber_chip_top/u_csr_regbank/sticky_error_seen_reg_reg calls port VDD not declared in module EDFKCNQD1BWP7T
Warning: prbs_ber_pad_top/u_prbs_ber_chip_top/u_csr_regbank/sticky_overflow_reg_reg calls port VSS not declared in module EDFKCNQD1BWP7T
Warning: prbs_ber_pad_top/u_prbs_ber_chip_top/u_csr_regbank/sticky_overflow_reg_reg calls port VDD not declared in module EDFKCNQD1BWP7T
Warning: prbs_ber_pad_top/u_prbs_ber_chip_top/u_csr_regbank/g8579__2398 calls port VSS not declared in module INR2D1BWP7T
Warning: prbs_ber_pad_top/u_prbs_ber_chip_top/u_csr_regbank/g8579__2398 calls port VDD not declared in module INR2D1BWP7T
Warning: prbs_ber_pad_top/u_prbs_ber_chip_top/u_csr_regbank/g8580__5107 calls port VSS not declared in module INR2D1BWP7T
Warning: prbs_ber_pad_top/u_prbs_ber_chip_top/u_csr_regbank/g8580__5107 calls port VDD not declared in module INR2D1BWP7T
Warning: prbs_ber_pad_top/u_prbs_ber_chip_top/u_csr_regbank/g8581__6260 calls port VSS not declared in module INR2XD0BWP7T
Warning: prbs_ber_pad_top/u_prbs_ber_chip_top/u_csr_regbank/g8581__6260 calls port VDD not declared in module INR2XD0BWP7T
Warning: prbs_ber_pad_top/u_prbs_ber_chip_top/u_csr_regbank/g8582__4319 calls port VSS not declared in module AN2D1BWP7T
Warning: prbs_ber_pad_top/u_prbs_ber_chip_top/u_csr_regbank/g8582__4319 calls port VDD not declared in module AN2D1BWP7T
Warning: prbs_ber_pad_top/u_prbs_ber_chip_top/u_csr_regbank/g8583__8428 calls port VSS not declared in module INR2D1BWP7T
Warning: prbs_ber_pad_top/u_prbs_ber_chip_top/u_csr_regbank/g8583__8428 calls port VDD not declared in module INR2D1BWP7T
Warning: prbs_ber_pad_top/u_prbs_ber_chip_top/u_csr_regbank/g8584__5526 calls port VSS not declared in module INR2D1BWP7T
Warning: prbs_ber_pad_top/u_prbs_ber_chip_top/u_csr_regbank/g8584__5526 calls port VDD not declared in module INR2D1BWP7T
Warning: prbs_ber_pad_top/u_prbs_ber_chip_top/u_csr_regbank/g8585__6783 calls port VSS not declared in module INR2D1BWP7T
Warning: prbs_ber_pad_top/u_prbs_ber_chip_top/u_csr_regbank/g8585__6783 calls port VDD not declared in module INR2D1BWP7T
Warning: prbs_ber_pad_top/u_prbs_ber_chip_top/u_csr_regbank/g8586__3680 calls port VSS not declared in module INR2XD0BWP7T
Warning: prbs_ber_pad_top/u_prbs_ber_chip_top/u_csr_regbank/g8586__3680 calls port VDD not declared in module INR2XD0BWP7T
Warning: prbs_ber_pad_top/u_prbs_ber_chip_top/u_csr_regbank/g8587__1617 calls port VSS not declared in module INR2D1BWP7T
Warning: prbs_ber_pad_top/u_prbs_ber_chip_top/u_csr_regbank/g8587__1617 calls port VDD not declared in module INR2D1BWP7T
Warning: prbs_ber_pad_top/u_prbs_ber_chip_top/u_csr_regbank/g8588__2802 calls port VSS not declared in module INR2D1BWP7T
Warning: prbs_ber_pad_top/u_prbs_ber_chip_top/u_csr_regbank/g8588__2802 calls port VDD not declared in module INR2D1BWP7T
Warning: prbs_ber_pad_top/u_prbs_ber_chip_top/u_csr_regbank/g8589__1705 calls port VSS not declared in module INR2D1BWP7T
Warning: prbs_ber_pad_top/u_prbs_ber_chip_top/u_csr_regbank/g8589__1705 calls port VDD not declared in module INR2D1BWP7T
Warning: prbs_ber_pad_top/u_prbs_ber_chip_top/u_csr_regbank/g8590__5122 calls port VSS not declared in module INR2D1BWP7T
Warning: prbs_ber_pad_top/u_prbs_ber_chip_top/u_csr_regbank/g8590__5122 calls port VDD not declared in module INR2D1BWP7T
Warning: prbs_ber_pad_top/u_prbs_ber_chip_top/u_csr_regbank/g8591__8246 calls port VSS not declared in module INR2D1BWP7T
Warning: prbs_ber_pad_top/u_prbs_ber_chip_top/u_csr_regbank/g8591__8246 calls port VDD not declared in module INR2D1BWP7T
Warning: prbs_ber_pad_top/u_prbs_ber_chip_top/u_csr_regbank/g8592__7098 calls port VSS not declared in module INR2D1BWP7T
Warning: prbs_ber_pad_top/u_prbs_ber_chip_top/u_csr_regbank/g8592__7098 calls port VDD not declared in module INR2D1BWP7T
Warning: prbs_ber_pad_top/u_prbs_ber_chip_top/u_csr_regbank/g8593__6131 calls port VSS not declared in module NR2D1BWP7T
Warning: prbs_ber_pad_top/u_prbs_ber_chip_top/u_csr_regbank/g8593__6131 calls port VDD not declared in module NR2D1BWP7T
Warning: prbs_ber_pad_top/u_prbs_ber_chip_top/u_csr_regbank/g8594__1881 calls port VSS not declared in module INR2D1BWP7T
Warning: prbs_ber_pad_top/u_prbs_ber_chip_top/u_csr_regbank/g8594__1881 calls port VDD not declared in module INR2D1BWP7T
Warning: prbs_ber_pad_top/u_prbs_ber_chip_top/u_csr_regbank/g8595__5115 calls port VSS not declared in module INR2D1BWP7T
Warning: prbs_ber_pad_top/u_prbs_ber_chip_top/u_csr_regbank/g8595__5115 calls port VDD not declared in module INR2D1BWP7T
Warning: prbs_ber_pad_top/u_prbs_ber_chip_top/u_csr_regbank/g8596__7482 calls port VSS not declared in module INR2D1BWP7T
Warning: prbs_ber_pad_top/u_prbs_ber_chip_top/u_csr_regbank/g8596__7482 calls port VDD not declared in module INR2D1BWP7T
Warning: prbs_ber_pad_top/u_prbs_ber_chip_top/u_csr_regbank/g8597__4733 calls port VSS not declared in module INR2D1BWP7T
Warning: prbs_ber_pad_top/u_prbs_ber_chip_top/u_csr_regbank/g8597__4733 calls port VDD not declared in module INR2D1BWP7T
Warning: prbs_ber_pad_top/u_prbs_ber_chip_top/u_csr_regbank/g8598__6161 calls port VSS not declared in module INR2D1BWP7T
Warning: prbs_ber_pad_top/u_prbs_ber_chip_top/u_csr_regbank/g8598__6161 calls port VDD not declared in module INR2D1BWP7T
Warning: prbs_ber_pad_top/u_prbs_ber_chip_top/u_csr_regbank/g8599__9315 calls port VSS not declared in module INR2D1BWP7T
Warning: prbs_ber_pad_top/u_prbs_ber_chip_top/u_csr_regbank/g8599__9315 calls port VDD not declared in module INR2D1BWP7T
Warning: prbs_ber_pad_top/u_prbs_ber_chip_top/u_csr_regbank/g8600__9945 calls port VSS not declared in module INR2D1BWP7T
Warning: prbs_ber_pad_top/u_prbs_ber_chip_top/u_csr_regbank/g8600__9945 calls port VDD not declared in module INR2D1BWP7T
Warning: prbs_ber_pad_top/u_prbs_ber_chip_top/u_csr_regbank/g8601__2883 calls port VSS not declared in module INR2D1BWP7T
Warning: prbs_ber_pad_top/u_prbs_ber_chip_top/u_csr_regbank/g8601__2883 calls port VDD not declared in module INR2D1BWP7T
Warning: prbs_ber_pad_top/u_prbs_ber_chip_top/u_csr_regbank/g8602__2346 calls port VSS not declared in module INR2D1BWP7T
Warning: prbs_ber_pad_top/u_prbs_ber_chip_top/u_csr_regbank/g8602__2346 calls port VDD not declared in module INR2D1BWP7T
Warning: prbs_ber_pad_top/u_prbs_ber_chip_top/u_csr_regbank/g8603__1666 calls port VSS not declared in module INR2D1BWP7T
Warning: prbs_ber_pad_top/u_prbs_ber_chip_top/u_csr_regbank/g8603__1666 calls port VDD not declared in module INR2D1BWP7T
Warning: prbs_ber_pad_top/u_prbs_ber_chip_top/u_csr_regbank/g8604__7410 calls port VSS not declared in module INR2D1BWP7T
Warning: prbs_ber_pad_top/u_prbs_ber_chip_top/u_csr_regbank/g8604__7410 calls port VDD not declared in module INR2D1BWP7T
Warning: prbs_ber_pad_top/u_prbs_ber_chip_top/u_csr_regbank/g8605__6417 calls port VSS not declared in module INR2D1BWP7T
Warning: prbs_ber_pad_top/u_prbs_ber_chip_top/u_csr_regbank/g8605__6417 calls port VDD not declared in module INR2D1BWP7T
Warning: prbs_ber_pad_top/u_prbs_ber_chip_top/u_csr_regbank/g8606__5477 calls port VSS not declared in module INR2D1BWP7T
Warning: prbs_ber_pad_top/u_prbs_ber_chip_top/u_csr_regbank/g8606__5477 calls port VDD not declared in module INR2D1BWP7T
Warning: prbs_ber_pad_top/u_prbs_ber_chip_top/u_csr_regbank/g8607__2398 calls port VSS not declared in module NR2XD0BWP7T
Warning: prbs_ber_pad_top/u_prbs_ber_chip_top/u_csr_regbank/g8607__2398 calls port VDD not declared in module NR2XD0BWP7T
Warning: prbs_ber_pad_top/u_prbs_ber_chip_top/u_csr_regbank/g8608__5107 calls port VSS not declared in module INR2XD0BWP7T
Warning: prbs_ber_pad_top/u_prbs_ber_chip_top/u_csr_regbank/g8608__5107 calls port VDD not declared in module INR2XD0BWP7T
Warning: prbs_ber_pad_top/u_prbs_ber_chip_top/u_csr_regbank/g8609__6260 calls port VSS not declared in module INR2D1BWP7T
Warning: prbs_ber_pad_top/u_prbs_ber_chip_top/u_csr_regbank/g8609__6260 calls port VDD not declared in module INR2D1BWP7T
Warning: prbs_ber_pad_top/u_prbs_ber_chip_top/u_csr_regbank/g8610__4319 calls port VSS not declared in module INR2D1BWP7T
Warning: prbs_ber_pad_top/u_prbs_ber_chip_top/u_csr_regbank/g8610__4319 calls port VDD not declared in module INR2D1BWP7T
Warning: prbs_ber_pad_top/u_prbs_ber_chip_top/u_csr_regbank/g8611__8428 calls port VSS not declared in module INR2D1BWP7T
Warning: prbs_ber_pad_top/u_prbs_ber_chip_top/u_csr_regbank/g8611__8428 calls port VDD not declared in module INR2D1BWP7T
Warning: prbs_ber_pad_top/u_prbs_ber_chip_top/u_csr_regbank/g8612__5526 calls port VSS not declared in module INR2D1BWP7T
Warning: prbs_ber_pad_top/u_prbs_ber_chip_top/u_csr_regbank/g8612__5526 calls port VDD not declared in module INR2D1BWP7T
Warning: prbs_ber_pad_top/u_prbs_ber_chip_top/u_csr_regbank/g8613__6783 calls port VSS not declared in module INR2XD0BWP7T
Warning: prbs_ber_pad_top/u_prbs_ber_chip_top/u_csr_regbank/g8613__6783 calls port VDD not declared in module INR2XD0BWP7T
Warning: prbs_ber_pad_top/u_prbs_ber_chip_top/u_csr_regbank/g8614__3680 calls port VSS not declared in module INR2XD0BWP7T
Warning: prbs_ber_pad_top/u_prbs_ber_chip_top/u_csr_regbank/g8614__3680 calls port VDD not declared in module INR2XD0BWP7T
Warning: prbs_ber_pad_top/u_prbs_ber_chip_top/u_csr_regbank/g8615__1617 calls port VSS not declared in module INR2XD0BWP7T
Warning: prbs_ber_pad_top/u_prbs_ber_chip_top/u_csr_regbank/g8615__1617 calls port VDD not declared in module INR2XD0BWP7T
Warning: prbs_ber_pad_top/u_prbs_ber_chip_top/u_csr_regbank/g8616__2802 calls port VSS not declared in module INR2D1BWP7T
Warning: prbs_ber_pad_top/u_prbs_ber_chip_top/u_csr_regbank/g8616__2802 calls port VDD not declared in module INR2D1BWP7T
Warning: prbs_ber_pad_top/u_prbs_ber_chip_top/u_csr_regbank/g8617__1705 calls port VSS not declared in module INR2XD0BWP7T
Warning: prbs_ber_pad_top/u_prbs_ber_chip_top/u_csr_regbank/g8617__1705 calls port VDD not declared in module INR2XD0BWP7T
Warning: prbs_ber_pad_top/u_prbs_ber_chip_top/u_csr_regbank/g8618__5122 calls port VSS not declared in module INR2D1BWP7T
Warning: prbs_ber_pad_top/u_prbs_ber_chip_top/u_csr_regbank/g8618__5122 calls port VDD not declared in module INR2D1BWP7T
Warning: prbs_ber_pad_top/u_prbs_ber_chip_top/u_csr_regbank/g8619__8246 calls port VSS not declared in module INR2XD0BWP7T
Warning: prbs_ber_pad_top/u_prbs_ber_chip_top/u_csr_regbank/g8619__8246 calls port VDD not declared in module INR2XD0BWP7T
Warning: prbs_ber_pad_top/u_prbs_ber_chip_top/u_csr_regbank/g8620__7098 calls port VSS not declared in module INR2XD0BWP7T
Warning: prbs_ber_pad_top/u_prbs_ber_chip_top/u_csr_regbank/g8620__7098 calls port VDD not declared in module INR2XD0BWP7T
Warning: prbs_ber_pad_top/u_prbs_ber_chip_top/u_csr_regbank/g8621__6131 calls port VSS not declared in module INR2D1BWP7T
Warning: prbs_ber_pad_top/u_prbs_ber_chip_top/u_csr_regbank/g8621__6131 calls port VDD not declared in module INR2D1BWP7T
Warning: prbs_ber_pad_top/u_prbs_ber_chip_top/u_csr_regbank/g8622__1881 calls port VSS not declared in module INR2D1BWP7T
Warning: prbs_ber_pad_top/u_prbs_ber_chip_top/u_csr_regbank/g8622__1881 calls port VDD not declared in module INR2D1BWP7T
Warning: prbs_ber_pad_top/u_prbs_ber_chip_top/u_csr_regbank/g8623__5115 calls port VSS not declared in module INR2D1BWP7T
Warning: prbs_ber_pad_top/u_prbs_ber_chip_top/u_csr_regbank/g8623__5115 calls port VDD not declared in module INR2D1BWP7T
Warning: prbs_ber_pad_top/u_prbs_ber_chip_top/u_csr_regbank/g8624__7482 calls port VSS not declared in module INR2XD0BWP7T
Warning: prbs_ber_pad_top/u_prbs_ber_chip_top/u_csr_regbank/g8624__7482 calls port VDD not declared in module INR2XD0BWP7T
Warning: prbs_ber_pad_top/u_prbs_ber_chip_top/u_csr_regbank/g8625__4733 calls port VSS not declared in module INR2D1BWP7T
Warning: prbs_ber_pad_top/u_prbs_ber_chip_top/u_csr_regbank/g8625__4733 calls port VDD not declared in module INR2D1BWP7T
Warning: prbs_ber_pad_top/u_prbs_ber_chip_top/u_csr_regbank/g8626__6161 calls port VSS not declared in module OR2D1BWP7T
Warning: prbs_ber_pad_top/u_prbs_ber_chip_top/u_csr_regbank/g8626__6161 calls port VDD not declared in module OR2D1BWP7T
Warning: prbs_ber_pad_top/u_prbs_ber_chip_top/u_csr_regbank/g8627__9315 calls port VSS not declared in module IND2D1BWP7T
Warning: prbs_ber_pad_top/u_prbs_ber_chip_top/u_csr_regbank/g8627__9315 calls port VDD not declared in module IND2D1BWP7T
Warning: prbs_ber_pad_top/u_prbs_ber_chip_top/u_csr_regbank/g8628__9945 calls port VSS not declared in module OR2D1BWP7T
Warning: prbs_ber_pad_top/u_prbs_ber_chip_top/u_csr_regbank/g8628__9945 calls port VDD not declared in module OR2D1BWP7T
Warning: prbs_ber_pad_top/u_prbs_ber_chip_top/u_csr_regbank/g8629__2883 calls port VSS not declared in module INR2XD0BWP7T
Warning: prbs_ber_pad_top/u_prbs_ber_chip_top/u_csr_regbank/g8629__2883 calls port VDD not declared in module INR2XD0BWP7T
Warning: prbs_ber_pad_top/u_prbs_ber_chip_top/u_csr_regbank/g8630__2346 calls port VSS not declared in module INR2D1BWP7T
Warning: prbs_ber_pad_top/u_prbs_ber_chip_top/u_csr_regbank/g8630__2346 calls port VDD not declared in module INR2D1BWP7T
Warning: prbs_ber_pad_top/u_prbs_ber_chip_top/u_csr_regbank/g8631__1666 calls port VSS not declared in module INR2D1BWP7T
Warning: prbs_ber_pad_top/u_prbs_ber_chip_top/u_csr_regbank/g8631__1666 calls port VDD not declared in module INR2D1BWP7T
Warning: prbs_ber_pad_top/u_prbs_ber_chip_top/u_csr_regbank/g8632__7410 calls port VSS not declared in module INR2D1BWP7T
Warning: prbs_ber_pad_top/u_prbs_ber_chip_top/u_csr_regbank/g8632__7410 calls port VDD not declared in module INR2D1BWP7T
Warning: prbs_ber_pad_top/u_prbs_ber_chip_top/u_csr_regbank/g8633__6417 calls port VSS not declared in module INR2D1BWP7T
Warning: prbs_ber_pad_top/u_prbs_ber_chip_top/u_csr_regbank/g8633__6417 calls port VDD not declared in module INR2D1BWP7T
Warning: prbs_ber_pad_top/u_prbs_ber_chip_top/u_csr_regbank/g8634__5477 calls port VSS not declared in module AN2D1BWP7T
Warning: prbs_ber_pad_top/u_prbs_ber_chip_top/u_csr_regbank/g8634__5477 calls port VDD not declared in module AN2D1BWP7T
Warning: prbs_ber_pad_top/u_prbs_ber_chip_top/u_csr_regbank/g8635__2398 calls port VSS not declared in module INR2D1BWP7T
Warning: prbs_ber_pad_top/u_prbs_ber_chip_top/u_csr_regbank/g8635__2398 calls port VDD not declared in module INR2D1BWP7T
Warning: prbs_ber_pad_top/u_prbs_ber_chip_top/u_csr_regbank/g8636__5107 calls port VSS not declared in module INR2D1BWP7T
Warning: prbs_ber_pad_top/u_prbs_ber_chip_top/u_csr_regbank/g8636__5107 calls port VDD not declared in module INR2D1BWP7T
Warning: prbs_ber_pad_top/u_prbs_ber_chip_top/u_csr_regbank/g8637__6260 calls port VSS not declared in module INR2D1BWP7T
Warning: prbs_ber_pad_top/u_prbs_ber_chip_top/u_csr_regbank/g8637__6260 calls port VDD not declared in module INR2D1BWP7T
Warning: prbs_ber_pad_top/u_prbs_ber_chip_top/u_csr_regbank/g8638__4319 calls port VSS not declared in module INR2D1BWP7T
Warning: prbs_ber_pad_top/u_prbs_ber_chip_top/u_csr_regbank/g8638__4319 calls port VDD not declared in module INR2D1BWP7T
Warning: prbs_ber_pad_top/u_prbs_ber_chip_top/u_csr_regbank/g8639__8428 calls port VSS not declared in module INR2D1BWP7T
Warning: prbs_ber_pad_top/u_prbs_ber_chip_top/u_csr_regbank/g8639__8428 calls port VDD not declared in module INR2D1BWP7T
Warning: prbs_ber_pad_top/u_prbs_ber_chip_top/u_csr_regbank/g8640__5526 calls port VSS not declared in module INR2D1BWP7T
Warning: prbs_ber_pad_top/u_prbs_ber_chip_top/u_csr_regbank/g8640__5526 calls port VDD not declared in module INR2D1BWP7T
Warning: prbs_ber_pad_top/u_prbs_ber_chip_top/u_csr_regbank/g8641__6783 calls port VSS not declared in module INR2D1BWP7T
Warning: prbs_ber_pad_top/u_prbs_ber_chip_top/u_csr_regbank/g8641__6783 calls port VDD not declared in module INR2D1BWP7T
Warning: prbs_ber_pad_top/u_prbs_ber_chip_top/u_csr_regbank/g8642__3680 calls port VSS not declared in module INR2D1BWP7T
Warning: prbs_ber_pad_top/u_prbs_ber_chip_top/u_csr_regbank/g8642__3680 calls port VDD not declared in module INR2D1BWP7T
Warning: prbs_ber_pad_top/u_prbs_ber_chip_top/u_csr_regbank/g8643__1617 calls port VSS not declared in module INR2D1BWP7T
Warning: prbs_ber_pad_top/u_prbs_ber_chip_top/u_csr_regbank/g8643__1617 calls port VDD not declared in module INR2D1BWP7T
Warning: prbs_ber_pad_top/u_prbs_ber_chip_top/u_csr_regbank/g8644__2802 calls port VSS not declared in module AN2D1BWP7T
Warning: prbs_ber_pad_top/u_prbs_ber_chip_top/u_csr_regbank/g8644__2802 calls port VDD not declared in module AN2D1BWP7T
Warning: prbs_ber_pad_top/u_prbs_ber_chip_top/u_csr_regbank/g8645__1705 calls port VSS not declared in module INR2D1BWP7T
Warning: prbs_ber_pad_top/u_prbs_ber_chip_top/u_csr_regbank/g8645__1705 calls port VDD not declared in module INR2D1BWP7T
Warning: prbs_ber_pad_top/u_prbs_ber_chip_top/u_csr_regbank/g8646__5122 calls port VSS not declared in module INR2D1BWP7T
Warning: prbs_ber_pad_top/u_prbs_ber_chip_top/u_csr_regbank/g8646__5122 calls port VDD not declared in module INR2D1BWP7T
Warning: prbs_ber_pad_top/u_prbs_ber_chip_top/u_csr_regbank/g8647__8246 calls port VSS not declared in module AN2D1BWP7T
Warning: prbs_ber_pad_top/u_prbs_ber_chip_top/u_csr_regbank/g8647__8246 calls port VDD not declared in module AN2D1BWP7T
Warning: prbs_ber_pad_top/u_prbs_ber_chip_top/u_csr_regbank/g8648__7098 calls port VSS not declared in module NR2XD0BWP7T
Warning: prbs_ber_pad_top/u_prbs_ber_chip_top/u_csr_regbank/g8648__7098 calls port VDD not declared in module NR2XD0BWP7T
Warning: prbs_ber_pad_top/u_prbs_ber_chip_top/u_csr_regbank/g8649__6131 calls port VSS not declared in module INR2XD0BWP7T
Warning: prbs_ber_pad_top/u_prbs_ber_chip_top/u_csr_regbank/g8649__6131 calls port VDD not declared in module INR2XD0BWP7T
Warning: prbs_ber_pad_top/u_prbs_ber_chip_top/u_csr_regbank/g8650__1881 calls port VSS not declared in module AN2D1BWP7T
Warning: prbs_ber_pad_top/u_prbs_ber_chip_top/u_csr_regbank/g8650__1881 calls port VDD not declared in module AN2D1BWP7T
Warning: prbs_ber_pad_top/u_prbs_ber_chip_top/u_csr_regbank/g8651__5115 calls port VSS not declared in module INR2D1BWP7T
Warning: prbs_ber_pad_top/u_prbs_ber_chip_top/u_csr_regbank/g8651__5115 calls port VDD not declared in module INR2D1BWP7T
Warning: prbs_ber_pad_top/u_prbs_ber_chip_top/u_csr_regbank/g8652__7482 calls port VSS not declared in module AN2D1BWP7T
Warning: prbs_ber_pad_top/u_prbs_ber_chip_top/u_csr_regbank/g8652__7482 calls port VDD not declared in module AN2D1BWP7T
Warning: prbs_ber_pad_top/u_prbs_ber_chip_top/u_csr_regbank/g8653__4733 calls port VSS not declared in module AN2D1BWP7T
Warning: prbs_ber_pad_top/u_prbs_ber_chip_top/u_csr_regbank/g8653__4733 calls port VDD not declared in module AN2D1BWP7T
Warning: prbs_ber_pad_top/u_prbs_ber_chip_top/u_csr_regbank/g8654__6161 calls port VSS not declared in module NR2D1BWP7T
Warning: prbs_ber_pad_top/u_prbs_ber_chip_top/u_csr_regbank/g8654__6161 calls port VDD not declared in module NR2D1BWP7T
Warning: prbs_ber_pad_top/u_prbs_ber_chip_top/u_csr_regbank/g8655__9315 calls port VSS not declared in module INR2XD0BWP7T
Warning: prbs_ber_pad_top/u_prbs_ber_chip_top/u_csr_regbank/g8655__9315 calls port VDD not declared in module INR2XD0BWP7T
Warning: prbs_ber_pad_top/u_prbs_ber_chip_top/u_csr_regbank/g8656__9945 calls port VSS not declared in module INR2D1BWP7T
Warning: prbs_ber_pad_top/u_prbs_ber_chip_top/u_csr_regbank/g8656__9945 calls port VDD not declared in module INR2D1BWP7T
Warning: prbs_ber_pad_top/u_prbs_ber_chip_top/u_csr_regbank/g8657__2883 calls port VSS not declared in module AN2D1BWP7T
Warning: prbs_ber_pad_top/u_prbs_ber_chip_top/u_csr_regbank/g8657__2883 calls port VDD not declared in module AN2D1BWP7T
Warning: prbs_ber_pad_top/u_prbs_ber_chip_top/u_csr_regbank/g8658__2346 calls port VSS not declared in module AN2D1BWP7T
Warning: prbs_ber_pad_top/u_prbs_ber_chip_top/u_csr_regbank/g8658__2346 calls port VDD not declared in module AN2D1BWP7T
Warning: prbs_ber_pad_top/u_prbs_ber_chip_top/u_csr_regbank/g8659__1666 calls port VSS not declared in module INR2D1BWP7T
Warning: prbs_ber_pad_top/u_prbs_ber_chip_top/u_csr_regbank/g8659__1666 calls port VDD not declared in module INR2D1BWP7T
Warning: prbs_ber_pad_top/u_prbs_ber_chip_top/u_csr_regbank/g8660__7410 calls port VSS not declared in module AN2D1BWP7T
Warning: prbs_ber_pad_top/u_prbs_ber_chip_top/u_csr_regbank/g8660__7410 calls port VDD not declared in module AN2D1BWP7T
Warning: prbs_ber_pad_top/u_prbs_ber_chip_top/u_csr_regbank/g8661__6417 calls port VSS not declared in module AN2D1BWP7T
Warning: prbs_ber_pad_top/u_prbs_ber_chip_top/u_csr_regbank/g8661__6417 calls port VDD not declared in module AN2D1BWP7T
Warning: prbs_ber_pad_top/u_prbs_ber_chip_top/u_csr_regbank/g8662__5477 calls port VSS not declared in module INR2D1BWP7T
Warning: prbs_ber_pad_top/u_prbs_ber_chip_top/u_csr_regbank/g8662__5477 calls port VDD not declared in module INR2D1BWP7T
Warning: prbs_ber_pad_top/u_prbs_ber_chip_top/u_csr_regbank/g8663__2398 calls port VSS not declared in module INR2D1BWP7T
Warning: prbs_ber_pad_top/u_prbs_ber_chip_top/u_csr_regbank/g8663__2398 calls port VDD not declared in module INR2D1BWP7T
Warning: prbs_ber_pad_top/u_prbs_ber_chip_top/u_csr_regbank/g8664__5107 calls port VSS not declared in module AN2D1BWP7T
Warning: prbs_ber_pad_top/u_prbs_ber_chip_top/u_csr_regbank/g8664__5107 calls port VDD not declared in module AN2D1BWP7T
Warning: prbs_ber_pad_top/u_prbs_ber_chip_top/u_csr_regbank/g8665__6260 calls port VSS not declared in module INR2D1BWP7T
Warning: prbs_ber_pad_top/u_prbs_ber_chip_top/u_csr_regbank/g8665__6260 calls port VDD not declared in module INR2D1BWP7T
Warning: prbs_ber_pad_top/u_prbs_ber_chip_top/u_csr_regbank/g8666__4319 calls port VSS not declared in module AN2D1BWP7T
Warning: prbs_ber_pad_top/u_prbs_ber_chip_top/u_csr_regbank/g8666__4319 calls port VDD not declared in module AN2D1BWP7T
Warning: prbs_ber_pad_top/u_prbs_ber_chip_top/u_csr_regbank/g8667__8428 calls port VSS not declared in module AN2D1BWP7T
Warning: prbs_ber_pad_top/u_prbs_ber_chip_top/u_csr_regbank/g8667__8428 calls port VDD not declared in module AN2D1BWP7T
Warning: prbs_ber_pad_top/u_prbs_ber_chip_top/u_csr_regbank/g8668__5526 calls port VSS not declared in module AN2D1BWP7T
Warning: prbs_ber_pad_top/u_prbs_ber_chip_top/u_csr_regbank/g8668__5526 calls port VDD not declared in module AN2D1BWP7T
Warning: prbs_ber_pad_top/u_prbs_ber_chip_top/u_csr_regbank/g8669__6783 calls port VSS not declared in module INR2D1BWP7T
Warning: prbs_ber_pad_top/u_prbs_ber_chip_top/u_csr_regbank/g8669__6783 calls port VDD not declared in module INR2D1BWP7T
Warning: prbs_ber_pad_top/u_prbs_ber_chip_top/u_csr_regbank/g8670__3680 calls port VSS not declared in module AN2D1BWP7T
Warning: prbs_ber_pad_top/u_prbs_ber_chip_top/u_csr_regbank/g8670__3680 calls port VDD not declared in module AN2D1BWP7T
Warning: prbs_ber_pad_top/u_prbs_ber_chip_top/u_csr_regbank/g8671__1617 calls port VSS not declared in module INR2D1BWP7T
Warning: prbs_ber_pad_top/u_prbs_ber_chip_top/u_csr_regbank/g8671__1617 calls port VDD not declared in module INR2D1BWP7T
Warning: prbs_ber_pad_top/u_prbs_ber_chip_top/u_csr_regbank/g8672__2802 calls port VSS not declared in module AN2D1BWP7T
Warning: prbs_ber_pad_top/u_prbs_ber_chip_top/u_csr_regbank/g8672__2802 calls port VDD not declared in module AN2D1BWP7T
Warning: prbs_ber_pad_top/u_prbs_ber_chip_top/u_csr_regbank/g8673__1705 calls port VSS not declared in module INR2D1BWP7T
Warning: prbs_ber_pad_top/u_prbs_ber_chip_top/u_csr_regbank/g8673__1705 calls port VDD not declared in module INR2D1BWP7T
Warning: prbs_ber_pad_top/u_prbs_ber_chip_top/u_csr_regbank/g8674__5122 calls port VSS not declared in module AN2D1BWP7T
Warning: prbs_ber_pad_top/u_prbs_ber_chip_top/u_csr_regbank/g8674__5122 calls port VDD not declared in module AN2D1BWP7T
Warning: prbs_ber_pad_top/u_prbs_ber_chip_top/u_csr_regbank/g8675__8246 calls port VSS not declared in module INR2D1BWP7T
Warning: prbs_ber_pad_top/u_prbs_ber_chip_top/u_csr_regbank/g8675__8246 calls port VDD not declared in module INR2D1BWP7T
Warning: prbs_ber_pad_top/u_prbs_ber_chip_top/u_csr_regbank/g8676__7098 calls port VSS not declared in module AN2D1BWP7T
Warning: prbs_ber_pad_top/u_prbs_ber_chip_top/u_csr_regbank/g8676__7098 calls port VDD not declared in module AN2D1BWP7T
Warning: prbs_ber_pad_top/u_prbs_ber_chip_top/u_csr_regbank/g8677__6131 calls port VSS not declared in module INR2D1BWP7T
Warning: prbs_ber_pad_top/u_prbs_ber_chip_top/u_csr_regbank/g8677__6131 calls port VDD not declared in module INR2D1BWP7T
Warning: prbs_ber_pad_top/u_prbs_ber_chip_top/u_csr_regbank/g8678__1881 calls port VSS not declared in module AN2D1BWP7T
Warning: prbs_ber_pad_top/u_prbs_ber_chip_top/u_csr_regbank/g8678__1881 calls port VDD not declared in module AN2D1BWP7T
Warning: prbs_ber_pad_top/u_prbs_ber_chip_top/u_csr_regbank/g8679__5115 calls port VSS not declared in module INR2D1BWP7T
Warning: prbs_ber_pad_top/u_prbs_ber_chip_top/u_csr_regbank/g8679__5115 calls port VDD not declared in module INR2D1BWP7T
Warning: prbs_ber_pad_top/u_prbs_ber_chip_top/u_csr_regbank/seed_load_pulse_reg calls port VSS not declared in module DFKCNQD1BWP7T
Warning: prbs_ber_pad_top/u_prbs_ber_chip_top/u_csr_regbank/seed_load_pulse_reg calls port VDD not declared in module DFKCNQD1BWP7T
Warning: prbs_ber_pad_top/u_prbs_ber_chip_top/u_csr_regbank/stop_pulse_reg calls port VSS not declared in module DFKCNQD1BWP7T
Warning: prbs_ber_pad_top/u_prbs_ber_chip_top/u_csr_regbank/stop_pulse_reg calls port VDD not declared in module DFKCNQD1BWP7T
Warning: prbs_ber_pad_top/u_prbs_ber_chip_top/u_csr_regbank/start_pulse_reg calls port VSS not declared in module DFKCNQD1BWP7T
Warning: prbs_ber_pad_top/u_prbs_ber_chip_top/u_csr_regbank/start_pulse_reg calls port VDD not declared in module DFKCNQD1BWP7T
Warning: prbs_ber_pad_top/u_prbs_ber_chip_top/u_csr_regbank/manual_clear_pulse_reg calls port VSS not declared in module DFKCNQD1BWP7T
Warning: prbs_ber_pad_top/u_prbs_ber_chip_top/u_csr_regbank/manual_clear_pulse_reg calls port VDD not declared in module DFKCNQD1BWP7T
Warning: prbs_ber_pad_top/u_prbs_ber_chip_top/u_csr_regbank/window_reg_reg[2] calls port VSS not declared in module DFKSND1BWP7T
Warning: prbs_ber_pad_top/u_prbs_ber_chip_top/u_csr_regbank/window_reg_reg[2] calls port VDD not declared in module DFKSND1BWP7T
Warning: prbs_ber_pad_top/u_prbs_ber_chip_top/u_csr_regbank/window_reg_reg[4] calls port VSS not declared in module DFKSND1BWP7T
Warning: prbs_ber_pad_top/u_prbs_ber_chip_top/u_csr_regbank/window_reg_reg[4] calls port VDD not declared in module DFKSND1BWP7T
Warning: prbs_ber_pad_top/u_prbs_ber_chip_top/u_csr_regbank/seed_reg_reg[0] calls port VSS not declared in module DFKSND1BWP7T
Warning: prbs_ber_pad_top/u_prbs_ber_chip_top/u_csr_regbank/seed_reg_reg[0] calls port VDD not declared in module DFKSND1BWP7T
Warning: prbs_ber_pad_top/u_prbs_ber_chip_top/u_csr_regbank/seed_reg_reg[9] calls port VSS not declared in module DFKCNQD1BWP7T
Warning: prbs_ber_pad_top/u_prbs_ber_chip_top/u_csr_regbank/seed_reg_reg[9] calls port VDD not declared in module DFKCNQD1BWP7T
Warning: prbs_ber_pad_top/u_prbs_ber_chip_top/u_csr_regbank/seed_reg_reg[10] calls port VSS not declared in module DFKCNQD1BWP7T
Warning: prbs_ber_pad_top/u_prbs_ber_chip_top/u_csr_regbank/seed_reg_reg[10] calls port VDD not declared in module DFKCNQD1BWP7T
Warning: prbs_ber_pad_top/u_prbs_ber_chip_top/u_csr_regbank/seed_reg_reg[11] calls port VSS not declared in module DFKCNQD1BWP7T
Warning: prbs_ber_pad_top/u_prbs_ber_chip_top/u_csr_regbank/seed_reg_reg[11] calls port VDD not declared in module DFKCNQD1BWP7T
Warning: prbs_ber_pad_top/u_prbs_ber_chip_top/u_csr_regbank/seed_reg_reg[12] calls port VSS not declared in module DFKCNQD1BWP7T
Warning: prbs_ber_pad_top/u_prbs_ber_chip_top/u_csr_regbank/seed_reg_reg[12] calls port VDD not declared in module DFKCNQD1BWP7T
Warning: prbs_ber_pad_top/u_prbs_ber_chip_top/u_csr_regbank/seed_reg_reg[13] calls port VSS not declared in module DFKCNQD1BWP7T
Warning: prbs_ber_pad_top/u_prbs_ber_chip_top/u_csr_regbank/seed_reg_reg[13] calls port VDD not declared in module DFKCNQD1BWP7T
Warning: prbs_ber_pad_top/u_prbs_ber_chip_top/u_csr_regbank/seed_reg_reg[14] calls port VSS not declared in module DFKCNQD1BWP7T
Warning: prbs_ber_pad_top/u_prbs_ber_chip_top/u_csr_regbank/seed_reg_reg[14] calls port VDD not declared in module DFKCNQD1BWP7T
Warning: prbs_ber_pad_top/u_prbs_ber_chip_top/u_csr_regbank/seed_reg_reg[8] calls port VSS not declared in module DFKCNQD1BWP7T
Warning: prbs_ber_pad_top/u_prbs_ber_chip_top/u_csr_regbank/seed_reg_reg[8] calls port VDD not declared in module DFKCNQD1BWP7T
Warning: prbs_ber_pad_top/u_prbs_ber_chip_top/u_csr_regbank/window_reg_reg[0] calls port VSS not declared in module DFKCNQD1BWP7T
Warning: prbs_ber_pad_top/u_prbs_ber_chip_top/u_csr_regbank/window_reg_reg[0] calls port VDD not declared in module DFKCNQD1BWP7T
Warning: prbs_ber_pad_top/u_prbs_ber_chip_top/u_csr_regbank/window_reg_reg[1] calls port VSS not declared in module DFKCNQD1BWP7T
Warning: prbs_ber_pad_top/u_prbs_ber_chip_top/u_csr_regbank/window_reg_reg[1] calls port VDD not declared in module DFKCNQD1BWP7T
Warning: prbs_ber_pad_top/u_prbs_ber_chip_top/u_csr_regbank/window_reg_reg[3] calls port VSS not declared in module DFKCNQD1BWP7T
Warning: prbs_ber_pad_top/u_prbs_ber_chip_top/u_csr_regbank/window_reg_reg[3] calls port VDD not declared in module DFKCNQD1BWP7T
Warning: prbs_ber_pad_top/u_prbs_ber_chip_top/u_csr_regbank/seed_reg_reg[7] calls port VSS not declared in module DFKCNQD1BWP7T
Warning: prbs_ber_pad_top/u_prbs_ber_chip_top/u_csr_regbank/seed_reg_reg[7] calls port VDD not declared in module DFKCNQD1BWP7T
Warning: prbs_ber_pad_top/u_prbs_ber_chip_top/u_csr_regbank/window_reg_reg[5] calls port VSS not declared in module DFKCNQD1BWP7T
Warning: prbs_ber_pad_top/u_prbs_ber_chip_top/u_csr_regbank/window_reg_reg[5] calls port VDD not declared in module DFKCNQD1BWP7T
Warning: prbs_ber_pad_top/u_prbs_ber_chip_top/u_csr_regbank/window_reg_reg[6] calls port VSS not declared in module DFKCNQD1BWP7T
Warning: prbs_ber_pad_top/u_prbs_ber_chip_top/u_csr_regbank/window_reg_reg[6] calls port VDD not declared in module DFKCNQD1BWP7T
Warning: prbs_ber_pad_top/u_prbs_ber_chip_top/u_csr_regbank/window_reg_reg[7] calls port VSS not declared in module DFKCNQD1BWP7T
Warning: prbs_ber_pad_top/u_prbs_ber_chip_top/u_csr_regbank/window_reg_reg[7] calls port VDD not declared in module DFKCNQD1BWP7T
Warning: prbs_ber_pad_top/u_prbs_ber_chip_top/u_csr_regbank/window_reg_reg[8] calls port VSS not declared in module DFKCNQD1BWP7T
Warning: prbs_ber_pad_top/u_prbs_ber_chip_top/u_csr_regbank/window_reg_reg[8] calls port VDD not declared in module DFKCNQD1BWP7T
Warning: prbs_ber_pad_top/u_prbs_ber_chip_top/u_csr_regbank/window_reg_reg[9] calls port VSS not declared in module DFKCNQD1BWP7T
Warning: prbs_ber_pad_top/u_prbs_ber_chip_top/u_csr_regbank/window_reg_reg[9] calls port VDD not declared in module DFKCNQD1BWP7T
Warning: prbs_ber_pad_top/u_prbs_ber_chip_top/u_csr_regbank/window_reg_reg[10] calls port VSS not declared in module DFKCNQD1BWP7T
Warning: prbs_ber_pad_top/u_prbs_ber_chip_top/u_csr_regbank/window_reg_reg[10] calls port VDD not declared in module DFKCNQD1BWP7T
Warning: prbs_ber_pad_top/u_prbs_ber_chip_top/u_csr_regbank/window_reg_reg[11] calls port VSS not declared in module DFKCNQD1BWP7T
Warning: prbs_ber_pad_top/u_prbs_ber_chip_top/u_csr_regbank/window_reg_reg[11] calls port VDD not declared in module DFKCNQD1BWP7T
Warning: prbs_ber_pad_top/u_prbs_ber_chip_top/u_csr_regbank/window_reg_reg[12] calls port VSS not declared in module DFKCNQD1BWP7T
Warning: prbs_ber_pad_top/u_prbs_ber_chip_top/u_csr_regbank/window_reg_reg[12] calls port VDD not declared in module DFKCNQD1BWP7T
Warning: prbs_ber_pad_top/u_prbs_ber_chip_top/u_csr_regbank/window_reg_reg[13] calls port VSS not declared in module DFKCNQD1BWP7T
Warning: prbs_ber_pad_top/u_prbs_ber_chip_top/u_csr_regbank/window_reg_reg[13] calls port VDD not declared in module DFKCNQD1BWP7T
Warning: prbs_ber_pad_top/u_prbs_ber_chip_top/u_csr_regbank/window_reg_reg[14] calls port VSS not declared in module DFKCNQD1BWP7T
Warning: prbs_ber_pad_top/u_prbs_ber_chip_top/u_csr_regbank/window_reg_reg[14] calls port VDD not declared in module DFKCNQD1BWP7T
Warning: prbs_ber_pad_top/u_prbs_ber_chip_top/u_csr_regbank/window_reg_reg[15] calls port VSS not declared in module DFKCNQD1BWP7T
Warning: prbs_ber_pad_top/u_prbs_ber_chip_top/u_csr_regbank/window_reg_reg[15] calls port VDD not declared in module DFKCNQD1BWP7T
Warning: prbs_ber_pad_top/u_prbs_ber_chip_top/u_csr_regbank/window_reg_reg[16] calls port VSS not declared in module DFKCNQD1BWP7T
Warning: prbs_ber_pad_top/u_prbs_ber_chip_top/u_csr_regbank/window_reg_reg[16] calls port VDD not declared in module DFKCNQD1BWP7T
Warning: prbs_ber_pad_top/u_prbs_ber_chip_top/u_csr_regbank/window_reg_reg[17] calls port VSS not declared in module DFKCNQD1BWP7T
Warning: prbs_ber_pad_top/u_prbs_ber_chip_top/u_csr_regbank/window_reg_reg[17] calls port VDD not declared in module DFKCNQD1BWP7T
Warning: prbs_ber_pad_top/u_prbs_ber_chip_top/u_csr_regbank/window_reg_reg[18] calls port VSS not declared in module DFKCNQD1BWP7T
Warning: prbs_ber_pad_top/u_prbs_ber_chip_top/u_csr_regbank/window_reg_reg[18] calls port VDD not declared in module DFKCNQD1BWP7T
Warning: prbs_ber_pad_top/u_prbs_ber_chip_top/u_csr_regbank/window_reg_reg[19] calls port VSS not declared in module DFKCNQD1BWP7T
Warning: prbs_ber_pad_top/u_prbs_ber_chip_top/u_csr_regbank/window_reg_reg[19] calls port VDD not declared in module DFKCNQD1BWP7T
Warning: prbs_ber_pad_top/u_prbs_ber_chip_top/u_csr_regbank/window_reg_reg[20] calls port VSS not declared in module DFKCNQD1BWP7T
Warning: prbs_ber_pad_top/u_prbs_ber_chip_top/u_csr_regbank/window_reg_reg[20] calls port VDD not declared in module DFKCNQD1BWP7T
Warning: prbs_ber_pad_top/u_prbs_ber_chip_top/u_csr_regbank/window_reg_reg[21] calls port VSS not declared in module DFKCNQD1BWP7T
Warning: prbs_ber_pad_top/u_prbs_ber_chip_top/u_csr_regbank/window_reg_reg[21] calls port VDD not declared in module DFKCNQD1BWP7T
Warning: prbs_ber_pad_top/u_prbs_ber_chip_top/u_csr_regbank/ctrl_reg_reg[1] calls port VSS not declared in module DFKCNQD1BWP7T
Warning: prbs_ber_pad_top/u_prbs_ber_chip_top/u_csr_regbank/ctrl_reg_reg[1] calls port VDD not declared in module DFKCNQD1BWP7T
Warning: prbs_ber_pad_top/u_prbs_ber_chip_top/u_csr_regbank/window_reg_reg[22] calls port VSS not declared in module DFKCNQD1BWP7T
Warning: prbs_ber_pad_top/u_prbs_ber_chip_top/u_csr_regbank/window_reg_reg[22] calls port VDD not declared in module DFKCNQD1BWP7T
Warning: prbs_ber_pad_top/u_prbs_ber_chip_top/u_csr_regbank/window_reg_reg[23] calls port VSS not declared in module DFKCNQD1BWP7T
Warning: prbs_ber_pad_top/u_prbs_ber_chip_top/u_csr_regbank/window_reg_reg[23] calls port VDD not declared in module DFKCNQD1BWP7T
Warning: prbs_ber_pad_top/u_prbs_ber_chip_top/u_csr_regbank/window_reg_reg[24] calls port VSS not declared in module DFKCNQD1BWP7T
Warning: prbs_ber_pad_top/u_prbs_ber_chip_top/u_csr_regbank/window_reg_reg[24] calls port VDD not declared in module DFKCNQD1BWP7T
Warning: prbs_ber_pad_top/u_prbs_ber_chip_top/u_csr_regbank/window_reg_reg[25] calls port VSS not declared in module DFKCNQD1BWP7T
Warning: prbs_ber_pad_top/u_prbs_ber_chip_top/u_csr_regbank/window_reg_reg[25] calls port VDD not declared in module DFKCNQD1BWP7T
Warning: prbs_ber_pad_top/u_prbs_ber_chip_top/u_csr_regbank/window_reg_reg[26] calls port VSS not declared in module DFKCNQD1BWP7T
Warning: prbs_ber_pad_top/u_prbs_ber_chip_top/u_csr_regbank/window_reg_reg[26] calls port VDD not declared in module DFKCNQD1BWP7T
Warning: prbs_ber_pad_top/u_prbs_ber_chip_top/u_csr_regbank/window_reg_reg[27] calls port VSS not declared in module DFKCNQD1BWP7T
Warning: prbs_ber_pad_top/u_prbs_ber_chip_top/u_csr_regbank/window_reg_reg[27] calls port VDD not declared in module DFKCNQD1BWP7T
Warning: prbs_ber_pad_top/u_prbs_ber_chip_top/u_csr_regbank/window_reg_reg[28] calls port VSS not declared in module DFKCNQD1BWP7T
Warning: prbs_ber_pad_top/u_prbs_ber_chip_top/u_csr_regbank/window_reg_reg[28] calls port VDD not declared in module DFKCNQD1BWP7T
Warning: prbs_ber_pad_top/u_prbs_ber_chip_top/u_csr_regbank/window_reg_reg[29] calls port VSS not declared in module DFKCNQD1BWP7T
Warning: prbs_ber_pad_top/u_prbs_ber_chip_top/u_csr_regbank/window_reg_reg[29] calls port VDD not declared in module DFKCNQD1BWP7T
Warning: prbs_ber_pad_top/u_prbs_ber_chip_top/u_csr_regbank/ctrl_reg_reg[2] calls port VSS not declared in module DFKCNQD1BWP7T
Warning: prbs_ber_pad_top/u_prbs_ber_chip_top/u_csr_regbank/ctrl_reg_reg[2] calls port VDD not declared in module DFKCNQD1BWP7T
Warning: prbs_ber_pad_top/u_prbs_ber_chip_top/u_csr_regbank/ctrl_reg_reg[4] calls port VSS not declared in module DFKCNQD1BWP7T
Warning: prbs_ber_pad_top/u_prbs_ber_chip_top/u_csr_regbank/ctrl_reg_reg[4] calls port VDD not declared in module DFKCNQD1BWP7T
Warning: prbs_ber_pad_top/u_prbs_ber_chip_top/u_csr_regbank/window_reg_reg[30] calls port VSS not declared in module DFKCNQD1BWP7T
Warning: prbs_ber_pad_top/u_prbs_ber_chip_top/u_csr_regbank/window_reg_reg[30] calls port VDD not declared in module DFKCNQD1BWP7T
Warning: prbs_ber_pad_top/u_prbs_ber_chip_top/u_csr_regbank/window_reg_reg[31] calls port VSS not declared in module DFKCNQD1BWP7T
Warning: prbs_ber_pad_top/u_prbs_ber_chip_top/u_csr_regbank/window_reg_reg[31] calls port VDD not declared in module DFKCNQD1BWP7T
Warning: prbs_ber_pad_top/u_prbs_ber_chip_top/u_csr_regbank/ctrl_reg_reg[3] calls port VSS not declared in module DFKCNQD1BWP7T
Warning: prbs_ber_pad_top/u_prbs_ber_chip_top/u_csr_regbank/ctrl_reg_reg[3] calls port VDD not declared in module DFKCNQD1BWP7T
Warning: prbs_ber_pad_top/u_prbs_ber_chip_top/u_csr_regbank/ctrl_reg_reg[0] calls port VSS not declared in module DFKCNQD1BWP7T
Warning: prbs_ber_pad_top/u_prbs_ber_chip_top/u_csr_regbank/ctrl_reg_reg[0] calls port VDD not declared in module DFKCNQD1BWP7T
Warning: prbs_ber_pad_top/u_prbs_ber_chip_top/u_csr_regbank/seed_reg_reg[1] calls port VSS not declared in module DFKCNQD1BWP7T
Warning: prbs_ber_pad_top/u_prbs_ber_chip_top/u_csr_regbank/seed_reg_reg[1] calls port VDD not declared in module DFKCNQD1BWP7T
Warning: prbs_ber_pad_top/u_prbs_ber_chip_top/u_csr_regbank/seed_reg_reg[2] calls port VSS not declared in module DFKCNQD1BWP7T
Warning: prbs_ber_pad_top/u_prbs_ber_chip_top/u_csr_regbank/seed_reg_reg[2] calls port VDD not declared in module DFKCNQD1BWP7T
Warning: prbs_ber_pad_top/u_prbs_ber_chip_top/u_csr_regbank/seed_reg_reg[3] calls port VSS not declared in module DFKCNQD1BWP7T
Warning: prbs_ber_pad_top/u_prbs_ber_chip_top/u_csr_regbank/seed_reg_reg[3] calls port VDD not declared in module DFKCNQD1BWP7T
Warning: prbs_ber_pad_top/u_prbs_ber_chip_top/u_csr_regbank/seed_reg_reg[4] calls port VSS not declared in module DFKCNQD1BWP7T
Warning: prbs_ber_pad_top/u_prbs_ber_chip_top/u_csr_regbank/seed_reg_reg[4] calls port VDD not declared in module DFKCNQD1BWP7T
Warning: prbs_ber_pad_top/u_prbs_ber_chip_top/u_csr_regbank/seed_reg_reg[5] calls port VSS not declared in module DFKCNQD1BWP7T
Warning: prbs_ber_pad_top/u_prbs_ber_chip_top/u_csr_regbank/seed_reg_reg[5] calls port VDD not declared in module DFKCNQD1BWP7T
Warning: prbs_ber_pad_top/u_prbs_ber_chip_top/u_csr_regbank/seed_reg_reg[6] calls port VSS not declared in module DFKCNQD1BWP7T
Warning: prbs_ber_pad_top/u_prbs_ber_chip_top/u_csr_regbank/seed_reg_reg[6] calls port VDD not declared in module DFKCNQD1BWP7T
Warning: prbs_ber_pad_top/u_prbs_ber_chip_top/u_csr_regbank/g7961__7482 calls port VSS not declared in module INR2XD0BWP7T
Warning: prbs_ber_pad_top/u_prbs_ber_chip_top/u_csr_regbank/g7961__7482 calls port VDD not declared in module INR2XD0BWP7T
Warning: prbs_ber_pad_top/u_prbs_ber_chip_top/u_csr_regbank/g7962__4733 calls port VSS not declared in module INR2XD0BWP7T
Warning: prbs_ber_pad_top/u_prbs_ber_chip_top/u_csr_regbank/g7962__4733 calls port VDD not declared in module INR2XD0BWP7T
Warning: prbs_ber_pad_top/u_prbs_ber_chip_top/u_csr_regbank/g7963 calls port VSS not declared in module INVD1BWP7T
Warning: prbs_ber_pad_top/u_prbs_ber_chip_top/u_csr_regbank/g7963 calls port VDD not declared in module INVD1BWP7T
Warning: prbs_ber_pad_top/u_prbs_ber_chip_top/u_csr_regbank/inc_add_168_54_g481__6161 calls port VSS not declared in module CKXOR2D1BWP7T
Warning: prbs_ber_pad_top/u_prbs_ber_chip_top/u_csr_regbank/inc_add_168_54_g481__6161 calls port VDD not declared in module CKXOR2D1BWP7T
Warning: prbs_ber_pad_top/u_prbs_ber_chip_top/u_csr_regbank/inc_add_168_54_g482__9315 calls port VSS not declared in module CKXOR2D1BWP7T
Warning: prbs_ber_pad_top/u_prbs_ber_chip_top/u_csr_regbank/inc_add_168_54_g482__9315 calls port VDD not declared in module CKXOR2D1BWP7T
Warning: prbs_ber_pad_top/u_prbs_ber_chip_top/u_csr_regbank/inc_add_168_54_g483__9945 calls port VSS not declared in module HA1D0BWP7T
Warning: prbs_ber_pad_top/u_prbs_ber_chip_top/u_csr_regbank/inc_add_168_54_g483__9945 calls port VDD not declared in module HA1D0BWP7T
Warning: prbs_ber_pad_top/u_prbs_ber_chip_top/u_csr_regbank/inc_add_168_54_g484__2883 calls port VSS not declared in module CKXOR2D1BWP7T
Warning: prbs_ber_pad_top/u_prbs_ber_chip_top/u_csr_regbank/inc_add_168_54_g484__2883 calls port VDD not declared in module CKXOR2D1BWP7T
Warning: prbs_ber_pad_top/u_prbs_ber_chip_top/u_csr_regbank/inc_add_168_54_g485__2346 calls port VSS not declared in module CKXOR2D1BWP7T
Warning: prbs_ber_pad_top/u_prbs_ber_chip_top/u_csr_regbank/inc_add_168_54_g485__2346 calls port VDD not declared in module CKXOR2D1BWP7T
Warning: prbs_ber_pad_top/u_prbs_ber_chip_top/u_csr_regbank/inc_add_168_54_g486__1666 calls port VSS not declared in module HA1D0BWP7T
Warning: prbs_ber_pad_top/u_prbs_ber_chip_top/u_csr_regbank/inc_add_168_54_g486__1666 calls port VDD not declared in module HA1D0BWP7T
Warning: prbs_ber_pad_top/u_prbs_ber_chip_top/u_csr_regbank/inc_add_168_54_g487__7410 calls port VSS not declared in module CKXOR2D1BWP7T
Warning: prbs_ber_pad_top/u_prbs_ber_chip_top/u_csr_regbank/inc_add_168_54_g487__7410 calls port VDD not declared in module CKXOR2D1BWP7T
Warning: prbs_ber_pad_top/u_prbs_ber_chip_top/u_csr_regbank/inc_add_168_54_g488__6417 calls port VSS not declared in module HA1D0BWP7T
Warning: prbs_ber_pad_top/u_prbs_ber_chip_top/u_csr_regbank/inc_add_168_54_g488__6417 calls port VDD not declared in module HA1D0BWP7T
Warning: prbs_ber_pad_top/u_prbs_ber_chip_top/u_csr_regbank/inc_add_168_54_g489__5477 calls port VSS not declared in module HA1D0BWP7T
Warning: prbs_ber_pad_top/u_prbs_ber_chip_top/u_csr_regbank/inc_add_168_54_g489__5477 calls port VDD not declared in module HA1D0BWP7T
Warning: prbs_ber_pad_top/u_prbs_ber_chip_top/u_csr_regbank/inc_add_168_54_g490__2398 calls port VSS not declared in module CKXOR2D1BWP7T
Warning: prbs_ber_pad_top/u_prbs_ber_chip_top/u_csr_regbank/inc_add_168_54_g490__2398 calls port VDD not declared in module CKXOR2D1BWP7T
Warning: prbs_ber_pad_top/u_prbs_ber_chip_top/u_csr_regbank/inc_add_168_54_g491__5107 calls port VSS not declared in module CKXOR2D1BWP7T
Warning: prbs_ber_pad_top/u_prbs_ber_chip_top/u_csr_regbank/inc_add_168_54_g491__5107 calls port VDD not declared in module CKXOR2D1BWP7T
Warning: prbs_ber_pad_top/u_prbs_ber_chip_top/u_csr_regbank/inc_add_168_54_g492__6260 calls port VSS not declared in module HA1D0BWP7T
Warning: prbs_ber_pad_top/u_prbs_ber_chip_top/u_csr_regbank/inc_add_168_54_g492__6260 calls port VDD not declared in module HA1D0BWP7T
Warning: prbs_ber_pad_top/u_prbs_ber_chip_top/u_csr_regbank/inc_add_168_54_g493__4319 calls port VSS not declared in module HA1D0BWP7T
Warning: prbs_ber_pad_top/u_prbs_ber_chip_top/u_csr_regbank/inc_add_168_54_g493__4319 calls port VDD not declared in module HA1D0BWP7T
Warning: prbs_ber_pad_top/u_prbs_ber_chip_top/u_csr_regbank/inc_add_168_54_g494__8428 calls port VSS not declared in module CKXOR2D1BWP7T
Warning: prbs_ber_pad_top/u_prbs_ber_chip_top/u_csr_regbank/inc_add_168_54_g494__8428 calls port VDD not declared in module CKXOR2D1BWP7T
Warning: prbs_ber_pad_top/u_prbs_ber_chip_top/u_csr_regbank/inc_add_168_54_g495__5526 calls port VSS not declared in module HA1D0BWP7T
Warning: prbs_ber_pad_top/u_prbs_ber_chip_top/u_csr_regbank/inc_add_168_54_g495__5526 calls port VDD not declared in module HA1D0BWP7T
Warning: prbs_ber_pad_top/u_prbs_ber_chip_top/u_csr_regbank/inc_add_168_54_g496__6783 calls port VSS not declared in module HA1D0BWP7T
Warning: prbs_ber_pad_top/u_prbs_ber_chip_top/u_csr_regbank/inc_add_168_54_g496__6783 calls port VDD not declared in module HA1D0BWP7T
Warning: prbs_ber_pad_top/u_prbs_ber_chip_top/u_csr_regbank/inc_add_168_54_g497__3680 calls port VSS not declared in module AN3D1BWP7T
Warning: prbs_ber_pad_top/u_prbs_ber_chip_top/u_csr_regbank/inc_add_168_54_g497__3680 calls port VDD not declared in module AN3D1BWP7T
Warning: prbs_ber_pad_top/u_prbs_ber_chip_top/u_csr_regbank/inc_add_168_54_g498__1617 calls port VSS not declared in module CKXOR2D1BWP7T
Warning: prbs_ber_pad_top/u_prbs_ber_chip_top/u_csr_regbank/inc_add_168_54_g498__1617 calls port VDD not declared in module CKXOR2D1BWP7T
Warning: prbs_ber_pad_top/u_prbs_ber_chip_top/u_csr_regbank/inc_add_168_54_g499__2802 calls port VSS not declared in module HA1D0BWP7T
Warning: prbs_ber_pad_top/u_prbs_ber_chip_top/u_csr_regbank/inc_add_168_54_g499__2802 calls port VDD not declared in module HA1D0BWP7T
Warning: prbs_ber_pad_top/u_prbs_ber_chip_top/u_csr_regbank/inc_add_168_54_g500__1705 calls port VSS not declared in module HA1D0BWP7T
Warning: prbs_ber_pad_top/u_prbs_ber_chip_top/u_csr_regbank/inc_add_168_54_g500__1705 calls port VDD not declared in module HA1D0BWP7T
Warning: prbs_ber_pad_top/u_prbs_ber_chip_top/u_csr_regbank/inc_add_168_54_g501__5122 calls port VSS not declared in module NR4D0BWP7T
Warning: prbs_ber_pad_top/u_prbs_ber_chip_top/u_csr_regbank/inc_add_168_54_g501__5122 calls port VDD not declared in module NR4D0BWP7T
Warning: prbs_ber_pad_top/u_prbs_ber_chip_top/u_csr_regbank/inc_add_168_54_g502__8246 calls port VSS not declared in module CKXOR2D1BWP7T
Warning: prbs_ber_pad_top/u_prbs_ber_chip_top/u_csr_regbank/inc_add_168_54_g502__8246 calls port VDD not declared in module CKXOR2D1BWP7T
Warning: prbs_ber_pad_top/u_prbs_ber_chip_top/u_csr_regbank/inc_add_168_54_g503__7098 calls port VSS not declared in module HA1D0BWP7T
Warning: prbs_ber_pad_top/u_prbs_ber_chip_top/u_csr_regbank/inc_add_168_54_g503__7098 calls port VDD not declared in module HA1D0BWP7T
Warning: prbs_ber_pad_top/u_prbs_ber_chip_top/u_csr_regbank/inc_add_168_54_g504__6131 calls port VSS not declared in module HA1D0BWP7T
Warning: prbs_ber_pad_top/u_prbs_ber_chip_top/u_csr_regbank/inc_add_168_54_g504__6131 calls port VDD not declared in module HA1D0BWP7T
Warning: prbs_ber_pad_top/u_prbs_ber_chip_top/u_csr_regbank/inc_add_168_54_g505__1881 calls port VSS not declared in module NR3D0BWP7T
Warning: prbs_ber_pad_top/u_prbs_ber_chip_top/u_csr_regbank/inc_add_168_54_g505__1881 calls port VDD not declared in module NR3D0BWP7T
Warning: prbs_ber_pad_top/u_prbs_ber_chip_top/u_csr_regbank/inc_add_168_54_g506__5115 calls port VSS not declared in module CKXOR2D1BWP7T
Warning: prbs_ber_pad_top/u_prbs_ber_chip_top/u_csr_regbank/inc_add_168_54_g506__5115 calls port VDD not declared in module CKXOR2D1BWP7T
Warning: prbs_ber_pad_top/u_prbs_ber_chip_top/u_csr_regbank/inc_add_168_54_g507__7482 calls port VSS not declared in module HA1D0BWP7T
Warning: prbs_ber_pad_top/u_prbs_ber_chip_top/u_csr_regbank/inc_add_168_54_g507__7482 calls port VDD not declared in module HA1D0BWP7T
Warning: prbs_ber_pad_top/u_prbs_ber_chip_top/u_csr_regbank/inc_add_168_54_g508__4733 calls port VSS not declared in module NR2XD0BWP7T
Warning: prbs_ber_pad_top/u_prbs_ber_chip_top/u_csr_regbank/inc_add_168_54_g508__4733 calls port VDD not declared in module NR2XD0BWP7T
Warning: prbs_ber_pad_top/u_prbs_ber_chip_top/u_csr_regbank/inc_add_168_54_g509__6161 calls port VSS not declared in module NR2XD0BWP7T
Warning: prbs_ber_pad_top/u_prbs_ber_chip_top/u_csr_regbank/inc_add_168_54_g509__6161 calls port VDD not declared in module NR2XD0BWP7T
Warning: prbs_ber_pad_top/u_prbs_ber_chip_top/u_csr_regbank/inc_add_168_54_g510__9315 calls port VSS not declared in module CKXOR2D1BWP7T
Warning: prbs_ber_pad_top/u_prbs_ber_chip_top/u_csr_regbank/inc_add_168_54_g510__9315 calls port VDD not declared in module CKXOR2D1BWP7T
Warning: prbs_ber_pad_top/u_prbs_ber_chip_top/u_csr_regbank/inc_add_168_54_g511__9945 calls port VSS not declared in module HA1D0BWP7T
Warning: prbs_ber_pad_top/u_prbs_ber_chip_top/u_csr_regbank/inc_add_168_54_g511__9945 calls port VDD not declared in module HA1D0BWP7T
Warning: prbs_ber_pad_top/u_prbs_ber_chip_top/u_csr_regbank/inc_add_168_54_g512__2883 calls port VSS not declared in module HA1D0BWP7T
Warning: prbs_ber_pad_top/u_prbs_ber_chip_top/u_csr_regbank/inc_add_168_54_g512__2883 calls port VDD not declared in module HA1D0BWP7T
Warning: prbs_ber_pad_top/u_prbs_ber_chip_top/u_csr_regbank/inc_add_168_54_g513 calls port VSS not declared in module INVD1BWP7T
Warning: prbs_ber_pad_top/u_prbs_ber_chip_top/u_csr_regbank/inc_add_168_54_g513 calls port VDD not declared in module INVD1BWP7T
Warning: prbs_ber_pad_top/u_prbs_ber_chip_top/u_csr_regbank/inc_add_168_54_g514__2346 calls port VSS not declared in module ND2D1BWP7T
Warning: prbs_ber_pad_top/u_prbs_ber_chip_top/u_csr_regbank/inc_add_168_54_g514__2346 calls port VDD not declared in module ND2D1BWP7T
Warning: prbs_ber_pad_top/u_prbs_ber_chip_top/u_csr_regbank/inc_add_168_54_g515__1666 calls port VSS not declared in module CKXOR2D1BWP7T
Warning: prbs_ber_pad_top/u_prbs_ber_chip_top/u_csr_regbank/inc_add_168_54_g515__1666 calls port VDD not declared in module CKXOR2D1BWP7T
Warning: prbs_ber_pad_top/u_prbs_ber_chip_top/u_csr_regbank/inc_add_168_54_g516__7410 calls port VSS not declared in module HA1D0BWP7T
Warning: prbs_ber_pad_top/u_prbs_ber_chip_top/u_csr_regbank/inc_add_168_54_g516__7410 calls port VDD not declared in module HA1D0BWP7T
Warning: prbs_ber_pad_top/u_prbs_ber_chip_top/u_csr_regbank/inc_add_168_54_g518__6417 calls port VSS not declared in module AN4D1BWP7T
Warning: prbs_ber_pad_top/u_prbs_ber_chip_top/u_csr_regbank/inc_add_168_54_g518__6417 calls port VDD not declared in module AN4D1BWP7T
Warning: prbs_ber_pad_top/u_prbs_ber_chip_top/u_csr_regbank/inc_add_168_54_g519__5477 calls port VSS not declared in module HA1D0BWP7T
Warning: prbs_ber_pad_top/u_prbs_ber_chip_top/u_csr_regbank/inc_add_168_54_g519__5477 calls port VDD not declared in module HA1D0BWP7T
Warning: prbs_ber_pad_top/u_prbs_ber_chip_top/u_csr_regbank/inc_add_168_54_g520__2398 calls port VSS not declared in module CKAN2D1BWP7T
Warning: prbs_ber_pad_top/u_prbs_ber_chip_top/u_csr_regbank/inc_add_168_54_g520__2398 calls port VDD not declared in module CKAN2D1BWP7T
Warning: prbs_ber_pad_top/u_prbs_ber_chip_top/u_csr_regbank/inc_add_168_54_g521__5107 calls port VSS not declared in module INR2XD0BWP7T
Warning: prbs_ber_pad_top/u_prbs_ber_chip_top/u_csr_regbank/inc_add_168_54_g521__5107 calls port VDD not declared in module INR2XD0BWP7T
Warning: prbs_ber_pad_top/u_prbs_ber_chip_top/u_csr_regbank/inc_add_168_54_g522__6260 calls port VSS not declared in module CKAN2D1BWP7T
Warning: prbs_ber_pad_top/u_prbs_ber_chip_top/u_csr_regbank/inc_add_168_54_g522__6260 calls port VDD not declared in module CKAN2D1BWP7T
Warning: prbs_ber_pad_top/u_prbs_ber_chip_top/u_csr_regbank/inc_add_168_54_g523__4319 calls port VSS not declared in module NR2D1BWP7T
Warning: prbs_ber_pad_top/u_prbs_ber_chip_top/u_csr_regbank/inc_add_168_54_g523__4319 calls port VDD not declared in module NR2D1BWP7T
Warning: prbs_ber_pad_top/u_prbs_ber_chip_top/u_csr_regbank/inc_add_168_54_g524 calls port VSS not declared in module INVD1BWP7T
Warning: prbs_ber_pad_top/u_prbs_ber_chip_top/u_csr_regbank/inc_add_168_54_g524 calls port VDD not declared in module INVD1BWP7T
Warning: prbs_ber_pad_top/u_prbs_ber_chip_top/u_csr_regbank/inc_add_168_54_g525__8428 calls port VSS not declared in module IND3D1BWP7T
Warning: prbs_ber_pad_top/u_prbs_ber_chip_top/u_csr_regbank/inc_add_168_54_g525__8428 calls port VDD not declared in module IND3D1BWP7T
Warning: prbs_ber_pad_top/u_prbs_ber_chip_top/u_csr_regbank/inc_add_168_54_g526__5526 calls port VSS not declared in module NR2XD0BWP7T
Warning: prbs_ber_pad_top/u_prbs_ber_chip_top/u_csr_regbank/inc_add_168_54_g526__5526 calls port VDD not declared in module NR2XD0BWP7T
Warning: prbs_ber_pad_top/u_prbs_ber_chip_top/u_csr_regbank/inc_add_168_54_g527__6783 calls port VSS not declared in module OA21D0BWP7T
Warning: prbs_ber_pad_top/u_prbs_ber_chip_top/u_csr_regbank/inc_add_168_54_g527__6783 calls port VDD not declared in module OA21D0BWP7T
Warning: prbs_ber_pad_top/u_prbs_ber_chip_top/u_csr_regbank/inc_add_168_54_g528__3680 calls port VSS not declared in module AN4D0BWP7T
Warning: prbs_ber_pad_top/u_prbs_ber_chip_top/u_csr_regbank/inc_add_168_54_g528__3680 calls port VDD not declared in module AN4D0BWP7T
Warning: prbs_ber_pad_top/u_prbs_ber_chip_top/u_csr_regbank/inc_add_168_54_g529__1617 calls port VSS not declared in module AN4D1BWP7T
Warning: prbs_ber_pad_top/u_prbs_ber_chip_top/u_csr_regbank/inc_add_168_54_g529__1617 calls port VDD not declared in module AN4D1BWP7T
Warning: prbs_ber_pad_top/u_prbs_ber_chip_top/u_csr_regbank/inc_add_168_54_g531__2802 calls port VSS not declared in module CKAN2D1BWP7T
Warning: prbs_ber_pad_top/u_prbs_ber_chip_top/u_csr_regbank/inc_add_168_54_g531__2802 calls port VDD not declared in module CKAN2D1BWP7T
Warning: prbs_ber_pad_top/u_prbs_ber_chip_top/u_csr_regbank/inc_add_168_54_g532__1705 calls port VSS not declared in module ND2D1BWP7T
Warning: prbs_ber_pad_top/u_prbs_ber_chip_top/u_csr_regbank/inc_add_168_54_g532__1705 calls port VDD not declared in module ND2D1BWP7T
Warning: prbs_ber_pad_top/u_prbs_ber_chip_top/u_csr_regbank/inc_add_168_54_g533__5122 calls port VSS not declared in module ND2D1BWP7T
Warning: prbs_ber_pad_top/u_prbs_ber_chip_top/u_csr_regbank/inc_add_168_54_g533__5122 calls port VDD not declared in module ND2D1BWP7T
Warning: prbs_ber_pad_top/u_prbs_ber_chip_top/u_csr_regbank/inc_add_168_54_g534__8246 calls port VSS not declared in module ND2D1BWP7T
Warning: prbs_ber_pad_top/u_prbs_ber_chip_top/u_csr_regbank/inc_add_168_54_g534__8246 calls port VDD not declared in module ND2D1BWP7T
Warning: prbs_ber_pad_top/u_prbs_ber_chip_top/u_csr_regbank/inc_add_168_54_g535__7098 calls port VSS not declared in module ND2D1BWP7T
Warning: prbs_ber_pad_top/u_prbs_ber_chip_top/u_csr_regbank/inc_add_168_54_g535__7098 calls port VDD not declared in module ND2D1BWP7T
Warning: prbs_ber_pad_top/u_prbs_ber_chip_top/u_csr_regbank/inc_add_168_54_g536__6131 calls port VSS not declared in module ND2D1BWP7T
Warning: prbs_ber_pad_top/u_prbs_ber_chip_top/u_csr_regbank/inc_add_168_54_g536__6131 calls port VDD not declared in module ND2D1BWP7T
Warning: prbs_ber_pad_top/u_prbs_ber_chip_top/u_csr_regbank/inc_add_168_54_g537__1881 calls port VSS not declared in module ND2D1BWP7T
Warning: prbs_ber_pad_top/u_prbs_ber_chip_top/u_csr_regbank/inc_add_168_54_g537__1881 calls port VDD not declared in module ND2D1BWP7T
Warning: prbs_ber_pad_top/u_prbs_ber_chip_top/u_csr_regbank/inc_add_168_54_g538__5115 calls port VSS not declared in module ND2D1BWP7T
Warning: prbs_ber_pad_top/u_prbs_ber_chip_top/u_csr_regbank/inc_add_168_54_g538__5115 calls port VDD not declared in module ND2D1BWP7T
Warning: prbs_ber_pad_top/u_prbs_ber_chip_top/u_csr_regbank/inc_add_168_54_g2__7482 calls port VSS not declared in module CKAN2D1BWP7T
Warning: prbs_ber_pad_top/u_prbs_ber_chip_top/u_csr_regbank/inc_add_168_54_g2__7482 calls port VDD not declared in module CKAN2D1BWP7T
Warning: prbs_ber_pad_top/u_prbs_ber_chip_top/u_csr_regbank/inc_add_170_54_g481__4733 calls port VSS not declared in module CKXOR2D1BWP7T
Warning: prbs_ber_pad_top/u_prbs_ber_chip_top/u_csr_regbank/inc_add_170_54_g481__4733 calls port VDD not declared in module CKXOR2D1BWP7T
Warning: prbs_ber_pad_top/u_prbs_ber_chip_top/u_csr_regbank/inc_add_170_54_g482__6161 calls port VSS not declared in module CKXOR2D1BWP7T
Warning: prbs_ber_pad_top/u_prbs_ber_chip_top/u_csr_regbank/inc_add_170_54_g482__6161 calls port VDD not declared in module CKXOR2D1BWP7T
Warning: prbs_ber_pad_top/u_prbs_ber_chip_top/u_csr_regbank/inc_add_170_54_g483__9315 calls port VSS not declared in module HA1D0BWP7T
Warning: prbs_ber_pad_top/u_prbs_ber_chip_top/u_csr_regbank/inc_add_170_54_g483__9315 calls port VDD not declared in module HA1D0BWP7T
Warning: prbs_ber_pad_top/u_prbs_ber_chip_top/u_csr_regbank/inc_add_170_54_g484__9945 calls port VSS not declared in module CKXOR2D1BWP7T
Warning: prbs_ber_pad_top/u_prbs_ber_chip_top/u_csr_regbank/inc_add_170_54_g484__9945 calls port VDD not declared in module CKXOR2D1BWP7T
Warning: prbs_ber_pad_top/u_prbs_ber_chip_top/u_csr_regbank/inc_add_170_54_g485__2883 calls port VSS not declared in module CKXOR2D1BWP7T
Warning: prbs_ber_pad_top/u_prbs_ber_chip_top/u_csr_regbank/inc_add_170_54_g485__2883 calls port VDD not declared in module CKXOR2D1BWP7T
Warning: prbs_ber_pad_top/u_prbs_ber_chip_top/u_csr_regbank/inc_add_170_54_g486__2346 calls port VSS not declared in module HA1D0BWP7T
Warning: prbs_ber_pad_top/u_prbs_ber_chip_top/u_csr_regbank/inc_add_170_54_g486__2346 calls port VDD not declared in module HA1D0BWP7T
Warning: prbs_ber_pad_top/u_prbs_ber_chip_top/u_csr_regbank/inc_add_170_54_g487__1666 calls port VSS not declared in module CKXOR2D1BWP7T
Warning: prbs_ber_pad_top/u_prbs_ber_chip_top/u_csr_regbank/inc_add_170_54_g487__1666 calls port VDD not declared in module CKXOR2D1BWP7T
Warning: prbs_ber_pad_top/u_prbs_ber_chip_top/u_csr_regbank/inc_add_170_54_g488__7410 calls port VSS not declared in module HA1D0BWP7T
Warning: prbs_ber_pad_top/u_prbs_ber_chip_top/u_csr_regbank/inc_add_170_54_g488__7410 calls port VDD not declared in module HA1D0BWP7T
Warning: prbs_ber_pad_top/u_prbs_ber_chip_top/u_csr_regbank/inc_add_170_54_g489__6417 calls port VSS not declared in module HA1D0BWP7T
Warning: prbs_ber_pad_top/u_prbs_ber_chip_top/u_csr_regbank/inc_add_170_54_g489__6417 calls port VDD not declared in module HA1D0BWP7T
Warning: prbs_ber_pad_top/u_prbs_ber_chip_top/u_csr_regbank/inc_add_170_54_g490__5477 calls port VSS not declared in module CKXOR2D1BWP7T
Warning: prbs_ber_pad_top/u_prbs_ber_chip_top/u_csr_regbank/inc_add_170_54_g490__5477 calls port VDD not declared in module CKXOR2D1BWP7T
Warning: prbs_ber_pad_top/u_prbs_ber_chip_top/u_csr_regbank/inc_add_170_54_g491__2398 calls port VSS not declared in module CKXOR2D1BWP7T
Warning: prbs_ber_pad_top/u_prbs_ber_chip_top/u_csr_regbank/inc_add_170_54_g491__2398 calls port VDD not declared in module CKXOR2D1BWP7T
Warning: prbs_ber_pad_top/u_prbs_ber_chip_top/u_csr_regbank/inc_add_170_54_g492__5107 calls port VSS not declared in module HA1D0BWP7T
Warning: prbs_ber_pad_top/u_prbs_ber_chip_top/u_csr_regbank/inc_add_170_54_g492__5107 calls port VDD not declared in module HA1D0BWP7T
Warning: prbs_ber_pad_top/u_prbs_ber_chip_top/u_csr_regbank/inc_add_170_54_g493__6260 calls port VSS not declared in module HA1D0BWP7T
Warning: prbs_ber_pad_top/u_prbs_ber_chip_top/u_csr_regbank/inc_add_170_54_g493__6260 calls port VDD not declared in module HA1D0BWP7T
Warning: prbs_ber_pad_top/u_prbs_ber_chip_top/u_csr_regbank/inc_add_170_54_g494__4319 calls port VSS not declared in module CKXOR2D1BWP7T
Warning: prbs_ber_pad_top/u_prbs_ber_chip_top/u_csr_regbank/inc_add_170_54_g494__4319 calls port VDD not declared in module CKXOR2D1BWP7T
Warning: prbs_ber_pad_top/u_prbs_ber_chip_top/u_csr_regbank/inc_add_170_54_g495__8428 calls port VSS not declared in module HA1D0BWP7T
Warning: prbs_ber_pad_top/u_prbs_ber_chip_top/u_csr_regbank/inc_add_170_54_g495__8428 calls port VDD not declared in module HA1D0BWP7T
Warning: prbs_ber_pad_top/u_prbs_ber_chip_top/u_csr_regbank/inc_add_170_54_g496__5526 calls port VSS not declared in module HA1D0BWP7T
Warning: prbs_ber_pad_top/u_prbs_ber_chip_top/u_csr_regbank/inc_add_170_54_g496__5526 calls port VDD not declared in module HA1D0BWP7T
Warning: prbs_ber_pad_top/u_prbs_ber_chip_top/u_csr_regbank/inc_add_170_54_g497__6783 calls port VSS not declared in module AN3D1BWP7T
Warning: prbs_ber_pad_top/u_prbs_ber_chip_top/u_csr_regbank/inc_add_170_54_g497__6783 calls port VDD not declared in module AN3D1BWP7T
Warning: prbs_ber_pad_top/u_prbs_ber_chip_top/u_csr_regbank/inc_add_170_54_g498__3680 calls port VSS not declared in module CKXOR2D1BWP7T
Warning: prbs_ber_pad_top/u_prbs_ber_chip_top/u_csr_regbank/inc_add_170_54_g498__3680 calls port VDD not declared in module CKXOR2D1BWP7T
Warning: prbs_ber_pad_top/u_prbs_ber_chip_top/u_csr_regbank/inc_add_170_54_g499__1617 calls port VSS not declared in module HA1D0BWP7T
Warning: prbs_ber_pad_top/u_prbs_ber_chip_top/u_csr_regbank/inc_add_170_54_g499__1617 calls port VDD not declared in module HA1D0BWP7T
Warning: prbs_ber_pad_top/u_prbs_ber_chip_top/u_csr_regbank/inc_add_170_54_g500__2802 calls port VSS not declared in module HA1D0BWP7T
Warning: prbs_ber_pad_top/u_prbs_ber_chip_top/u_csr_regbank/inc_add_170_54_g500__2802 calls port VDD not declared in module HA1D0BWP7T
Warning: prbs_ber_pad_top/u_prbs_ber_chip_top/u_csr_regbank/inc_add_170_54_g501__1705 calls port VSS not declared in module NR4D0BWP7T
Warning: prbs_ber_pad_top/u_prbs_ber_chip_top/u_csr_regbank/inc_add_170_54_g501__1705 calls port VDD not declared in module NR4D0BWP7T
Warning: prbs_ber_pad_top/u_prbs_ber_chip_top/u_csr_regbank/inc_add_170_54_g502__5122 calls port VSS not declared in module CKXOR2D1BWP7T
Warning: prbs_ber_pad_top/u_prbs_ber_chip_top/u_csr_regbank/inc_add_170_54_g502__5122 calls port VDD not declared in module CKXOR2D1BWP7T
Warning: prbs_ber_pad_top/u_prbs_ber_chip_top/u_csr_regbank/inc_add_170_54_g503__8246 calls port VSS not declared in module HA1D0BWP7T
Warning: prbs_ber_pad_top/u_prbs_ber_chip_top/u_csr_regbank/inc_add_170_54_g503__8246 calls port VDD not declared in module HA1D0BWP7T
Warning: prbs_ber_pad_top/u_prbs_ber_chip_top/u_csr_regbank/inc_add_170_54_g504__7098 calls port VSS not declared in module HA1D0BWP7T
Warning: prbs_ber_pad_top/u_prbs_ber_chip_top/u_csr_regbank/inc_add_170_54_g504__7098 calls port VDD not declared in module HA1D0BWP7T
Warning: prbs_ber_pad_top/u_prbs_ber_chip_top/u_csr_regbank/inc_add_170_54_g505__6131 calls port VSS not declared in module NR3D0BWP7T
Warning: prbs_ber_pad_top/u_prbs_ber_chip_top/u_csr_regbank/inc_add_170_54_g505__6131 calls port VDD not declared in module NR3D0BWP7T
Warning: prbs_ber_pad_top/u_prbs_ber_chip_top/u_csr_regbank/inc_add_170_54_g506__1881 calls port VSS not declared in module CKXOR2D1BWP7T
Warning: prbs_ber_pad_top/u_prbs_ber_chip_top/u_csr_regbank/inc_add_170_54_g506__1881 calls port VDD not declared in module CKXOR2D1BWP7T
Warning: prbs_ber_pad_top/u_prbs_ber_chip_top/u_csr_regbank/inc_add_170_54_g507__5115 calls port VSS not declared in module HA1D0BWP7T
Warning: prbs_ber_pad_top/u_prbs_ber_chip_top/u_csr_regbank/inc_add_170_54_g507__5115 calls port VDD not declared in module HA1D0BWP7T
Warning: prbs_ber_pad_top/u_prbs_ber_chip_top/u_csr_regbank/inc_add_170_54_g508__7482 calls port VSS not declared in module NR2XD0BWP7T
Warning: prbs_ber_pad_top/u_prbs_ber_chip_top/u_csr_regbank/inc_add_170_54_g508__7482 calls port VDD not declared in module NR2XD0BWP7T
Warning: prbs_ber_pad_top/u_prbs_ber_chip_top/u_csr_regbank/inc_add_170_54_g509__4733 calls port VSS not declared in module NR2XD0BWP7T
Warning: prbs_ber_pad_top/u_prbs_ber_chip_top/u_csr_regbank/inc_add_170_54_g509__4733 calls port VDD not declared in module NR2XD0BWP7T
Warning: prbs_ber_pad_top/u_prbs_ber_chip_top/u_csr_regbank/inc_add_170_54_g510__6161 calls port VSS not declared in module CKXOR2D1BWP7T
Warning: prbs_ber_pad_top/u_prbs_ber_chip_top/u_csr_regbank/inc_add_170_54_g510__6161 calls port VDD not declared in module CKXOR2D1BWP7T
Warning: prbs_ber_pad_top/u_prbs_ber_chip_top/u_csr_regbank/inc_add_170_54_g511__9315 calls port VSS not declared in module HA1D0BWP7T
Warning: prbs_ber_pad_top/u_prbs_ber_chip_top/u_csr_regbank/inc_add_170_54_g511__9315 calls port VDD not declared in module HA1D0BWP7T
Warning: prbs_ber_pad_top/u_prbs_ber_chip_top/u_csr_regbank/inc_add_170_54_g512__9945 calls port VSS not declared in module HA1D0BWP7T
Warning: prbs_ber_pad_top/u_prbs_ber_chip_top/u_csr_regbank/inc_add_170_54_g512__9945 calls port VDD not declared in module HA1D0BWP7T
Warning: prbs_ber_pad_top/u_prbs_ber_chip_top/u_csr_regbank/inc_add_170_54_g513 calls port VSS not declared in module INVD1BWP7T
Warning: prbs_ber_pad_top/u_prbs_ber_chip_top/u_csr_regbank/inc_add_170_54_g513 calls port VDD not declared in module INVD1BWP7T
Warning: prbs_ber_pad_top/u_prbs_ber_chip_top/u_csr_regbank/inc_add_170_54_g514__2883 calls port VSS not declared in module ND2D1BWP7T
Warning: prbs_ber_pad_top/u_prbs_ber_chip_top/u_csr_regbank/inc_add_170_54_g514__2883 calls port VDD not declared in module ND2D1BWP7T
Warning: prbs_ber_pad_top/u_prbs_ber_chip_top/u_csr_regbank/inc_add_170_54_g515__2346 calls port VSS not declared in module CKXOR2D1BWP7T
Warning: prbs_ber_pad_top/u_prbs_ber_chip_top/u_csr_regbank/inc_add_170_54_g515__2346 calls port VDD not declared in module CKXOR2D1BWP7T
Warning: prbs_ber_pad_top/u_prbs_ber_chip_top/u_csr_regbank/inc_add_170_54_g516__1666 calls port VSS not declared in module HA1D0BWP7T
Warning: prbs_ber_pad_top/u_prbs_ber_chip_top/u_csr_regbank/inc_add_170_54_g516__1666 calls port VDD not declared in module HA1D0BWP7T
Warning: prbs_ber_pad_top/u_prbs_ber_chip_top/u_csr_regbank/inc_add_170_54_g518__7410 calls port VSS not declared in module AN4D1BWP7T
Warning: prbs_ber_pad_top/u_prbs_ber_chip_top/u_csr_regbank/inc_add_170_54_g518__7410 calls port VDD not declared in module AN4D1BWP7T
Warning: prbs_ber_pad_top/u_prbs_ber_chip_top/u_csr_regbank/inc_add_170_54_g519__6417 calls port VSS not declared in module HA1D0BWP7T
Warning: prbs_ber_pad_top/u_prbs_ber_chip_top/u_csr_regbank/inc_add_170_54_g519__6417 calls port VDD not declared in module HA1D0BWP7T
Warning: prbs_ber_pad_top/u_prbs_ber_chip_top/u_csr_regbank/inc_add_170_54_g520__5477 calls port VSS not declared in module CKAN2D1BWP7T
Warning: prbs_ber_pad_top/u_prbs_ber_chip_top/u_csr_regbank/inc_add_170_54_g520__5477 calls port VDD not declared in module CKAN2D1BWP7T
Warning: prbs_ber_pad_top/u_prbs_ber_chip_top/u_csr_regbank/inc_add_170_54_g521__2398 calls port VSS not declared in module INR2XD0BWP7T
Warning: prbs_ber_pad_top/u_prbs_ber_chip_top/u_csr_regbank/inc_add_170_54_g521__2398 calls port VDD not declared in module INR2XD0BWP7T
Warning: prbs_ber_pad_top/u_prbs_ber_chip_top/u_csr_regbank/inc_add_170_54_g522__5107 calls port VSS not declared in module CKAN2D1BWP7T
Warning: prbs_ber_pad_top/u_prbs_ber_chip_top/u_csr_regbank/inc_add_170_54_g522__5107 calls port VDD not declared in module CKAN2D1BWP7T
Warning: prbs_ber_pad_top/u_prbs_ber_chip_top/u_csr_regbank/inc_add_170_54_g523__6260 calls port VSS not declared in module NR2D1BWP7T
Warning: prbs_ber_pad_top/u_prbs_ber_chip_top/u_csr_regbank/inc_add_170_54_g523__6260 calls port VDD not declared in module NR2D1BWP7T
Warning: prbs_ber_pad_top/u_prbs_ber_chip_top/u_csr_regbank/inc_add_170_54_g524 calls port VSS not declared in module INVD1BWP7T
Warning: prbs_ber_pad_top/u_prbs_ber_chip_top/u_csr_regbank/inc_add_170_54_g524 calls port VDD not declared in module INVD1BWP7T
Warning: prbs_ber_pad_top/u_prbs_ber_chip_top/u_csr_regbank/inc_add_170_54_g525__4319 calls port VSS not declared in module IND3D1BWP7T
Warning: prbs_ber_pad_top/u_prbs_ber_chip_top/u_csr_regbank/inc_add_170_54_g525__4319 calls port VDD not declared in module IND3D1BWP7T
Warning: prbs_ber_pad_top/u_prbs_ber_chip_top/u_csr_regbank/inc_add_170_54_g526__8428 calls port VSS not declared in module NR2XD0BWP7T
Warning: prbs_ber_pad_top/u_prbs_ber_chip_top/u_csr_regbank/inc_add_170_54_g526__8428 calls port VDD not declared in module NR2XD0BWP7T
Warning: prbs_ber_pad_top/u_prbs_ber_chip_top/u_csr_regbank/inc_add_170_54_g527__5526 calls port VSS not declared in module OA21D0BWP7T
Warning: prbs_ber_pad_top/u_prbs_ber_chip_top/u_csr_regbank/inc_add_170_54_g527__5526 calls port VDD not declared in module OA21D0BWP7T
Warning: prbs_ber_pad_top/u_prbs_ber_chip_top/u_csr_regbank/inc_add_170_54_g528__6783 calls port VSS not declared in module AN4D0BWP7T
Warning: prbs_ber_pad_top/u_prbs_ber_chip_top/u_csr_regbank/inc_add_170_54_g528__6783 calls port VDD not declared in module AN4D0BWP7T
Warning: prbs_ber_pad_top/u_prbs_ber_chip_top/u_csr_regbank/inc_add_170_54_g529__3680 calls port VSS not declared in module AN4D1BWP7T
Warning: prbs_ber_pad_top/u_prbs_ber_chip_top/u_csr_regbank/inc_add_170_54_g529__3680 calls port VDD not declared in module AN4D1BWP7T
Warning: prbs_ber_pad_top/u_prbs_ber_chip_top/u_csr_regbank/inc_add_170_54_g531__1617 calls port VSS not declared in module CKAN2D1BWP7T
Warning: prbs_ber_pad_top/u_prbs_ber_chip_top/u_csr_regbank/inc_add_170_54_g531__1617 calls port VDD not declared in module CKAN2D1BWP7T
Warning: prbs_ber_pad_top/u_prbs_ber_chip_top/u_csr_regbank/inc_add_170_54_g532__2802 calls port VSS not declared in module ND2D1BWP7T
Warning: prbs_ber_pad_top/u_prbs_ber_chip_top/u_csr_regbank/inc_add_170_54_g532__2802 calls port VDD not declared in module ND2D1BWP7T
Warning: prbs_ber_pad_top/u_prbs_ber_chip_top/u_csr_regbank/inc_add_170_54_g533__1705 calls port VSS not declared in module ND2D1BWP7T
Warning: prbs_ber_pad_top/u_prbs_ber_chip_top/u_csr_regbank/inc_add_170_54_g533__1705 calls port VDD not declared in module ND2D1BWP7T
Warning: prbs_ber_pad_top/u_prbs_ber_chip_top/u_csr_regbank/inc_add_170_54_g534__5122 calls port VSS not declared in module ND2D1BWP7T
Warning: prbs_ber_pad_top/u_prbs_ber_chip_top/u_csr_regbank/inc_add_170_54_g534__5122 calls port VDD not declared in module ND2D1BWP7T
Warning: prbs_ber_pad_top/u_prbs_ber_chip_top/u_csr_regbank/inc_add_170_54_g535__8246 calls port VSS not declared in module ND2D1BWP7T
Warning: prbs_ber_pad_top/u_prbs_ber_chip_top/u_csr_regbank/inc_add_170_54_g535__8246 calls port VDD not declared in module ND2D1BWP7T
Warning: prbs_ber_pad_top/u_prbs_ber_chip_top/u_csr_regbank/inc_add_170_54_g536__7098 calls port VSS not declared in module ND2D1BWP7T
Warning: prbs_ber_pad_top/u_prbs_ber_chip_top/u_csr_regbank/inc_add_170_54_g536__7098 calls port VDD not declared in module ND2D1BWP7T
Warning: prbs_ber_pad_top/u_prbs_ber_chip_top/u_csr_regbank/inc_add_170_54_g537__6131 calls port VSS not declared in module ND2D1BWP7T
Warning: prbs_ber_pad_top/u_prbs_ber_chip_top/u_csr_regbank/inc_add_170_54_g537__6131 calls port VDD not declared in module ND2D1BWP7T
Warning: prbs_ber_pad_top/u_prbs_ber_chip_top/u_csr_regbank/inc_add_170_54_g538__1881 calls port VSS not declared in module ND2D1BWP7T
Warning: prbs_ber_pad_top/u_prbs_ber_chip_top/u_csr_regbank/inc_add_170_54_g538__1881 calls port VDD not declared in module ND2D1BWP7T
Warning: prbs_ber_pad_top/u_prbs_ber_chip_top/u_csr_regbank/inc_add_170_54_g2__5115 calls port VSS not declared in module CKAN2D1BWP7T
Warning: prbs_ber_pad_top/u_prbs_ber_chip_top/u_csr_regbank/inc_add_170_54_g2__5115 calls port VDD not declared in module CKAN2D1BWP7T
Warning: prbs_ber_pad_top/u_prbs_ber_chip_top/u_csr_regbank/inc_add_192_68_g481__7482 calls port VSS not declared in module CKXOR2D1BWP7T
Warning: prbs_ber_pad_top/u_prbs_ber_chip_top/u_csr_regbank/inc_add_192_68_g481__7482 calls port VDD not declared in module CKXOR2D1BWP7T
Warning: prbs_ber_pad_top/u_prbs_ber_chip_top/u_csr_regbank/inc_add_192_68_g482__4733 calls port VSS not declared in module CKXOR2D1BWP7T
Warning: prbs_ber_pad_top/u_prbs_ber_chip_top/u_csr_regbank/inc_add_192_68_g482__4733 calls port VDD not declared in module CKXOR2D1BWP7T
Warning: prbs_ber_pad_top/u_prbs_ber_chip_top/u_csr_regbank/inc_add_192_68_g483__6161 calls port VSS not declared in module HA1D0BWP7T
Warning: prbs_ber_pad_top/u_prbs_ber_chip_top/u_csr_regbank/inc_add_192_68_g483__6161 calls port VDD not declared in module HA1D0BWP7T
Warning: prbs_ber_pad_top/u_prbs_ber_chip_top/u_csr_regbank/inc_add_192_68_g484__9315 calls port VSS not declared in module CKXOR2D1BWP7T
Warning: prbs_ber_pad_top/u_prbs_ber_chip_top/u_csr_regbank/inc_add_192_68_g484__9315 calls port VDD not declared in module CKXOR2D1BWP7T
Warning: prbs_ber_pad_top/u_prbs_ber_chip_top/u_csr_regbank/inc_add_192_68_g485__9945 calls port VSS not declared in module CKXOR2D1BWP7T
Warning: prbs_ber_pad_top/u_prbs_ber_chip_top/u_csr_regbank/inc_add_192_68_g485__9945 calls port VDD not declared in module CKXOR2D1BWP7T
Warning: prbs_ber_pad_top/u_prbs_ber_chip_top/u_csr_regbank/inc_add_192_68_g486__2883 calls port VSS not declared in module HA1D0BWP7T
Warning: prbs_ber_pad_top/u_prbs_ber_chip_top/u_csr_regbank/inc_add_192_68_g486__2883 calls port VDD not declared in module HA1D0BWP7T
Warning: prbs_ber_pad_top/u_prbs_ber_chip_top/u_csr_regbank/inc_add_192_68_g487__2346 calls port VSS not declared in module CKXOR2D1BWP7T
Warning: prbs_ber_pad_top/u_prbs_ber_chip_top/u_csr_regbank/inc_add_192_68_g487__2346 calls port VDD not declared in module CKXOR2D1BWP7T
Warning: prbs_ber_pad_top/u_prbs_ber_chip_top/u_csr_regbank/inc_add_192_68_g488__1666 calls port VSS not declared in module HA1D0BWP7T
Warning: prbs_ber_pad_top/u_prbs_ber_chip_top/u_csr_regbank/inc_add_192_68_g488__1666 calls port VDD not declared in module HA1D0BWP7T
Warning: prbs_ber_pad_top/u_prbs_ber_chip_top/u_csr_regbank/inc_add_192_68_g489__7410 calls port VSS not declared in module HA1D0BWP7T
Warning: prbs_ber_pad_top/u_prbs_ber_chip_top/u_csr_regbank/inc_add_192_68_g489__7410 calls port VDD not declared in module HA1D0BWP7T
Warning: prbs_ber_pad_top/u_prbs_ber_chip_top/u_csr_regbank/inc_add_192_68_g490__6417 calls port VSS not declared in module CKXOR2D1BWP7T
Warning: prbs_ber_pad_top/u_prbs_ber_chip_top/u_csr_regbank/inc_add_192_68_g490__6417 calls port VDD not declared in module CKXOR2D1BWP7T
Warning: prbs_ber_pad_top/u_prbs_ber_chip_top/u_csr_regbank/inc_add_192_68_g491__5477 calls port VSS not declared in module CKXOR2D1BWP7T
Warning: prbs_ber_pad_top/u_prbs_ber_chip_top/u_csr_regbank/inc_add_192_68_g491__5477 calls port VDD not declared in module CKXOR2D1BWP7T
Warning: prbs_ber_pad_top/u_prbs_ber_chip_top/u_csr_regbank/inc_add_192_68_g492__2398 calls port VSS not declared in module HA1D0BWP7T
Warning: prbs_ber_pad_top/u_prbs_ber_chip_top/u_csr_regbank/inc_add_192_68_g492__2398 calls port VDD not declared in module HA1D0BWP7T
Warning: prbs_ber_pad_top/u_prbs_ber_chip_top/u_csr_regbank/inc_add_192_68_g493__5107 calls port VSS not declared in module HA1D0BWP7T
Warning: prbs_ber_pad_top/u_prbs_ber_chip_top/u_csr_regbank/inc_add_192_68_g493__5107 calls port VDD not declared in module HA1D0BWP7T
Warning: prbs_ber_pad_top/u_prbs_ber_chip_top/u_csr_regbank/inc_add_192_68_g494__6260 calls port VSS not declared in module CKXOR2D1BWP7T
Warning: prbs_ber_pad_top/u_prbs_ber_chip_top/u_csr_regbank/inc_add_192_68_g494__6260 calls port VDD not declared in module CKXOR2D1BWP7T
Warning: prbs_ber_pad_top/u_prbs_ber_chip_top/u_csr_regbank/inc_add_192_68_g495__4319 calls port VSS not declared in module HA1D0BWP7T
Warning: prbs_ber_pad_top/u_prbs_ber_chip_top/u_csr_regbank/inc_add_192_68_g495__4319 calls port VDD not declared in module HA1D0BWP7T
Warning: prbs_ber_pad_top/u_prbs_ber_chip_top/u_csr_regbank/inc_add_192_68_g496__8428 calls port VSS not declared in module HA1D0BWP7T
Warning: prbs_ber_pad_top/u_prbs_ber_chip_top/u_csr_regbank/inc_add_192_68_g496__8428 calls port VDD not declared in module HA1D0BWP7T
Warning: prbs_ber_pad_top/u_prbs_ber_chip_top/u_csr_regbank/inc_add_192_68_g497__5526 calls port VSS not declared in module AN3D1BWP7T
Warning: prbs_ber_pad_top/u_prbs_ber_chip_top/u_csr_regbank/inc_add_192_68_g497__5526 calls port VDD not declared in module AN3D1BWP7T
Warning: prbs_ber_pad_top/u_prbs_ber_chip_top/u_csr_regbank/inc_add_192_68_g498__6783 calls port VSS not declared in module CKXOR2D1BWP7T
Warning: prbs_ber_pad_top/u_prbs_ber_chip_top/u_csr_regbank/inc_add_192_68_g498__6783 calls port VDD not declared in module CKXOR2D1BWP7T
Warning: prbs_ber_pad_top/u_prbs_ber_chip_top/u_csr_regbank/inc_add_192_68_g499__3680 calls port VSS not declared in module HA1D0BWP7T
Warning: prbs_ber_pad_top/u_prbs_ber_chip_top/u_csr_regbank/inc_add_192_68_g499__3680 calls port VDD not declared in module HA1D0BWP7T
Warning: prbs_ber_pad_top/u_prbs_ber_chip_top/u_csr_regbank/inc_add_192_68_g500__1617 calls port VSS not declared in module HA1D0BWP7T
Warning: prbs_ber_pad_top/u_prbs_ber_chip_top/u_csr_regbank/inc_add_192_68_g500__1617 calls port VDD not declared in module HA1D0BWP7T
Warning: prbs_ber_pad_top/u_prbs_ber_chip_top/u_csr_regbank/inc_add_192_68_g501__2802 calls port VSS not declared in module NR4D0BWP7T
Warning: prbs_ber_pad_top/u_prbs_ber_chip_top/u_csr_regbank/inc_add_192_68_g501__2802 calls port VDD not declared in module NR4D0BWP7T
Warning: prbs_ber_pad_top/u_prbs_ber_chip_top/u_csr_regbank/inc_add_192_68_g502__1705 calls port VSS not declared in module CKXOR2D1BWP7T
Warning: prbs_ber_pad_top/u_prbs_ber_chip_top/u_csr_regbank/inc_add_192_68_g502__1705 calls port VDD not declared in module CKXOR2D1BWP7T
Warning: prbs_ber_pad_top/u_prbs_ber_chip_top/u_csr_regbank/inc_add_192_68_g503__5122 calls port VSS not declared in module HA1D0BWP7T
Warning: prbs_ber_pad_top/u_prbs_ber_chip_top/u_csr_regbank/inc_add_192_68_g503__5122 calls port VDD not declared in module HA1D0BWP7T
Warning: prbs_ber_pad_top/u_prbs_ber_chip_top/u_csr_regbank/inc_add_192_68_g504__8246 calls port VSS not declared in module HA1D0BWP7T
Warning: prbs_ber_pad_top/u_prbs_ber_chip_top/u_csr_regbank/inc_add_192_68_g504__8246 calls port VDD not declared in module HA1D0BWP7T
Warning: prbs_ber_pad_top/u_prbs_ber_chip_top/u_csr_regbank/inc_add_192_68_g505__7098 calls port VSS not declared in module NR3D0BWP7T
Warning: prbs_ber_pad_top/u_prbs_ber_chip_top/u_csr_regbank/inc_add_192_68_g505__7098 calls port VDD not declared in module NR3D0BWP7T
Warning: prbs_ber_pad_top/u_prbs_ber_chip_top/u_csr_regbank/inc_add_192_68_g506__6131 calls port VSS not declared in module CKXOR2D1BWP7T
Warning: prbs_ber_pad_top/u_prbs_ber_chip_top/u_csr_regbank/inc_add_192_68_g506__6131 calls port VDD not declared in module CKXOR2D1BWP7T
Warning: prbs_ber_pad_top/u_prbs_ber_chip_top/u_csr_regbank/inc_add_192_68_g507__1881 calls port VSS not declared in module HA1D0BWP7T
Warning: prbs_ber_pad_top/u_prbs_ber_chip_top/u_csr_regbank/inc_add_192_68_g507__1881 calls port VDD not declared in module HA1D0BWP7T
Warning: prbs_ber_pad_top/u_prbs_ber_chip_top/u_csr_regbank/inc_add_192_68_g508__5115 calls port VSS not declared in module NR2XD0BWP7T
Warning: prbs_ber_pad_top/u_prbs_ber_chip_top/u_csr_regbank/inc_add_192_68_g508__5115 calls port VDD not declared in module NR2XD0BWP7T
Warning: prbs_ber_pad_top/u_prbs_ber_chip_top/u_csr_regbank/inc_add_192_68_g509__7482 calls port VSS not declared in module NR2XD0BWP7T
Warning: prbs_ber_pad_top/u_prbs_ber_chip_top/u_csr_regbank/inc_add_192_68_g509__7482 calls port VDD not declared in module NR2XD0BWP7T
Warning: prbs_ber_pad_top/u_prbs_ber_chip_top/u_csr_regbank/inc_add_192_68_g510__4733 calls port VSS not declared in module CKXOR2D1BWP7T
Warning: prbs_ber_pad_top/u_prbs_ber_chip_top/u_csr_regbank/inc_add_192_68_g510__4733 calls port VDD not declared in module CKXOR2D1BWP7T
Warning: prbs_ber_pad_top/u_prbs_ber_chip_top/u_csr_regbank/inc_add_192_68_g511__6161 calls port VSS not declared in module HA1D0BWP7T
Warning: prbs_ber_pad_top/u_prbs_ber_chip_top/u_csr_regbank/inc_add_192_68_g511__6161 calls port VDD not declared in module HA1D0BWP7T
Warning: prbs_ber_pad_top/u_prbs_ber_chip_top/u_csr_regbank/inc_add_192_68_g512__9315 calls port VSS not declared in module HA1D0BWP7T
Warning: prbs_ber_pad_top/u_prbs_ber_chip_top/u_csr_regbank/inc_add_192_68_g512__9315 calls port VDD not declared in module HA1D0BWP7T
Warning: prbs_ber_pad_top/u_prbs_ber_chip_top/u_csr_regbank/inc_add_192_68_g513 calls port VSS not declared in module INVD1BWP7T
Warning: prbs_ber_pad_top/u_prbs_ber_chip_top/u_csr_regbank/inc_add_192_68_g513 calls port VDD not declared in module INVD1BWP7T
Warning: prbs_ber_pad_top/u_prbs_ber_chip_top/u_csr_regbank/inc_add_192_68_g514__9945 calls port VSS not declared in module ND2D1BWP7T
Warning: prbs_ber_pad_top/u_prbs_ber_chip_top/u_csr_regbank/inc_add_192_68_g514__9945 calls port VDD not declared in module ND2D1BWP7T
Warning: prbs_ber_pad_top/u_prbs_ber_chip_top/u_csr_regbank/inc_add_192_68_g515__2883 calls port VSS not declared in module CKXOR2D1BWP7T
Warning: prbs_ber_pad_top/u_prbs_ber_chip_top/u_csr_regbank/inc_add_192_68_g515__2883 calls port VDD not declared in module CKXOR2D1BWP7T
Warning: prbs_ber_pad_top/u_prbs_ber_chip_top/u_csr_regbank/inc_add_192_68_g516__2346 calls port VSS not declared in module HA1D0BWP7T
Warning: prbs_ber_pad_top/u_prbs_ber_chip_top/u_csr_regbank/inc_add_192_68_g516__2346 calls port VDD not declared in module HA1D0BWP7T
Warning: prbs_ber_pad_top/u_prbs_ber_chip_top/u_csr_regbank/inc_add_192_68_g518__1666 calls port VSS not declared in module AN4D1BWP7T
Warning: prbs_ber_pad_top/u_prbs_ber_chip_top/u_csr_regbank/inc_add_192_68_g518__1666 calls port VDD not declared in module AN4D1BWP7T
Warning: prbs_ber_pad_top/u_prbs_ber_chip_top/u_csr_regbank/inc_add_192_68_g519__7410 calls port VSS not declared in module HA1D0BWP7T
Warning: prbs_ber_pad_top/u_prbs_ber_chip_top/u_csr_regbank/inc_add_192_68_g519__7410 calls port VDD not declared in module HA1D0BWP7T
Warning: prbs_ber_pad_top/u_prbs_ber_chip_top/u_csr_regbank/inc_add_192_68_g520__6417 calls port VSS not declared in module CKAN2D1BWP7T
Warning: prbs_ber_pad_top/u_prbs_ber_chip_top/u_csr_regbank/inc_add_192_68_g520__6417 calls port VDD not declared in module CKAN2D1BWP7T
Warning: prbs_ber_pad_top/u_prbs_ber_chip_top/u_csr_regbank/inc_add_192_68_g521__5477 calls port VSS not declared in module INR2XD0BWP7T
Warning: prbs_ber_pad_top/u_prbs_ber_chip_top/u_csr_regbank/inc_add_192_68_g521__5477 calls port VDD not declared in module INR2XD0BWP7T
Warning: prbs_ber_pad_top/u_prbs_ber_chip_top/u_csr_regbank/inc_add_192_68_g522__2398 calls port VSS not declared in module CKAN2D1BWP7T
Warning: prbs_ber_pad_top/u_prbs_ber_chip_top/u_csr_regbank/inc_add_192_68_g522__2398 calls port VDD not declared in module CKAN2D1BWP7T
Warning: prbs_ber_pad_top/u_prbs_ber_chip_top/u_csr_regbank/inc_add_192_68_g523__5107 calls port VSS not declared in module NR2D1BWP7T
Warning: prbs_ber_pad_top/u_prbs_ber_chip_top/u_csr_regbank/inc_add_192_68_g523__5107 calls port VDD not declared in module NR2D1BWP7T
Warning: prbs_ber_pad_top/u_prbs_ber_chip_top/u_csr_regbank/inc_add_192_68_g524 calls port VSS not declared in module INVD1BWP7T
Warning: prbs_ber_pad_top/u_prbs_ber_chip_top/u_csr_regbank/inc_add_192_68_g524 calls port VDD not declared in module INVD1BWP7T
Warning: prbs_ber_pad_top/u_prbs_ber_chip_top/u_csr_regbank/inc_add_192_68_g525__6260 calls port VSS not declared in module IND3D1BWP7T
Warning: prbs_ber_pad_top/u_prbs_ber_chip_top/u_csr_regbank/inc_add_192_68_g525__6260 calls port VDD not declared in module IND3D1BWP7T
Warning: prbs_ber_pad_top/u_prbs_ber_chip_top/u_csr_regbank/inc_add_192_68_g526__4319 calls port VSS not declared in module NR2XD0BWP7T
Warning: prbs_ber_pad_top/u_prbs_ber_chip_top/u_csr_regbank/inc_add_192_68_g526__4319 calls port VDD not declared in module NR2XD0BWP7T
Warning: prbs_ber_pad_top/u_prbs_ber_chip_top/u_csr_regbank/inc_add_192_68_g527__8428 calls port VSS not declared in module OA21D0BWP7T
Warning: prbs_ber_pad_top/u_prbs_ber_chip_top/u_csr_regbank/inc_add_192_68_g527__8428 calls port VDD not declared in module OA21D0BWP7T
Warning: prbs_ber_pad_top/u_prbs_ber_chip_top/u_csr_regbank/inc_add_192_68_g528__5526 calls port VSS not declared in module AN4D0BWP7T
Warning: prbs_ber_pad_top/u_prbs_ber_chip_top/u_csr_regbank/inc_add_192_68_g528__5526 calls port VDD not declared in module AN4D0BWP7T
Warning: prbs_ber_pad_top/u_prbs_ber_chip_top/u_csr_regbank/inc_add_192_68_g529__6783 calls port VSS not declared in module AN4D1BWP7T
Warning: prbs_ber_pad_top/u_prbs_ber_chip_top/u_csr_regbank/inc_add_192_68_g529__6783 calls port VDD not declared in module AN4D1BWP7T
Warning: prbs_ber_pad_top/u_prbs_ber_chip_top/u_csr_regbank/inc_add_192_68_g531__3680 calls port VSS not declared in module CKAN2D1BWP7T
Warning: prbs_ber_pad_top/u_prbs_ber_chip_top/u_csr_regbank/inc_add_192_68_g531__3680 calls port VDD not declared in module CKAN2D1BWP7T
Warning: prbs_ber_pad_top/u_prbs_ber_chip_top/u_csr_regbank/inc_add_192_68_g532__1617 calls port VSS not declared in module ND2D1BWP7T
Warning: prbs_ber_pad_top/u_prbs_ber_chip_top/u_csr_regbank/inc_add_192_68_g532__1617 calls port VDD not declared in module ND2D1BWP7T
Warning: prbs_ber_pad_top/u_prbs_ber_chip_top/u_csr_regbank/inc_add_192_68_g533__2802 calls port VSS not declared in module ND2D1BWP7T
Warning: prbs_ber_pad_top/u_prbs_ber_chip_top/u_csr_regbank/inc_add_192_68_g533__2802 calls port VDD not declared in module ND2D1BWP7T
Warning: prbs_ber_pad_top/u_prbs_ber_chip_top/u_csr_regbank/inc_add_192_68_g534__1705 calls port VSS not declared in module ND2D1BWP7T
Warning: prbs_ber_pad_top/u_prbs_ber_chip_top/u_csr_regbank/inc_add_192_68_g534__1705 calls port VDD not declared in module ND2D1BWP7T
Warning: prbs_ber_pad_top/u_prbs_ber_chip_top/u_csr_regbank/inc_add_192_68_g535__5122 calls port VSS not declared in module ND2D1BWP7T
Warning: prbs_ber_pad_top/u_prbs_ber_chip_top/u_csr_regbank/inc_add_192_68_g535__5122 calls port VDD not declared in module ND2D1BWP7T
Warning: prbs_ber_pad_top/u_prbs_ber_chip_top/u_csr_regbank/inc_add_192_68_g536__8246 calls port VSS not declared in module ND2D1BWP7T
Warning: prbs_ber_pad_top/u_prbs_ber_chip_top/u_csr_regbank/inc_add_192_68_g536__8246 calls port VDD not declared in module ND2D1BWP7T
Warning: prbs_ber_pad_top/u_prbs_ber_chip_top/u_csr_regbank/inc_add_192_68_g537__7098 calls port VSS not declared in module ND2D1BWP7T
Warning: prbs_ber_pad_top/u_prbs_ber_chip_top/u_csr_regbank/inc_add_192_68_g537__7098 calls port VDD not declared in module ND2D1BWP7T
Warning: prbs_ber_pad_top/u_prbs_ber_chip_top/u_csr_regbank/inc_add_192_68_g538__6131 calls port VSS not declared in module ND2D1BWP7T
Warning: prbs_ber_pad_top/u_prbs_ber_chip_top/u_csr_regbank/inc_add_192_68_g538__6131 calls port VDD not declared in module ND2D1BWP7T
Warning: prbs_ber_pad_top/u_prbs_ber_chip_top/u_csr_regbank/inc_add_192_68_g2__1881 calls port VSS not declared in module CKAN2D1BWP7T
Warning: prbs_ber_pad_top/u_prbs_ber_chip_top/u_csr_regbank/inc_add_192_68_g2__1881 calls port VDD not declared in module CKAN2D1BWP7T
Warning: prbs_ber_pad_top/u_prbs_ber_chip_top/u_csr_regbank/tie_0_cell calls port VSS not declared in module TIELBWP7T
Warning: prbs_ber_pad_top/u_prbs_ber_chip_top/u_csr_regbank/tie_0_cell calls port VDD not declared in module TIELBWP7T
Warning: prbs_ber_pad_top/u_prbs_ber_chip_top/u_csr_regbank/tie_0_cell1 calls port VSS not declared in module TIELBWP7T
Warning: prbs_ber_pad_top/u_prbs_ber_chip_top/u_csr_regbank/tie_0_cell1 calls port VDD not declared in module TIELBWP7T
Warning: prbs_ber_pad_top/u_prbs_ber_chip_top/u_csr_regbank/tie_0_cell2 calls port VSS not declared in module TIELBWP7T
Warning: prbs_ber_pad_top/u_prbs_ber_chip_top/u_csr_regbank/tie_0_cell2 calls port VDD not declared in module TIELBWP7T
Warning: prbs_ber_pad_top/u_prbs_ber_chip_top/u_csr_regbank/tie_0_cell3 calls port VSS not declared in module TIELBWP7T
Warning: prbs_ber_pad_top/u_prbs_ber_chip_top/u_csr_regbank/tie_0_cell3 calls port VDD not declared in module TIELBWP7T
Warning: prbs_ber_pad_top/u_prbs_ber_chip_top/u_csr_regbank/tie_0_cell4 calls port VSS not declared in module TIELBWP7T
Warning: prbs_ber_pad_top/u_prbs_ber_chip_top/u_csr_regbank/tie_0_cell4 calls port VDD not declared in module TIELBWP7T
Warning: prbs_ber_pad_top/u_prbs_ber_chip_top/u_csr_regbank/tie_0_cell5 calls port VSS not declared in module TIELBWP7T
Warning: prbs_ber_pad_top/u_prbs_ber_chip_top/u_csr_regbank/tie_0_cell5 calls port VDD not declared in module TIELBWP7T
Warning: prbs_ber_pad_top/u_prbs_ber_chip_top/u_csr_regbank/tie_0_cell6 calls port VSS not declared in module TIELBWP7T
Warning: prbs_ber_pad_top/u_prbs_ber_chip_top/u_csr_regbank/tie_0_cell6 calls port VDD not declared in module TIELBWP7T
Warning: prbs_ber_pad_top/u_prbs_ber_chip_top/u_csr_regbank/tie_0_cell7 calls port VSS not declared in module TIELBWP7T
Warning: prbs_ber_pad_top/u_prbs_ber_chip_top/u_csr_regbank/tie_0_cell7 calls port VDD not declared in module TIELBWP7T
Warning: prbs_ber_pad_top/u_prbs_ber_chip_top/u_csr_regbank/tie_0_cell8 calls port VSS not declared in module TIELBWP7T
Warning: prbs_ber_pad_top/u_prbs_ber_chip_top/u_csr_regbank/tie_0_cell8 calls port VDD not declared in module TIELBWP7T
Warning: prbs_ber_pad_top/u_prbs_ber_chip_top/u_csr_regbank/tie_0_cell9 calls port VSS not declared in module TIELBWP7T
Warning: prbs_ber_pad_top/u_prbs_ber_chip_top/u_csr_regbank/tie_0_cell9 calls port VDD not declared in module TIELBWP7T
Warning: prbs_ber_pad_top/u_prbs_ber_chip_top/u_csr_regbank/tie_0_cell10 calls port VSS not declared in module TIELBWP7T
Warning: prbs_ber_pad_top/u_prbs_ber_chip_top/u_csr_regbank/tie_0_cell10 calls port VDD not declared in module TIELBWP7T
Warning: prbs_ber_pad_top/u_prbs_ber_chip_top/u_measure_ctrl/FE_RC_14_0 calls port VSS not declared in module NR3D0BWP7T
Warning: prbs_ber_pad_top/u_prbs_ber_chip_top/u_measure_ctrl/FE_RC_14_0 calls port VDD not declared in module NR3D0BWP7T
Warning: prbs_ber_pad_top/u_prbs_ber_chip_top/u_measure_ctrl/FE_RC_13_0 calls port VSS not declared in module ND3D2BWP7T
Warning: prbs_ber_pad_top/u_prbs_ber_chip_top/u_measure_ctrl/FE_RC_13_0 calls port VDD not declared in module ND3D2BWP7T
Warning: prbs_ber_pad_top/u_prbs_ber_chip_top/u_measure_ctrl/FE_OFC33_n_34 calls port VSS not declared in module CKND1BWP7T
Warning: prbs_ber_pad_top/u_prbs_ber_chip_top/u_measure_ctrl/FE_OFC33_n_34 calls port VDD not declared in module CKND1BWP7T
Warning: prbs_ber_pad_top/u_prbs_ber_chip_top/u_measure_ctrl/FE_OFC31_n_35 calls port VSS not declared in module INVD1BWP7T
Warning: prbs_ber_pad_top/u_prbs_ber_chip_top/u_measure_ctrl/FE_OFC31_n_35 calls port VDD not declared in module INVD1BWP7T
Warning: prbs_ber_pad_top/u_prbs_ber_chip_top/u_measure_ctrl/FE_OFC29_dec_sub_53_58_n_47 calls port VSS not declared in module INVD1BWP7T
Warning: prbs_ber_pad_top/u_prbs_ber_chip_top/u_measure_ctrl/FE_OFC29_dec_sub_53_58_n_47 calls port VDD not declared in module INVD1BWP7T
Warning: prbs_ber_pad_top/u_prbs_ber_chip_top/u_measure_ctrl/FE_OFC28_dec_sub_53_58_n_68 calls port VSS not declared in module INVD2P5BWP7T
Warning: prbs_ber_pad_top/u_prbs_ber_chip_top/u_measure_ctrl/FE_OFC28_dec_sub_53_58_n_68 calls port VDD not declared in module INVD2P5BWP7T
Warning: prbs_ber_pad_top/u_prbs_ber_chip_top/u_measure_ctrl/FE_OFC27_60 calls port VSS not declared in module CKND1BWP7T
Warning: prbs_ber_pad_top/u_prbs_ber_chip_top/u_measure_ctrl/FE_OFC27_60 calls port VDD not declared in module CKND1BWP7T
Warning: prbs_ber_pad_top/u_prbs_ber_chip_top/u_measure_ctrl/FE_RC_8_0 calls port VSS not declared in module CKND0BWP7T
Warning: prbs_ber_pad_top/u_prbs_ber_chip_top/u_measure_ctrl/FE_RC_8_0 calls port VDD not declared in module CKND0BWP7T
Warning: prbs_ber_pad_top/u_prbs_ber_chip_top/u_measure_ctrl/FE_RC_7_0 calls port VSS not declared in module IND2D2BWP7T
Warning: prbs_ber_pad_top/u_prbs_ber_chip_top/u_measure_ctrl/FE_RC_7_0 calls port VDD not declared in module IND2D2BWP7T
Warning: prbs_ber_pad_top/u_prbs_ber_chip_top/u_measure_ctrl/FE_RC_6_0 calls port VSS not declared in module ND3D2BWP7T
Warning: prbs_ber_pad_top/u_prbs_ber_chip_top/u_measure_ctrl/FE_RC_6_0 calls port VDD not declared in module ND3D2BWP7T
Warning: prbs_ber_pad_top/u_prbs_ber_chip_top/u_measure_ctrl/FE_OFC19_dec_sub_53_58_n_96 calls port VSS not declared in module INVD1BWP7T
Warning: prbs_ber_pad_top/u_prbs_ber_chip_top/u_measure_ctrl/FE_OFC19_dec_sub_53_58_n_96 calls port VDD not declared in module INVD1BWP7T
Warning: prbs_ber_pad_top/u_prbs_ber_chip_top/u_measure_ctrl/FE_OFC18_66 calls port VSS not declared in module INVD0BWP7T
Warning: prbs_ber_pad_top/u_prbs_ber_chip_top/u_measure_ctrl/FE_OFC18_66 calls port VDD not declared in module INVD0BWP7T
Warning: prbs_ber_pad_top/u_prbs_ber_chip_top/u_measure_ctrl/FE_RC_5_0 calls port VSS not declared in module OR2D1BWP7T
Warning: prbs_ber_pad_top/u_prbs_ber_chip_top/u_measure_ctrl/FE_RC_5_0 calls port VDD not declared in module OR2D1BWP7T
Warning: prbs_ber_pad_top/u_prbs_ber_chip_top/u_measure_ctrl/FE_RC_3_0 calls port VSS not declared in module AOI22D0BWP7T
Warning: prbs_ber_pad_top/u_prbs_ber_chip_top/u_measure_ctrl/FE_RC_3_0 calls port VDD not declared in module AOI22D0BWP7T
Warning: prbs_ber_pad_top/u_prbs_ber_chip_top/u_measure_ctrl/FE_RC_2_0 calls port VSS not declared in module IOA21D1BWP7T
Warning: prbs_ber_pad_top/u_prbs_ber_chip_top/u_measure_ctrl/FE_RC_2_0 calls port VDD not declared in module IOA21D1BWP7T
Warning: prbs_ber_pad_top/u_prbs_ber_chip_top/u_measure_ctrl/FE_RC_0_0 calls port VSS not declared in module NR3D0BWP7T
Warning: prbs_ber_pad_top/u_prbs_ber_chip_top/u_measure_ctrl/FE_RC_0_0 calls port VDD not declared in module NR3D0BWP7T
Warning: prbs_ber_pad_top/u_prbs_ber_chip_top/u_measure_ctrl/CLKGATE_RC_CG_HIER_INST18/RC_CGIC_INST calls port VSS not declared in module CKLNQD1BWP7T
Warning: prbs_ber_pad_top/u_prbs_ber_chip_top/u_measure_ctrl/CLKGATE_RC_CG_HIER_INST18/RC_CGIC_INST calls port VDD not declared in module CKLNQD1BWP7T
Warning: prbs_ber_pad_top/u_prbs_ber_chip_top/u_measure_ctrl/g656 calls port VSS not declared in module INVD1BWP7T
Warning: prbs_ber_pad_top/u_prbs_ber_chip_top/u_measure_ctrl/g656 calls port VDD not declared in module INVD1BWP7T
Warning: prbs_ber_pad_top/u_prbs_ber_chip_top/u_measure_ctrl/clear_count_pulse_reg calls port VSS not declared in module DFKCNQD1BWP7T
Warning: prbs_ber_pad_top/u_prbs_ber_chip_top/u_measure_ctrl/clear_count_pulse_reg calls port VDD not declared in module DFKCNQD1BWP7T
Warning: prbs_ber_pad_top/u_prbs_ber_chip_top/u_measure_ctrl/g664__5115 calls port VSS not declared in module ND2D1BWP7T
Warning: prbs_ber_pad_top/u_prbs_ber_chip_top/u_measure_ctrl/g664__5115 calls port VDD not declared in module ND2D1BWP7T
Warning: prbs_ber_pad_top/u_prbs_ber_chip_top/u_measure_ctrl/g665__7482 calls port VSS not declared in module NR2XD0BWP7T
Warning: prbs_ber_pad_top/u_prbs_ber_chip_top/u_measure_ctrl/g665__7482 calls port VDD not declared in module NR2XD0BWP7T
Warning: prbs_ber_pad_top/u_prbs_ber_chip_top/u_measure_ctrl/g666__4733 calls port VSS not declared in module ND2D1BWP7T
Warning: prbs_ber_pad_top/u_prbs_ber_chip_top/u_measure_ctrl/g666__4733 calls port VDD not declared in module ND2D1BWP7T
Warning: prbs_ber_pad_top/u_prbs_ber_chip_top/u_measure_ctrl/g667__6161 calls port VSS not declared in module IND2D1BWP7T
Warning: prbs_ber_pad_top/u_prbs_ber_chip_top/u_measure_ctrl/g667__6161 calls port VDD not declared in module IND2D1BWP7T
Warning: prbs_ber_pad_top/u_prbs_ber_chip_top/u_measure_ctrl/g668__9315 calls port VSS not declared in module IND2D1BWP7T
Warning: prbs_ber_pad_top/u_prbs_ber_chip_top/u_measure_ctrl/g668__9315 calls port VDD not declared in module IND2D1BWP7T
Warning: prbs_ber_pad_top/u_prbs_ber_chip_top/u_measure_ctrl/g669 calls port VSS not declared in module INVD1BWP7T
Warning: prbs_ber_pad_top/u_prbs_ber_chip_top/u_measure_ctrl/g669 calls port VDD not declared in module INVD1BWP7T
Warning: prbs_ber_pad_top/u_prbs_ber_chip_top/u_measure_ctrl/busy_q_reg calls port VSS not declared in module DFXQD1BWP7T
Warning: prbs_ber_pad_top/u_prbs_ber_chip_top/u_measure_ctrl/busy_q_reg calls port VDD not declared in module DFXQD1BWP7T
Warning: prbs_ber_pad_top/u_prbs_ber_chip_top/u_measure_ctrl/done_q_reg calls port VSS not declared in module DFXQD1BWP7T
Warning: prbs_ber_pad_top/u_prbs_ber_chip_top/u_measure_ctrl/done_q_reg calls port VDD not declared in module DFXQD1BWP7T
Warning: prbs_ber_pad_top/u_prbs_ber_chip_top/u_measure_ctrl/overflow_q_reg calls port VSS not declared in module EDFKCNQD1BWP7T
Warning: prbs_ber_pad_top/u_prbs_ber_chip_top/u_measure_ctrl/overflow_q_reg calls port VDD not declared in module EDFKCNQD1BWP7T
Warning: prbs_ber_pad_top/u_prbs_ber_chip_top/u_measure_ctrl/g975__2883 calls port VSS not declared in module AO31D1BWP7T
Warning: prbs_ber_pad_top/u_prbs_ber_chip_top/u_measure_ctrl/g975__2883 calls port VDD not declared in module AO31D1BWP7T
Warning: prbs_ber_pad_top/u_prbs_ber_chip_top/u_measure_ctrl/g976__2346 calls port VSS not declared in module IINR4D0BWP7T
Warning: prbs_ber_pad_top/u_prbs_ber_chip_top/u_measure_ctrl/g976__2346 calls port VDD not declared in module IINR4D0BWP7T
Warning: prbs_ber_pad_top/u_prbs_ber_chip_top/u_measure_ctrl/g977__1666 calls port VSS not declared in module IND4D0BWP7T
Warning: prbs_ber_pad_top/u_prbs_ber_chip_top/u_measure_ctrl/g977__1666 calls port VDD not declared in module IND4D0BWP7T
Warning: prbs_ber_pad_top/u_prbs_ber_chip_top/u_measure_ctrl/skip_window_check_q_reg calls port VSS not declared in module SDFQD0BWP7T
Warning: prbs_ber_pad_top/u_prbs_ber_chip_top/u_measure_ctrl/skip_window_check_q_reg calls port VDD not declared in module SDFQD0BWP7T
Warning: prbs_ber_pad_top/u_prbs_ber_chip_top/u_measure_ctrl/g979__7410 calls port VSS not declared in module AN4D1BWP7T
Warning: prbs_ber_pad_top/u_prbs_ber_chip_top/u_measure_ctrl/g979__7410 calls port VDD not declared in module AN4D1BWP7T
Warning: prbs_ber_pad_top/u_prbs_ber_chip_top/u_measure_ctrl/g980__6417 calls port VSS not declared in module IINR4D0BWP7T
Warning: prbs_ber_pad_top/u_prbs_ber_chip_top/u_measure_ctrl/g980__6417 calls port VDD not declared in module IINR4D0BWP7T
Warning: prbs_ber_pad_top/u_prbs_ber_chip_top/u_measure_ctrl/g981__5477 calls port VSS not declared in module NR4D0BWP7T
Warning: prbs_ber_pad_top/u_prbs_ber_chip_top/u_measure_ctrl/g981__5477 calls port VDD not declared in module NR4D0BWP7T
Warning: prbs_ber_pad_top/u_prbs_ber_chip_top/u_measure_ctrl/g982__2398 calls port VSS not declared in module NR4D0BWP7T
Warning: prbs_ber_pad_top/u_prbs_ber_chip_top/u_measure_ctrl/g982__2398 calls port VDD not declared in module NR4D0BWP7T
Warning: prbs_ber_pad_top/u_prbs_ber_chip_top/u_measure_ctrl/g983__5107 calls port VSS not declared in module NR2D1BWP7T
Warning: prbs_ber_pad_top/u_prbs_ber_chip_top/u_measure_ctrl/g983__5107 calls port VDD not declared in module NR2D1BWP7T
Warning: prbs_ber_pad_top/u_prbs_ber_chip_top/u_measure_ctrl/g984__6260 calls port VSS not declared in module INR4D0BWP7T
Warning: prbs_ber_pad_top/u_prbs_ber_chip_top/u_measure_ctrl/g984__6260 calls port VDD not declared in module INR4D0BWP7T
Warning: prbs_ber_pad_top/u_prbs_ber_chip_top/u_measure_ctrl/g985__4319 calls port VSS not declared in module NR3D0BWP7T
Warning: prbs_ber_pad_top/u_prbs_ber_chip_top/u_measure_ctrl/g985__4319 calls port VDD not declared in module NR3D0BWP7T
Warning: prbs_ber_pad_top/u_prbs_ber_chip_top/u_measure_ctrl/g986__8428 calls port VSS not declared in module OR3D1BWP7T
Warning: prbs_ber_pad_top/u_prbs_ber_chip_top/u_measure_ctrl/g986__8428 calls port VDD not declared in module OR3D1BWP7T
Warning: prbs_ber_pad_top/u_prbs_ber_chip_top/u_measure_ctrl/g987__5526 calls port VSS not declared in module NR3D0BWP7T
Warning: prbs_ber_pad_top/u_prbs_ber_chip_top/u_measure_ctrl/g987__5526 calls port VDD not declared in module NR3D0BWP7T
Warning: prbs_ber_pad_top/u_prbs_ber_chip_top/u_measure_ctrl/g988__6783 calls port VSS not declared in module NR3D0BWP7T
Warning: prbs_ber_pad_top/u_prbs_ber_chip_top/u_measure_ctrl/g988__6783 calls port VDD not declared in module NR3D0BWP7T
Warning: prbs_ber_pad_top/u_prbs_ber_chip_top/u_measure_ctrl/g989__3680 calls port VSS not declared in module NR3D0BWP7T
Warning: prbs_ber_pad_top/u_prbs_ber_chip_top/u_measure_ctrl/g989__3680 calls port VDD not declared in module NR3D0BWP7T
Warning: prbs_ber_pad_top/u_prbs_ber_chip_top/u_measure_ctrl/g990__1617 calls port VSS not declared in module NR4D0BWP7T
Warning: prbs_ber_pad_top/u_prbs_ber_chip_top/u_measure_ctrl/g990__1617 calls port VDD not declared in module NR4D0BWP7T
Warning: prbs_ber_pad_top/u_prbs_ber_chip_top/u_measure_ctrl/g991__2802 calls port VSS not declared in module ND3D0BWP7T
Warning: prbs_ber_pad_top/u_prbs_ber_chip_top/u_measure_ctrl/g991__2802 calls port VDD not declared in module ND3D0BWP7T
Warning: prbs_ber_pad_top/u_prbs_ber_chip_top/u_measure_ctrl/g992__1705 calls port VSS not declared in module NR4D0BWP7T
Warning: prbs_ber_pad_top/u_prbs_ber_chip_top/u_measure_ctrl/g992__1705 calls port VDD not declared in module NR4D0BWP7T
Warning: prbs_ber_pad_top/u_prbs_ber_chip_top/u_measure_ctrl/g993__5122 calls port VSS not declared in module NR3D0BWP7T
Warning: prbs_ber_pad_top/u_prbs_ber_chip_top/u_measure_ctrl/g993__5122 calls port VDD not declared in module NR3D0BWP7T
Warning: prbs_ber_pad_top/u_prbs_ber_chip_top/u_measure_ctrl/g994__8246 calls port VSS not declared in module ND4D0BWP7T
Warning: prbs_ber_pad_top/u_prbs_ber_chip_top/u_measure_ctrl/g994__8246 calls port VDD not declared in module ND4D0BWP7T
Warning: prbs_ber_pad_top/u_prbs_ber_chip_top/u_measure_ctrl/g995__7098 calls port VSS not declared in module ND4D0BWP7T
Warning: prbs_ber_pad_top/u_prbs_ber_chip_top/u_measure_ctrl/g995__7098 calls port VDD not declared in module ND4D0BWP7T
Warning: prbs_ber_pad_top/u_prbs_ber_chip_top/u_measure_ctrl/g996__6131 calls port VSS not declared in module ND4D0BWP7T
Warning: prbs_ber_pad_top/u_prbs_ber_chip_top/u_measure_ctrl/g996__6131 calls port VDD not declared in module ND4D0BWP7T
Warning: prbs_ber_pad_top/u_prbs_ber_chip_top/u_measure_ctrl/g997__1881 calls port VSS not declared in module ND4D0BWP7T
Warning: prbs_ber_pad_top/u_prbs_ber_chip_top/u_measure_ctrl/g997__1881 calls port VDD not declared in module ND4D0BWP7T
Warning: prbs_ber_pad_top/u_prbs_ber_chip_top/u_measure_ctrl/g998__5115 calls port VSS not declared in module NR4D0BWP7T
Warning: prbs_ber_pad_top/u_prbs_ber_chip_top/u_measure_ctrl/g998__5115 calls port VDD not declared in module NR4D0BWP7T
Warning: prbs_ber_pad_top/u_prbs_ber_chip_top/u_measure_ctrl/g999__7482 calls port VSS not declared in module ND4D0BWP7T
Warning: prbs_ber_pad_top/u_prbs_ber_chip_top/u_measure_ctrl/g999__7482 calls port VDD not declared in module ND4D0BWP7T
Warning: prbs_ber_pad_top/u_prbs_ber_chip_top/u_measure_ctrl/g1000__4733 calls port VSS not declared in module ND4D0BWP7T
Warning: prbs_ber_pad_top/u_prbs_ber_chip_top/u_measure_ctrl/g1000__4733 calls port VDD not declared in module ND4D0BWP7T
Warning: prbs_ber_pad_top/u_prbs_ber_chip_top/u_measure_ctrl/g1001__6161 calls port VSS not declared in module ND4D0BWP7T
Warning: prbs_ber_pad_top/u_prbs_ber_chip_top/u_measure_ctrl/g1001__6161 calls port VDD not declared in module ND4D0BWP7T
Warning: prbs_ber_pad_top/u_prbs_ber_chip_top/u_measure_ctrl/g1002__9315 calls port VSS not declared in module ND2D1BWP7T
Warning: prbs_ber_pad_top/u_prbs_ber_chip_top/u_measure_ctrl/g1002__9315 calls port VDD not declared in module ND2D1BWP7T
Warning: prbs_ber_pad_top/u_prbs_ber_chip_top/u_measure_ctrl/g1006 calls port VSS not declared in module INVD0BWP7T
Warning: prbs_ber_pad_top/u_prbs_ber_chip_top/u_measure_ctrl/g1006 calls port VDD not declared in module INVD0BWP7T
Warning: prbs_ber_pad_top/u_prbs_ber_chip_top/u_measure_ctrl/dec_sub_53_58_g867__9945 calls port VSS not declared in module OAI21D1BWP7T
Warning: prbs_ber_pad_top/u_prbs_ber_chip_top/u_measure_ctrl/dec_sub_53_58_g867__9945 calls port VDD not declared in module OAI21D1BWP7T
Warning: prbs_ber_pad_top/u_prbs_ber_chip_top/u_measure_ctrl/dec_sub_53_58_g868__2883 calls port VSS not declared in module OAI21D0BWP7T
Warning: prbs_ber_pad_top/u_prbs_ber_chip_top/u_measure_ctrl/dec_sub_53_58_g868__2883 calls port VDD not declared in module OAI21D0BWP7T
Warning: prbs_ber_pad_top/u_prbs_ber_chip_top/u_measure_ctrl/dec_sub_53_58_g869__2346 calls port VSS not declared in module ND2D1BWP7T
Warning: prbs_ber_pad_top/u_prbs_ber_chip_top/u_measure_ctrl/dec_sub_53_58_g869__2346 calls port VDD not declared in module ND2D1BWP7T
Warning: prbs_ber_pad_top/u_prbs_ber_chip_top/u_measure_ctrl/dec_sub_53_58_g870__1666 calls port VSS not declared in module IND2D1BWP7T
Warning: prbs_ber_pad_top/u_prbs_ber_chip_top/u_measure_ctrl/dec_sub_53_58_g870__1666 calls port VDD not declared in module IND2D1BWP7T
Warning: prbs_ber_pad_top/u_prbs_ber_chip_top/u_measure_ctrl/dec_sub_53_58_g872__6417 calls port VSS not declared in module OAI21D0BWP7T
Warning: prbs_ber_pad_top/u_prbs_ber_chip_top/u_measure_ctrl/dec_sub_53_58_g872__6417 calls port VDD not declared in module OAI21D0BWP7T
Warning: prbs_ber_pad_top/u_prbs_ber_chip_top/u_measure_ctrl/dec_sub_53_58_g874__5477 calls port VSS not declared in module ND2D1BWP7T
Warning: prbs_ber_pad_top/u_prbs_ber_chip_top/u_measure_ctrl/dec_sub_53_58_g874__5477 calls port VDD not declared in module ND2D1BWP7T
Warning: prbs_ber_pad_top/u_prbs_ber_chip_top/u_measure_ctrl/dec_sub_53_58_g875__2398 calls port VSS not declared in module ND2D1BWP7T
Warning: prbs_ber_pad_top/u_prbs_ber_chip_top/u_measure_ctrl/dec_sub_53_58_g875__2398 calls port VDD not declared in module ND2D1BWP7T
Warning: prbs_ber_pad_top/u_prbs_ber_chip_top/u_measure_ctrl/dec_sub_53_58_g876__5107 calls port VSS not declared in module IOA21D1BWP7T
Warning: prbs_ber_pad_top/u_prbs_ber_chip_top/u_measure_ctrl/dec_sub_53_58_g876__5107 calls port VDD not declared in module IOA21D1BWP7T
Warning: prbs_ber_pad_top/u_prbs_ber_chip_top/u_measure_ctrl/dec_sub_53_58_g877__6260 calls port VSS not declared in module IOA21D1BWP7T
Warning: prbs_ber_pad_top/u_prbs_ber_chip_top/u_measure_ctrl/dec_sub_53_58_g877__6260 calls port VDD not declared in module IOA21D1BWP7T
Warning: prbs_ber_pad_top/u_prbs_ber_chip_top/u_measure_ctrl/dec_sub_53_58_g878__4319 calls port VSS not declared in module OAI21D0BWP7T
Warning: prbs_ber_pad_top/u_prbs_ber_chip_top/u_measure_ctrl/dec_sub_53_58_g878__4319 calls port VDD not declared in module OAI21D0BWP7T
Warning: prbs_ber_pad_top/u_prbs_ber_chip_top/u_measure_ctrl/dec_sub_53_58_g880__5526 calls port VSS not declared in module IOA21D1BWP7T
Warning: prbs_ber_pad_top/u_prbs_ber_chip_top/u_measure_ctrl/dec_sub_53_58_g880__5526 calls port VDD not declared in module IOA21D1BWP7T
Warning: prbs_ber_pad_top/u_prbs_ber_chip_top/u_measure_ctrl/dec_sub_53_58_g881__6783 calls port VSS not declared in module AO21D0BWP7T
Warning: prbs_ber_pad_top/u_prbs_ber_chip_top/u_measure_ctrl/dec_sub_53_58_g881__6783 calls port VDD not declared in module AO21D0BWP7T
Warning: prbs_ber_pad_top/u_prbs_ber_chip_top/u_measure_ctrl/dec_sub_53_58_g882__3680 calls port VSS not declared in module IOA21D1BWP7T
Warning: prbs_ber_pad_top/u_prbs_ber_chip_top/u_measure_ctrl/dec_sub_53_58_g882__3680 calls port VDD not declared in module IOA21D1BWP7T
Warning: prbs_ber_pad_top/u_prbs_ber_chip_top/u_measure_ctrl/dec_sub_53_58_g883__1617 calls port VSS not declared in module IOA21D1BWP7T
Warning: prbs_ber_pad_top/u_prbs_ber_chip_top/u_measure_ctrl/dec_sub_53_58_g883__1617 calls port VDD not declared in module IOA21D1BWP7T
Warning: prbs_ber_pad_top/u_prbs_ber_chip_top/u_measure_ctrl/dec_sub_53_58_g884__2802 calls port VSS not declared in module OAI21D0BWP7T
Warning: prbs_ber_pad_top/u_prbs_ber_chip_top/u_measure_ctrl/dec_sub_53_58_g884__2802 calls port VDD not declared in module OAI21D0BWP7T
Warning: prbs_ber_pad_top/u_prbs_ber_chip_top/u_measure_ctrl/dec_sub_53_58_g885__1705 calls port VSS not declared in module IOA21D1BWP7T
Warning: prbs_ber_pad_top/u_prbs_ber_chip_top/u_measure_ctrl/dec_sub_53_58_g885__1705 calls port VDD not declared in module IOA21D1BWP7T
Warning: prbs_ber_pad_top/u_prbs_ber_chip_top/u_measure_ctrl/dec_sub_53_58_g886__5122 calls port VSS not declared in module IOA21D1BWP7T
Warning: prbs_ber_pad_top/u_prbs_ber_chip_top/u_measure_ctrl/dec_sub_53_58_g886__5122 calls port VDD not declared in module IOA21D1BWP7T
Warning: prbs_ber_pad_top/u_prbs_ber_chip_top/u_measure_ctrl/dec_sub_53_58_g887__8246 calls port VSS not declared in module OAI22D0BWP7T
Warning: prbs_ber_pad_top/u_prbs_ber_chip_top/u_measure_ctrl/dec_sub_53_58_g887__8246 calls port VDD not declared in module OAI22D0BWP7T
Warning: prbs_ber_pad_top/u_prbs_ber_chip_top/u_measure_ctrl/dec_sub_53_58_g889__7098 calls port VSS not declared in module IND2D1BWP7T
Warning: prbs_ber_pad_top/u_prbs_ber_chip_top/u_measure_ctrl/dec_sub_53_58_g889__7098 calls port VDD not declared in module IND2D1BWP7T
Warning: prbs_ber_pad_top/u_prbs_ber_chip_top/u_measure_ctrl/dec_sub_53_58_g891__6131 calls port VSS not declared in module NR2XD0BWP7T
Warning: prbs_ber_pad_top/u_prbs_ber_chip_top/u_measure_ctrl/dec_sub_53_58_g891__6131 calls port VDD not declared in module NR2XD0BWP7T
Warning: prbs_ber_pad_top/u_prbs_ber_chip_top/u_measure_ctrl/dec_sub_53_58_g892__1881 calls port VSS not declared in module ND2D1BWP7T
Warning: prbs_ber_pad_top/u_prbs_ber_chip_top/u_measure_ctrl/dec_sub_53_58_g892__1881 calls port VDD not declared in module ND2D1BWP7T
Warning: prbs_ber_pad_top/u_prbs_ber_chip_top/u_measure_ctrl/dec_sub_53_58_g894__5115 calls port VSS not declared in module NR2XD1BWP7T
Warning: prbs_ber_pad_top/u_prbs_ber_chip_top/u_measure_ctrl/dec_sub_53_58_g894__5115 calls port VDD not declared in module NR2XD1BWP7T
Warning: prbs_ber_pad_top/u_prbs_ber_chip_top/u_measure_ctrl/dec_sub_53_58_g895__7482 calls port VSS not declared in module ND2D1BWP7T
Warning: prbs_ber_pad_top/u_prbs_ber_chip_top/u_measure_ctrl/dec_sub_53_58_g895__7482 calls port VDD not declared in module ND2D1BWP7T
Warning: prbs_ber_pad_top/u_prbs_ber_chip_top/u_measure_ctrl/dec_sub_53_58_g896__4733 calls port VSS not declared in module XNR2D1BWP7T
Warning: prbs_ber_pad_top/u_prbs_ber_chip_top/u_measure_ctrl/dec_sub_53_58_g896__4733 calls port VDD not declared in module XNR2D1BWP7T
Warning: prbs_ber_pad_top/u_prbs_ber_chip_top/u_measure_ctrl/dec_sub_53_58_g897__6161 calls port VSS not declared in module MOAI22D0BWP7T
Warning: prbs_ber_pad_top/u_prbs_ber_chip_top/u_measure_ctrl/dec_sub_53_58_g897__6161 calls port VDD not declared in module MOAI22D0BWP7T
Warning: prbs_ber_pad_top/u_prbs_ber_chip_top/u_measure_ctrl/dec_sub_53_58_g898 calls port VSS not declared in module INVD1BWP7T
Warning: prbs_ber_pad_top/u_prbs_ber_chip_top/u_measure_ctrl/dec_sub_53_58_g898 calls port VDD not declared in module INVD1BWP7T
Warning: prbs_ber_pad_top/u_prbs_ber_chip_top/u_measure_ctrl/dec_sub_53_58_g900__9315 calls port VSS not declared in module NR2XD0BWP7T
Warning: prbs_ber_pad_top/u_prbs_ber_chip_top/u_measure_ctrl/dec_sub_53_58_g900__9315 calls port VDD not declared in module NR2XD0BWP7T
Warning: prbs_ber_pad_top/u_prbs_ber_chip_top/u_measure_ctrl/dec_sub_53_58_g901__9945 calls port VSS not declared in module ND2D1BWP7T
Warning: prbs_ber_pad_top/u_prbs_ber_chip_top/u_measure_ctrl/dec_sub_53_58_g901__9945 calls port VDD not declared in module ND2D1BWP7T
Warning: prbs_ber_pad_top/u_prbs_ber_chip_top/u_measure_ctrl/dec_sub_53_58_g902__2883 calls port VSS not declared in module ND2D1BWP7T
Warning: prbs_ber_pad_top/u_prbs_ber_chip_top/u_measure_ctrl/dec_sub_53_58_g902__2883 calls port VDD not declared in module ND2D1BWP7T
Warning: prbs_ber_pad_top/u_prbs_ber_chip_top/u_measure_ctrl/dec_sub_53_58_g903__2346 calls port VSS not declared in module ND2D1BWP7T
Warning: prbs_ber_pad_top/u_prbs_ber_chip_top/u_measure_ctrl/dec_sub_53_58_g903__2346 calls port VDD not declared in module ND2D1BWP7T
Warning: prbs_ber_pad_top/u_prbs_ber_chip_top/u_measure_ctrl/dec_sub_53_58_g904__1666 calls port VSS not declared in module ND2D1BWP7T
Warning: prbs_ber_pad_top/u_prbs_ber_chip_top/u_measure_ctrl/dec_sub_53_58_g904__1666 calls port VDD not declared in module ND2D1BWP7T
Warning: prbs_ber_pad_top/u_prbs_ber_chip_top/u_measure_ctrl/dec_sub_53_58_g905__7410 calls port VSS not declared in module NR2XD0BWP7T
Warning: prbs_ber_pad_top/u_prbs_ber_chip_top/u_measure_ctrl/dec_sub_53_58_g905__7410 calls port VDD not declared in module NR2XD0BWP7T
Warning: prbs_ber_pad_top/u_prbs_ber_chip_top/u_measure_ctrl/dec_sub_53_58_g906__6417 calls port VSS not declared in module NR2D1BWP7T
Warning: prbs_ber_pad_top/u_prbs_ber_chip_top/u_measure_ctrl/dec_sub_53_58_g906__6417 calls port VDD not declared in module NR2D1BWP7T
Warning: prbs_ber_pad_top/u_prbs_ber_chip_top/u_measure_ctrl/dec_sub_53_58_g908 calls port VSS not declared in module INVD1BWP7T
Warning: prbs_ber_pad_top/u_prbs_ber_chip_top/u_measure_ctrl/dec_sub_53_58_g908 calls port VDD not declared in module INVD1BWP7T
Warning: prbs_ber_pad_top/u_prbs_ber_chip_top/u_measure_ctrl/dec_sub_53_58_g909__5477 calls port VSS not declared in module IOA21D1BWP7T
Warning: prbs_ber_pad_top/u_prbs_ber_chip_top/u_measure_ctrl/dec_sub_53_58_g909__5477 calls port VDD not declared in module IOA21D1BWP7T
Warning: prbs_ber_pad_top/u_prbs_ber_chip_top/u_measure_ctrl/dec_sub_53_58_g910__2398 calls port VSS not declared in module IOA21D1BWP7T
Warning: prbs_ber_pad_top/u_prbs_ber_chip_top/u_measure_ctrl/dec_sub_53_58_g910__2398 calls port VDD not declared in module IOA21D1BWP7T
Warning: prbs_ber_pad_top/u_prbs_ber_chip_top/u_measure_ctrl/dec_sub_53_58_g912__5107 calls port VSS not declared in module ND2D1BWP7T
Warning: prbs_ber_pad_top/u_prbs_ber_chip_top/u_measure_ctrl/dec_sub_53_58_g912__5107 calls port VDD not declared in module ND2D1BWP7T
Warning: prbs_ber_pad_top/u_prbs_ber_chip_top/u_measure_ctrl/dec_sub_53_58_g913__6260 calls port VSS not declared in module ND2D1BWP7T
Warning: prbs_ber_pad_top/u_prbs_ber_chip_top/u_measure_ctrl/dec_sub_53_58_g913__6260 calls port VDD not declared in module ND2D1BWP7T
Warning: prbs_ber_pad_top/u_prbs_ber_chip_top/u_measure_ctrl/dec_sub_53_58_g914__4319 calls port VSS not declared in module NR2D1BWP7T
Warning: prbs_ber_pad_top/u_prbs_ber_chip_top/u_measure_ctrl/dec_sub_53_58_g914__4319 calls port VDD not declared in module NR2D1BWP7T
Warning: prbs_ber_pad_top/u_prbs_ber_chip_top/u_measure_ctrl/dec_sub_53_58_g915__8428 calls port VSS not declared in module NR2D1BWP7T
Warning: prbs_ber_pad_top/u_prbs_ber_chip_top/u_measure_ctrl/dec_sub_53_58_g915__8428 calls port VDD not declared in module NR2D1BWP7T
Warning: prbs_ber_pad_top/u_prbs_ber_chip_top/u_measure_ctrl/dec_sub_53_58_g916__5526 calls port VSS not declared in module IND3D1BWP7T
Warning: prbs_ber_pad_top/u_prbs_ber_chip_top/u_measure_ctrl/dec_sub_53_58_g916__5526 calls port VDD not declared in module IND3D1BWP7T
Warning: prbs_ber_pad_top/u_prbs_ber_chip_top/u_measure_ctrl/dec_sub_53_58_g917__6783 calls port VSS not declared in module IND3D1BWP7T
Warning: prbs_ber_pad_top/u_prbs_ber_chip_top/u_measure_ctrl/dec_sub_53_58_g917__6783 calls port VDD not declared in module IND3D1BWP7T
Warning: prbs_ber_pad_top/u_prbs_ber_chip_top/u_measure_ctrl/dec_sub_53_58_g918__3680 calls port VSS not declared in module ND2D1BWP7T
Warning: prbs_ber_pad_top/u_prbs_ber_chip_top/u_measure_ctrl/dec_sub_53_58_g918__3680 calls port VDD not declared in module ND2D1BWP7T
Warning: prbs_ber_pad_top/u_prbs_ber_chip_top/u_measure_ctrl/dec_sub_53_58_g919 calls port VSS not declared in module INVD1BWP7T
Warning: prbs_ber_pad_top/u_prbs_ber_chip_top/u_measure_ctrl/dec_sub_53_58_g919 calls port VDD not declared in module INVD1BWP7T
Warning: prbs_ber_pad_top/u_prbs_ber_chip_top/u_measure_ctrl/dec_sub_53_58_g921__1617 calls port VSS not declared in module HA1D0BWP7T
Warning: prbs_ber_pad_top/u_prbs_ber_chip_top/u_measure_ctrl/dec_sub_53_58_g921__1617 calls port VDD not declared in module HA1D0BWP7T
Warning: prbs_ber_pad_top/u_prbs_ber_chip_top/u_measure_ctrl/dec_sub_53_58_g922__2802 calls port VSS not declared in module IND2D1BWP7T
Warning: prbs_ber_pad_top/u_prbs_ber_chip_top/u_measure_ctrl/dec_sub_53_58_g922__2802 calls port VDD not declared in module IND2D1BWP7T
Warning: prbs_ber_pad_top/u_prbs_ber_chip_top/u_measure_ctrl/dec_sub_53_58_g923__1705 calls port VSS not declared in module ND2D1BWP7T
Warning: prbs_ber_pad_top/u_prbs_ber_chip_top/u_measure_ctrl/dec_sub_53_58_g923__1705 calls port VDD not declared in module ND2D1BWP7T
Warning: prbs_ber_pad_top/u_prbs_ber_chip_top/u_measure_ctrl/dec_sub_53_58_g925__5122 calls port VSS not declared in module IND2D1BWP7T
Warning: prbs_ber_pad_top/u_prbs_ber_chip_top/u_measure_ctrl/dec_sub_53_58_g925__5122 calls port VDD not declared in module IND2D1BWP7T
Warning: prbs_ber_pad_top/u_prbs_ber_chip_top/u_measure_ctrl/dec_sub_53_58_g927__8246 calls port VSS not declared in module ND2D3BWP7T
Warning: prbs_ber_pad_top/u_prbs_ber_chip_top/u_measure_ctrl/dec_sub_53_58_g927__8246 calls port VDD not declared in module ND2D3BWP7T
Warning: prbs_ber_pad_top/u_prbs_ber_chip_top/u_measure_ctrl/dec_sub_53_58_g928__7098 calls port VSS not declared in module IOA21D1BWP7T
Warning: prbs_ber_pad_top/u_prbs_ber_chip_top/u_measure_ctrl/dec_sub_53_58_g928__7098 calls port VDD not declared in module IOA21D1BWP7T
Warning: prbs_ber_pad_top/u_prbs_ber_chip_top/u_measure_ctrl/dec_sub_53_58_g929__6131 calls port VSS not declared in module AO21D0BWP7T
Warning: prbs_ber_pad_top/u_prbs_ber_chip_top/u_measure_ctrl/dec_sub_53_58_g929__6131 calls port VDD not declared in module AO21D0BWP7T
Warning: prbs_ber_pad_top/u_prbs_ber_chip_top/u_measure_ctrl/dec_sub_53_58_g931__1881 calls port VSS not declared in module HA1D0BWP7T
Warning: prbs_ber_pad_top/u_prbs_ber_chip_top/u_measure_ctrl/dec_sub_53_58_g931__1881 calls port VDD not declared in module HA1D0BWP7T
Warning: prbs_ber_pad_top/u_prbs_ber_chip_top/u_measure_ctrl/dec_sub_53_58_g932__5115 calls port VSS not declared in module ND2D1BWP7T
Warning: prbs_ber_pad_top/u_prbs_ber_chip_top/u_measure_ctrl/dec_sub_53_58_g932__5115 calls port VDD not declared in module ND2D1BWP7T
Warning: prbs_ber_pad_top/u_prbs_ber_chip_top/u_measure_ctrl/dec_sub_53_58_g933__7482 calls port VSS not declared in module IND2D1BWP7T
Warning: prbs_ber_pad_top/u_prbs_ber_chip_top/u_measure_ctrl/dec_sub_53_58_g933__7482 calls port VDD not declared in module IND2D1BWP7T
Warning: prbs_ber_pad_top/u_prbs_ber_chip_top/u_measure_ctrl/dec_sub_53_58_g934__4733 calls port VSS not declared in module NR2XD0BWP7T
Warning: prbs_ber_pad_top/u_prbs_ber_chip_top/u_measure_ctrl/dec_sub_53_58_g934__4733 calls port VDD not declared in module NR2XD0BWP7T
Warning: prbs_ber_pad_top/u_prbs_ber_chip_top/u_measure_ctrl/dec_sub_53_58_g935 calls port VSS not declared in module INVD1BWP7T
Warning: prbs_ber_pad_top/u_prbs_ber_chip_top/u_measure_ctrl/dec_sub_53_58_g935 calls port VDD not declared in module INVD1BWP7T
Warning: prbs_ber_pad_top/u_prbs_ber_chip_top/u_measure_ctrl/dec_sub_53_58_g936__6161 calls port VSS not declared in module NR2XD1BWP7T
Warning: prbs_ber_pad_top/u_prbs_ber_chip_top/u_measure_ctrl/dec_sub_53_58_g936__6161 calls port VDD not declared in module NR2XD1BWP7T
Warning: prbs_ber_pad_top/u_prbs_ber_chip_top/u_measure_ctrl/dec_sub_53_58_g937__9315 calls port VSS not declared in module ND2D1BWP7T
Warning: prbs_ber_pad_top/u_prbs_ber_chip_top/u_measure_ctrl/dec_sub_53_58_g937__9315 calls port VDD not declared in module ND2D1BWP7T
Warning: prbs_ber_pad_top/u_prbs_ber_chip_top/u_measure_ctrl/dec_sub_53_58_g938 calls port VSS not declared in module INVD1BWP7T
Warning: prbs_ber_pad_top/u_prbs_ber_chip_top/u_measure_ctrl/dec_sub_53_58_g938 calls port VDD not declared in module INVD1BWP7T
Warning: prbs_ber_pad_top/u_prbs_ber_chip_top/u_measure_ctrl/dec_sub_53_58_g940__9945 calls port VSS not declared in module ND2D1BWP7T
Warning: prbs_ber_pad_top/u_prbs_ber_chip_top/u_measure_ctrl/dec_sub_53_58_g940__9945 calls port VDD not declared in module ND2D1BWP7T
Warning: prbs_ber_pad_top/u_prbs_ber_chip_top/u_measure_ctrl/dec_sub_53_58_g941__2883 calls port VSS not declared in module INR2D1BWP7T
Warning: prbs_ber_pad_top/u_prbs_ber_chip_top/u_measure_ctrl/dec_sub_53_58_g941__2883 calls port VDD not declared in module INR2D1BWP7T
Warning: prbs_ber_pad_top/u_prbs_ber_chip_top/u_measure_ctrl/dec_sub_53_58_g942__2346 calls port VSS not declared in module IND2D1BWP7T
Warning: prbs_ber_pad_top/u_prbs_ber_chip_top/u_measure_ctrl/dec_sub_53_58_g942__2346 calls port VDD not declared in module IND2D1BWP7T
Warning: prbs_ber_pad_top/u_prbs_ber_chip_top/u_measure_ctrl/dec_sub_53_58_g943 calls port VSS not declared in module INVD1BWP7T
Warning: prbs_ber_pad_top/u_prbs_ber_chip_top/u_measure_ctrl/dec_sub_53_58_g943 calls port VDD not declared in module INVD1BWP7T
Warning: prbs_ber_pad_top/u_prbs_ber_chip_top/u_measure_ctrl/dec_sub_53_58_g944__1666 calls port VSS not declared in module ND2D1BWP7T
Warning: prbs_ber_pad_top/u_prbs_ber_chip_top/u_measure_ctrl/dec_sub_53_58_g944__1666 calls port VDD not declared in module ND2D1BWP7T
Warning: prbs_ber_pad_top/u_prbs_ber_chip_top/u_measure_ctrl/dec_sub_53_58_g945__7410 calls port VSS not declared in module NR2D1BWP7T
Warning: prbs_ber_pad_top/u_prbs_ber_chip_top/u_measure_ctrl/dec_sub_53_58_g945__7410 calls port VDD not declared in module NR2D1BWP7T
Warning: prbs_ber_pad_top/u_prbs_ber_chip_top/u_measure_ctrl/dec_sub_53_58_g946__6417 calls port VSS not declared in module ND2D1BWP7T
Warning: prbs_ber_pad_top/u_prbs_ber_chip_top/u_measure_ctrl/dec_sub_53_58_g946__6417 calls port VDD not declared in module ND2D1BWP7T
Warning: prbs_ber_pad_top/u_prbs_ber_chip_top/u_measure_ctrl/dec_sub_53_58_g948__5477 calls port VSS not declared in module NR2XD1BWP7T
Warning: prbs_ber_pad_top/u_prbs_ber_chip_top/u_measure_ctrl/dec_sub_53_58_g948__5477 calls port VDD not declared in module NR2XD1BWP7T
Warning: prbs_ber_pad_top/u_prbs_ber_chip_top/u_measure_ctrl/dec_sub_53_58_g949 calls port VSS not declared in module INVD1BWP7T
Warning: prbs_ber_pad_top/u_prbs_ber_chip_top/u_measure_ctrl/dec_sub_53_58_g949 calls port VDD not declared in module INVD1BWP7T
Warning: prbs_ber_pad_top/u_prbs_ber_chip_top/u_measure_ctrl/dec_sub_53_58_g950__2398 calls port VSS not declared in module NR2D2BWP7T
Warning: prbs_ber_pad_top/u_prbs_ber_chip_top/u_measure_ctrl/dec_sub_53_58_g950__2398 calls port VDD not declared in module NR2D2BWP7T
Warning: prbs_ber_pad_top/u_prbs_ber_chip_top/u_measure_ctrl/dec_sub_53_58_g951 calls port VSS not declared in module INVD1BWP7T
Warning: prbs_ber_pad_top/u_prbs_ber_chip_top/u_measure_ctrl/dec_sub_53_58_g951 calls port VDD not declared in module INVD1BWP7T
Warning: prbs_ber_pad_top/u_prbs_ber_chip_top/u_measure_ctrl/dec_sub_53_58_g952__5107 calls port VSS not declared in module IND2D1BWP7T
Warning: prbs_ber_pad_top/u_prbs_ber_chip_top/u_measure_ctrl/dec_sub_53_58_g952__5107 calls port VDD not declared in module IND2D1BWP7T
Warning: prbs_ber_pad_top/u_prbs_ber_chip_top/u_measure_ctrl/dec_sub_53_58_g953__6260 calls port VSS not declared in module INR2XD0BWP7T
Warning: prbs_ber_pad_top/u_prbs_ber_chip_top/u_measure_ctrl/dec_sub_53_58_g953__6260 calls port VDD not declared in module INR2XD0BWP7T
Warning: prbs_ber_pad_top/u_prbs_ber_chip_top/u_measure_ctrl/dec_sub_53_58_g955__4319 calls port VSS not declared in module ND2D1BWP7T
Warning: prbs_ber_pad_top/u_prbs_ber_chip_top/u_measure_ctrl/dec_sub_53_58_g955__4319 calls port VDD not declared in module ND2D1BWP7T
Warning: prbs_ber_pad_top/u_prbs_ber_chip_top/u_measure_ctrl/dec_sub_53_58_g956__8428 calls port VSS not declared in module ND2D1BWP7T
Warning: prbs_ber_pad_top/u_prbs_ber_chip_top/u_measure_ctrl/dec_sub_53_58_g956__8428 calls port VDD not declared in module ND2D1BWP7T
Warning: prbs_ber_pad_top/u_prbs_ber_chip_top/u_measure_ctrl/dec_sub_53_58_g957__5526 calls port VSS not declared in module INR2XD0BWP7T
Warning: prbs_ber_pad_top/u_prbs_ber_chip_top/u_measure_ctrl/dec_sub_53_58_g957__5526 calls port VDD not declared in module INR2XD0BWP7T
Warning: prbs_ber_pad_top/u_prbs_ber_chip_top/u_measure_ctrl/dec_sub_53_58_g958__6783 calls port VSS not declared in module AN2D1BWP7T
Warning: prbs_ber_pad_top/u_prbs_ber_chip_top/u_measure_ctrl/dec_sub_53_58_g958__6783 calls port VDD not declared in module AN2D1BWP7T
Warning: prbs_ber_pad_top/u_prbs_ber_chip_top/u_measure_ctrl/dec_sub_53_58_g959__3680 calls port VSS not declared in module NR2D1BWP7T
Warning: prbs_ber_pad_top/u_prbs_ber_chip_top/u_measure_ctrl/dec_sub_53_58_g959__3680 calls port VDD not declared in module NR2D1BWP7T
Warning: prbs_ber_pad_top/u_prbs_ber_chip_top/u_measure_ctrl/dec_sub_53_58_g960__1617 calls port VSS not declared in module AN3D1BWP7T
Warning: prbs_ber_pad_top/u_prbs_ber_chip_top/u_measure_ctrl/dec_sub_53_58_g960__1617 calls port VDD not declared in module AN3D1BWP7T
Warning: prbs_ber_pad_top/u_prbs_ber_chip_top/u_measure_ctrl/dec_sub_53_58_g961__2802 calls port VSS not declared in module ND2D1BWP7T
Warning: prbs_ber_pad_top/u_prbs_ber_chip_top/u_measure_ctrl/dec_sub_53_58_g961__2802 calls port VDD not declared in module ND2D1BWP7T
Warning: prbs_ber_pad_top/u_prbs_ber_chip_top/u_measure_ctrl/dec_sub_53_58_g962__1705 calls port VSS not declared in module NR2D1BWP7T
Warning: prbs_ber_pad_top/u_prbs_ber_chip_top/u_measure_ctrl/dec_sub_53_58_g962__1705 calls port VDD not declared in module NR2D1BWP7T
Warning: prbs_ber_pad_top/u_prbs_ber_chip_top/u_measure_ctrl/dec_sub_53_58_g965__7098 calls port VSS not declared in module IOA21D1BWP7T
Warning: prbs_ber_pad_top/u_prbs_ber_chip_top/u_measure_ctrl/dec_sub_53_58_g965__7098 calls port VDD not declared in module IOA21D1BWP7T
Warning: prbs_ber_pad_top/u_prbs_ber_chip_top/u_measure_ctrl/dec_sub_53_58_g966 calls port VSS not declared in module INVD1BWP7T
Warning: prbs_ber_pad_top/u_prbs_ber_chip_top/u_measure_ctrl/dec_sub_53_58_g966 calls port VDD not declared in module INVD1BWP7T
Warning: prbs_ber_pad_top/u_prbs_ber_chip_top/u_measure_ctrl/dec_sub_53_58_g967__6131 calls port VSS not declared in module NR2D1BWP7T
Warning: prbs_ber_pad_top/u_prbs_ber_chip_top/u_measure_ctrl/dec_sub_53_58_g967__6131 calls port VDD not declared in module NR2D1BWP7T
Warning: prbs_ber_pad_top/u_prbs_ber_chip_top/u_measure_ctrl/dec_sub_53_58_g968__1881 calls port VSS not declared in module NR2XD0BWP7T
Warning: prbs_ber_pad_top/u_prbs_ber_chip_top/u_measure_ctrl/dec_sub_53_58_g968__1881 calls port VDD not declared in module NR2XD0BWP7T
Warning: prbs_ber_pad_top/u_prbs_ber_chip_top/u_measure_ctrl/dec_sub_53_58_g969__5115 calls port VSS not declared in module IND2D1BWP7T
Warning: prbs_ber_pad_top/u_prbs_ber_chip_top/u_measure_ctrl/dec_sub_53_58_g969__5115 calls port VDD not declared in module IND2D1BWP7T
Warning: prbs_ber_pad_top/u_prbs_ber_chip_top/u_measure_ctrl/dec_sub_53_58_g970__7482 calls port VSS not declared in module ND2D1BWP7T
Warning: prbs_ber_pad_top/u_prbs_ber_chip_top/u_measure_ctrl/dec_sub_53_58_g970__7482 calls port VDD not declared in module ND2D1BWP7T
Warning: prbs_ber_pad_top/u_prbs_ber_chip_top/u_measure_ctrl/dec_sub_53_58_g972__4733 calls port VSS not declared in module NR2D1BWP7T
Warning: prbs_ber_pad_top/u_prbs_ber_chip_top/u_measure_ctrl/dec_sub_53_58_g972__4733 calls port VDD not declared in module NR2D1BWP7T
Warning: prbs_ber_pad_top/u_prbs_ber_chip_top/u_measure_ctrl/dec_sub_53_58_g975 calls port VSS not declared in module INVD1BWP7T
Warning: prbs_ber_pad_top/u_prbs_ber_chip_top/u_measure_ctrl/dec_sub_53_58_g975 calls port VDD not declared in module INVD1BWP7T
Warning: prbs_ber_pad_top/u_prbs_ber_chip_top/u_measure_ctrl/dec_sub_53_58_g981__6161 calls port VSS not declared in module NR2D1BWP7T
Warning: prbs_ber_pad_top/u_prbs_ber_chip_top/u_measure_ctrl/dec_sub_53_58_g981__6161 calls port VDD not declared in module NR2D1BWP7T
Warning: prbs_ber_pad_top/u_prbs_ber_chip_top/u_measure_ctrl/dec_sub_53_58_g984 calls port VSS not declared in module INVD1BWP7T
Warning: prbs_ber_pad_top/u_prbs_ber_chip_top/u_measure_ctrl/dec_sub_53_58_g984 calls port VDD not declared in module INVD1BWP7T
Warning: prbs_ber_pad_top/u_prbs_ber_chip_top/u_measure_ctrl/dec_sub_53_58_g988 calls port VSS not declared in module INVD1BWP7T
Warning: prbs_ber_pad_top/u_prbs_ber_chip_top/u_measure_ctrl/dec_sub_53_58_g988 calls port VDD not declared in module INVD1BWP7T
Warning: prbs_ber_pad_top/u_prbs_ber_chip_top/u_measure_ctrl/dec_sub_53_58_g989 calls port VSS not declared in module INVD1BWP7T
Warning: prbs_ber_pad_top/u_prbs_ber_chip_top/u_measure_ctrl/dec_sub_53_58_g989 calls port VDD not declared in module INVD1BWP7T
Warning: prbs_ber_pad_top/u_prbs_ber_chip_top/u_measure_ctrl/dec_sub_53_58_g994 calls port VSS not declared in module INVD1BWP7T
Warning: prbs_ber_pad_top/u_prbs_ber_chip_top/u_measure_ctrl/dec_sub_53_58_g994 calls port VDD not declared in module INVD1BWP7T
Warning: prbs_ber_pad_top/u_prbs_ber_chip_top/u_measure_ctrl/dec_sub_53_58_g996 calls port VSS not declared in module INVD1BWP7T
Warning: prbs_ber_pad_top/u_prbs_ber_chip_top/u_measure_ctrl/dec_sub_53_58_g996 calls port VDD not declared in module INVD1BWP7T
Warning: prbs_ber_pad_top/u_prbs_ber_chip_top/u_measure_ctrl/dec_sub_53_58_g997 calls port VSS not declared in module INVD1BWP7T
Warning: prbs_ber_pad_top/u_prbs_ber_chip_top/u_measure_ctrl/dec_sub_53_58_g997 calls port VDD not declared in module INVD1BWP7T
Warning: prbs_ber_pad_top/u_prbs_ber_chip_top/u_measure_ctrl/dec_sub_53_58_g1000 calls port VSS not declared in module INVD1BWP7T
Warning: prbs_ber_pad_top/u_prbs_ber_chip_top/u_measure_ctrl/dec_sub_53_58_g1000 calls port VDD not declared in module INVD1BWP7T
Warning: prbs_ber_pad_top/u_prbs_ber_chip_top/u_measure_ctrl/dec_sub_53_58_g1001 calls port VSS not declared in module INVD1BWP7T
Warning: prbs_ber_pad_top/u_prbs_ber_chip_top/u_measure_ctrl/dec_sub_53_58_g1001 calls port VDD not declared in module INVD1BWP7T
Warning: prbs_ber_pad_top/u_prbs_ber_chip_top/u_measure_ctrl/dec_sub_53_58_g1005 calls port VSS not declared in module INVD1BWP7T
Warning: prbs_ber_pad_top/u_prbs_ber_chip_top/u_measure_ctrl/dec_sub_53_58_g1005 calls port VDD not declared in module INVD1BWP7T
Warning: prbs_ber_pad_top/u_prbs_ber_chip_top/u_measure_ctrl/dec_sub_53_58_g2__9315 calls port VSS not declared in module IOA21D1BWP7T
Warning: prbs_ber_pad_top/u_prbs_ber_chip_top/u_measure_ctrl/dec_sub_53_58_g2__9315 calls port VDD not declared in module IOA21D1BWP7T
Warning: prbs_ber_pad_top/u_prbs_ber_chip_top/u_measure_ctrl/dec_sub_53_58_g1006__9945 calls port VSS not declared in module AO21D0BWP7T
Warning: prbs_ber_pad_top/u_prbs_ber_chip_top/u_measure_ctrl/dec_sub_53_58_g1006__9945 calls port VDD not declared in module AO21D0BWP7T
Warning: prbs_ber_pad_top/u_prbs_ber_chip_top/u_measure_ctrl/dec_sub_53_58_g1007__2883 calls port VSS not declared in module IND2D1BWP7T
Warning: prbs_ber_pad_top/u_prbs_ber_chip_top/u_measure_ctrl/dec_sub_53_58_g1007__2883 calls port VDD not declared in module IND2D1BWP7T
Warning: prbs_ber_pad_top/u_prbs_ber_chip_top/u_measure_ctrl/dec_sub_53_58_g1008__2346 calls port VSS not declared in module IND2D1BWP7T
Warning: prbs_ber_pad_top/u_prbs_ber_chip_top/u_measure_ctrl/dec_sub_53_58_g1008__2346 calls port VDD not declared in module IND2D1BWP7T
Warning: prbs_ber_pad_top/u_prbs_ber_chip_top/u_measure_ctrl/dec_sub_53_58_g1009__1666 calls port VSS not declared in module NR2D1BWP7T
Warning: prbs_ber_pad_top/u_prbs_ber_chip_top/u_measure_ctrl/dec_sub_53_58_g1009__1666 calls port VDD not declared in module NR2D1BWP7T
Warning: prbs_ber_pad_top/u_prbs_ber_chip_top/u_measure_ctrl/dec_sub_53_58_g1010__7410 calls port VSS not declared in module IND2D1BWP7T
Warning: prbs_ber_pad_top/u_prbs_ber_chip_top/u_measure_ctrl/dec_sub_53_58_g1010__7410 calls port VDD not declared in module IND2D1BWP7T
Warning: prbs_ber_pad_top/u_prbs_ber_chip_top/u_measure_ctrl/dec_sub_53_58_g1012__5477 calls port VSS not declared in module OR2D1BWP7T
Warning: prbs_ber_pad_top/u_prbs_ber_chip_top/u_measure_ctrl/dec_sub_53_58_g1012__5477 calls port VDD not declared in module OR2D1BWP7T
Warning: prbs_ber_pad_top/u_prbs_ber_chip_top/u_measure_ctrl/dec_sub_53_58_g1013__2398 calls port VSS not declared in module IND2D1BWP7T
Warning: prbs_ber_pad_top/u_prbs_ber_chip_top/u_measure_ctrl/dec_sub_53_58_g1013__2398 calls port VDD not declared in module IND2D1BWP7T
Warning: prbs_ber_pad_top/u_prbs_ber_chip_top/u_measure_ctrl/dec_sub_53_58_g1015__6260 calls port VSS not declared in module OR2D1BWP7T
Warning: prbs_ber_pad_top/u_prbs_ber_chip_top/u_measure_ctrl/dec_sub_53_58_g1015__6260 calls port VDD not declared in module OR2D1BWP7T
Warning: prbs_ber_pad_top/u_prbs_ber_chip_top/u_measure_ctrl/dec_sub_53_58_g1016__4319 calls port VSS not declared in module OR2D1BWP7T
Warning: prbs_ber_pad_top/u_prbs_ber_chip_top/u_measure_ctrl/dec_sub_53_58_g1016__4319 calls port VDD not declared in module OR2D1BWP7T
Warning: prbs_ber_pad_top/u_prbs_ber_chip_top/u_measure_ctrl/dec_sub_53_58_g1017__8428 calls port VSS not declared in module OR2D1BWP7T
Warning: prbs_ber_pad_top/u_prbs_ber_chip_top/u_measure_ctrl/dec_sub_53_58_g1017__8428 calls port VDD not declared in module OR2D1BWP7T
Warning: prbs_ber_pad_top/u_prbs_ber_chip_top/u_measure_ctrl/gte_53_43_g704__6783 calls port VSS not declared in module IND3D1BWP7T
Warning: prbs_ber_pad_top/u_prbs_ber_chip_top/u_measure_ctrl/gte_53_43_g704__6783 calls port VDD not declared in module IND3D1BWP7T
Warning: prbs_ber_pad_top/u_prbs_ber_chip_top/u_measure_ctrl/gte_53_43_g705__3680 calls port VSS not declared in module OAI211D1BWP7T
Warning: prbs_ber_pad_top/u_prbs_ber_chip_top/u_measure_ctrl/gte_53_43_g705__3680 calls port VDD not declared in module OAI211D1BWP7T
Warning: prbs_ber_pad_top/u_prbs_ber_chip_top/u_measure_ctrl/gte_53_43_g706__1617 calls port VSS not declared in module IOA21D1BWP7T
Warning: prbs_ber_pad_top/u_prbs_ber_chip_top/u_measure_ctrl/gte_53_43_g706__1617 calls port VDD not declared in module IOA21D1BWP7T
Warning: prbs_ber_pad_top/u_prbs_ber_chip_top/u_measure_ctrl/gte_53_43_g707__2802 calls port VSS not declared in module OA221D1BWP7T
Warning: prbs_ber_pad_top/u_prbs_ber_chip_top/u_measure_ctrl/gte_53_43_g707__2802 calls port VDD not declared in module OA221D1BWP7T
Warning: prbs_ber_pad_top/u_prbs_ber_chip_top/u_measure_ctrl/gte_53_43_g708__1705 calls port VSS not declared in module AOI211D1BWP7T
Warning: prbs_ber_pad_top/u_prbs_ber_chip_top/u_measure_ctrl/gte_53_43_g708__1705 calls port VDD not declared in module AOI211D1BWP7T
Warning: prbs_ber_pad_top/u_prbs_ber_chip_top/u_measure_ctrl/gte_53_43_g709__5122 calls port VSS not declared in module ND4D0BWP7T
Warning: prbs_ber_pad_top/u_prbs_ber_chip_top/u_measure_ctrl/gte_53_43_g709__5122 calls port VDD not declared in module ND4D0BWP7T
Warning: prbs_ber_pad_top/u_prbs_ber_chip_top/u_measure_ctrl/gte_53_43_g710__8246 calls port VSS not declared in module OAI211D1BWP7T
Warning: prbs_ber_pad_top/u_prbs_ber_chip_top/u_measure_ctrl/gte_53_43_g710__8246 calls port VDD not declared in module OAI211D1BWP7T
Warning: prbs_ber_pad_top/u_prbs_ber_chip_top/u_measure_ctrl/gte_53_43_g711__7098 calls port VSS not declared in module OA221D0BWP7T
Warning: prbs_ber_pad_top/u_prbs_ber_chip_top/u_measure_ctrl/gte_53_43_g711__7098 calls port VDD not declared in module OA221D0BWP7T
Warning: prbs_ber_pad_top/u_prbs_ber_chip_top/u_measure_ctrl/gte_53_43_g712__6131 calls port VSS not declared in module OAI211D1BWP7T
Warning: prbs_ber_pad_top/u_prbs_ber_chip_top/u_measure_ctrl/gte_53_43_g712__6131 calls port VDD not declared in module OAI211D1BWP7T
Warning: prbs_ber_pad_top/u_prbs_ber_chip_top/u_measure_ctrl/gte_53_43_g713__1881 calls port VSS not declared in module AOI211XD0BWP7T
Warning: prbs_ber_pad_top/u_prbs_ber_chip_top/u_measure_ctrl/gte_53_43_g713__1881 calls port VDD not declared in module AOI211XD0BWP7T
Warning: prbs_ber_pad_top/u_prbs_ber_chip_top/u_measure_ctrl/gte_53_43_g714__5115 calls port VSS not declared in module OA221D0BWP7T
Warning: prbs_ber_pad_top/u_prbs_ber_chip_top/u_measure_ctrl/gte_53_43_g714__5115 calls port VDD not declared in module OA221D0BWP7T
Warning: prbs_ber_pad_top/u_prbs_ber_chip_top/u_measure_ctrl/gte_53_43_g715__7482 calls port VSS not declared in module OA221D0BWP7T
Warning: prbs_ber_pad_top/u_prbs_ber_chip_top/u_measure_ctrl/gte_53_43_g715__7482 calls port VDD not declared in module OA221D0BWP7T
Warning: prbs_ber_pad_top/u_prbs_ber_chip_top/u_measure_ctrl/gte_53_43_g716__4733 calls port VSS not declared in module AOI21D0BWP7T
Warning: prbs_ber_pad_top/u_prbs_ber_chip_top/u_measure_ctrl/gte_53_43_g716__4733 calls port VDD not declared in module AOI21D0BWP7T
Warning: prbs_ber_pad_top/u_prbs_ber_chip_top/u_measure_ctrl/gte_53_43_g717__6161 calls port VSS not declared in module NR2D1BWP7T
Warning: prbs_ber_pad_top/u_prbs_ber_chip_top/u_measure_ctrl/gte_53_43_g717__6161 calls port VDD not declared in module NR2D1BWP7T
Warning: prbs_ber_pad_top/u_prbs_ber_chip_top/u_measure_ctrl/gte_53_43_g718__9315 calls port VSS not declared in module OR2D1BWP7T
Warning: prbs_ber_pad_top/u_prbs_ber_chip_top/u_measure_ctrl/gte_53_43_g718__9315 calls port VDD not declared in module OR2D1BWP7T
Warning: prbs_ber_pad_top/u_prbs_ber_chip_top/u_measure_ctrl/gte_53_43_g719__9945 calls port VSS not declared in module CKAN2D1BWP7T
Warning: prbs_ber_pad_top/u_prbs_ber_chip_top/u_measure_ctrl/gte_53_43_g719__9945 calls port VDD not declared in module CKAN2D1BWP7T
Warning: prbs_ber_pad_top/u_prbs_ber_chip_top/u_measure_ctrl/gte_53_43_g720__2883 calls port VSS not declared in module OAI211D1BWP7T
Warning: prbs_ber_pad_top/u_prbs_ber_chip_top/u_measure_ctrl/gte_53_43_g720__2883 calls port VDD not declared in module OAI211D1BWP7T
Warning: prbs_ber_pad_top/u_prbs_ber_chip_top/u_measure_ctrl/gte_53_43_g721__2346 calls port VSS not declared in module IOA21D1BWP7T
Warning: prbs_ber_pad_top/u_prbs_ber_chip_top/u_measure_ctrl/gte_53_43_g721__2346 calls port VDD not declared in module IOA21D1BWP7T
Warning: prbs_ber_pad_top/u_prbs_ber_chip_top/u_measure_ctrl/gte_53_43_g722__1666 calls port VSS not declared in module AOI32D1BWP7T
Warning: prbs_ber_pad_top/u_prbs_ber_chip_top/u_measure_ctrl/gte_53_43_g722__1666 calls port VDD not declared in module AOI32D1BWP7T
Warning: prbs_ber_pad_top/u_prbs_ber_chip_top/u_measure_ctrl/gte_53_43_g723__7410 calls port VSS not declared in module AOI22D0BWP7T
Warning: prbs_ber_pad_top/u_prbs_ber_chip_top/u_measure_ctrl/gte_53_43_g723__7410 calls port VDD not declared in module AOI22D0BWP7T
Warning: prbs_ber_pad_top/u_prbs_ber_chip_top/u_measure_ctrl/gte_53_43_g724__6417 calls port VSS not declared in module MAOI22D1BWP7T
Warning: prbs_ber_pad_top/u_prbs_ber_chip_top/u_measure_ctrl/gte_53_43_g724__6417 calls port VDD not declared in module MAOI22D1BWP7T
Warning: prbs_ber_pad_top/u_prbs_ber_chip_top/u_measure_ctrl/gte_53_43_g725__5477 calls port VSS not declared in module IOA21D1BWP7T
Warning: prbs_ber_pad_top/u_prbs_ber_chip_top/u_measure_ctrl/gte_53_43_g725__5477 calls port VDD not declared in module IOA21D1BWP7T
Warning: prbs_ber_pad_top/u_prbs_ber_chip_top/u_measure_ctrl/gte_53_43_g726__2398 calls port VSS not declared in module AOI22D0BWP7T
Warning: prbs_ber_pad_top/u_prbs_ber_chip_top/u_measure_ctrl/gte_53_43_g726__2398 calls port VDD not declared in module AOI22D0BWP7T
Warning: prbs_ber_pad_top/u_prbs_ber_chip_top/u_measure_ctrl/gte_53_43_g727__5107 calls port VSS not declared in module AOI22D0BWP7T
Warning: prbs_ber_pad_top/u_prbs_ber_chip_top/u_measure_ctrl/gte_53_43_g727__5107 calls port VDD not declared in module AOI22D0BWP7T
Warning: prbs_ber_pad_top/u_prbs_ber_chip_top/u_measure_ctrl/gte_53_43_g728__6260 calls port VSS not declared in module IND3D1BWP7T
Warning: prbs_ber_pad_top/u_prbs_ber_chip_top/u_measure_ctrl/gte_53_43_g728__6260 calls port VDD not declared in module IND3D1BWP7T
Warning: prbs_ber_pad_top/u_prbs_ber_chip_top/u_measure_ctrl/gte_53_43_g729__4319 calls port VSS not declared in module AOI32D1BWP7T
Warning: prbs_ber_pad_top/u_prbs_ber_chip_top/u_measure_ctrl/gte_53_43_g729__4319 calls port VDD not declared in module AOI32D1BWP7T
Warning: prbs_ber_pad_top/u_prbs_ber_chip_top/u_measure_ctrl/gte_53_43_g730__8428 calls port VSS not declared in module OAI211D1BWP7T
Warning: prbs_ber_pad_top/u_prbs_ber_chip_top/u_measure_ctrl/gte_53_43_g730__8428 calls port VDD not declared in module OAI211D1BWP7T
Warning: prbs_ber_pad_top/u_prbs_ber_chip_top/u_measure_ctrl/gte_53_43_g731__5526 calls port VSS not declared in module INR3D0BWP7T
Warning: prbs_ber_pad_top/u_prbs_ber_chip_top/u_measure_ctrl/gte_53_43_g731__5526 calls port VDD not declared in module INR3D0BWP7T
Warning: prbs_ber_pad_top/u_prbs_ber_chip_top/u_measure_ctrl/gte_53_43_g732__6783 calls port VSS not declared in module MAOI222D1BWP7T
Warning: prbs_ber_pad_top/u_prbs_ber_chip_top/u_measure_ctrl/gte_53_43_g732__6783 calls port VDD not declared in module MAOI222D1BWP7T
Warning: prbs_ber_pad_top/u_prbs_ber_chip_top/u_measure_ctrl/gte_53_43_g734__3680 calls port VSS not declared in module OR2D1BWP7T
Warning: prbs_ber_pad_top/u_prbs_ber_chip_top/u_measure_ctrl/gte_53_43_g734__3680 calls port VDD not declared in module OR2D1BWP7T
Warning: prbs_ber_pad_top/u_prbs_ber_chip_top/u_measure_ctrl/gte_53_43_g735__1617 calls port VSS not declared in module IND3D1BWP7T
Warning: prbs_ber_pad_top/u_prbs_ber_chip_top/u_measure_ctrl/gte_53_43_g735__1617 calls port VDD not declared in module IND3D1BWP7T
Warning: prbs_ber_pad_top/u_prbs_ber_chip_top/u_measure_ctrl/gte_53_43_g736 calls port VSS not declared in module INVD0BWP7T
Warning: prbs_ber_pad_top/u_prbs_ber_chip_top/u_measure_ctrl/gte_53_43_g736 calls port VDD not declared in module INVD0BWP7T
Warning: prbs_ber_pad_top/u_prbs_ber_chip_top/u_measure_ctrl/gte_53_43_g737__2802 calls port VSS not declared in module ND2D1BWP7T
Warning: prbs_ber_pad_top/u_prbs_ber_chip_top/u_measure_ctrl/gte_53_43_g737__2802 calls port VDD not declared in module ND2D1BWP7T
Warning: prbs_ber_pad_top/u_prbs_ber_chip_top/u_measure_ctrl/gte_53_43_g738__1705 calls port VSS not declared in module AN2D1BWP7T
Warning: prbs_ber_pad_top/u_prbs_ber_chip_top/u_measure_ctrl/gte_53_43_g738__1705 calls port VDD not declared in module AN2D1BWP7T
Warning: prbs_ber_pad_top/u_prbs_ber_chip_top/u_measure_ctrl/gte_53_43_g739__5122 calls port VSS not declared in module ND2D1BWP7T
Warning: prbs_ber_pad_top/u_prbs_ber_chip_top/u_measure_ctrl/gte_53_43_g739__5122 calls port VDD not declared in module ND2D1BWP7T
Warning: prbs_ber_pad_top/u_prbs_ber_chip_top/u_measure_ctrl/gte_53_43_g741__7098 calls port VSS not declared in module ND2D1BWP7T
Warning: prbs_ber_pad_top/u_prbs_ber_chip_top/u_measure_ctrl/gte_53_43_g741__7098 calls port VDD not declared in module ND2D1BWP7T
Warning: prbs_ber_pad_top/u_prbs_ber_chip_top/u_measure_ctrl/gte_53_43_g742__6131 calls port VSS not declared in module ND2D1BWP7T
Warning: prbs_ber_pad_top/u_prbs_ber_chip_top/u_measure_ctrl/gte_53_43_g742__6131 calls port VDD not declared in module ND2D1BWP7T
Warning: prbs_ber_pad_top/u_prbs_ber_chip_top/u_measure_ctrl/gte_53_43_g743__1881 calls port VSS not declared in module IOA21D1BWP7T
Warning: prbs_ber_pad_top/u_prbs_ber_chip_top/u_measure_ctrl/gte_53_43_g743__1881 calls port VDD not declared in module IOA21D1BWP7T
Warning: prbs_ber_pad_top/u_prbs_ber_chip_top/u_measure_ctrl/gte_53_43_g744__5115 calls port VSS not declared in module IOA21D1BWP7T
Warning: prbs_ber_pad_top/u_prbs_ber_chip_top/u_measure_ctrl/gte_53_43_g744__5115 calls port VDD not declared in module IOA21D1BWP7T
Warning: prbs_ber_pad_top/u_prbs_ber_chip_top/u_measure_ctrl/gte_53_43_g745__7482 calls port VSS not declared in module IND3D1BWP7T
Warning: prbs_ber_pad_top/u_prbs_ber_chip_top/u_measure_ctrl/gte_53_43_g745__7482 calls port VDD not declared in module IND3D1BWP7T
Warning: prbs_ber_pad_top/u_prbs_ber_chip_top/u_measure_ctrl/gte_53_43_g746__4733 calls port VSS not declared in module IND3D1BWP7T
Warning: prbs_ber_pad_top/u_prbs_ber_chip_top/u_measure_ctrl/gte_53_43_g746__4733 calls port VDD not declared in module IND3D1BWP7T
Warning: prbs_ber_pad_top/u_prbs_ber_chip_top/u_measure_ctrl/gte_53_43_g747__6161 calls port VSS not declared in module IND3D1BWP7T
Warning: prbs_ber_pad_top/u_prbs_ber_chip_top/u_measure_ctrl/gte_53_43_g747__6161 calls port VDD not declared in module IND3D1BWP7T
Warning: prbs_ber_pad_top/u_prbs_ber_chip_top/u_measure_ctrl/gte_53_43_g748__9315 calls port VSS not declared in module AOI211D1BWP7T
Warning: prbs_ber_pad_top/u_prbs_ber_chip_top/u_measure_ctrl/gte_53_43_g748__9315 calls port VDD not declared in module AOI211D1BWP7T
Warning: prbs_ber_pad_top/u_prbs_ber_chip_top/u_measure_ctrl/gte_53_43_g749__9945 calls port VSS not declared in module IND3D1BWP7T
Warning: prbs_ber_pad_top/u_prbs_ber_chip_top/u_measure_ctrl/gte_53_43_g749__9945 calls port VDD not declared in module IND3D1BWP7T
Warning: prbs_ber_pad_top/u_prbs_ber_chip_top/u_measure_ctrl/gte_53_43_g750__2883 calls port VSS not declared in module IND3D1BWP7T
Warning: prbs_ber_pad_top/u_prbs_ber_chip_top/u_measure_ctrl/gte_53_43_g750__2883 calls port VDD not declared in module IND3D1BWP7T
Warning: prbs_ber_pad_top/u_prbs_ber_chip_top/u_measure_ctrl/gte_53_43_g751__2346 calls port VSS not declared in module ND3D0BWP7T
Warning: prbs_ber_pad_top/u_prbs_ber_chip_top/u_measure_ctrl/gte_53_43_g751__2346 calls port VDD not declared in module ND3D0BWP7T
Warning: prbs_ber_pad_top/u_prbs_ber_chip_top/u_measure_ctrl/gte_53_43_g752__1666 calls port VSS not declared in module IND3D1BWP7T
Warning: prbs_ber_pad_top/u_prbs_ber_chip_top/u_measure_ctrl/gte_53_43_g752__1666 calls port VDD not declared in module IND3D1BWP7T
Warning: prbs_ber_pad_top/u_prbs_ber_chip_top/u_measure_ctrl/gte_53_43_g753__7410 calls port VSS not declared in module IND3D1BWP7T
Warning: prbs_ber_pad_top/u_prbs_ber_chip_top/u_measure_ctrl/gte_53_43_g753__7410 calls port VDD not declared in module IND3D1BWP7T
Warning: prbs_ber_pad_top/u_prbs_ber_chip_top/u_measure_ctrl/gte_53_43_g755__6417 calls port VSS not declared in module IND2D1BWP7T
Warning: prbs_ber_pad_top/u_prbs_ber_chip_top/u_measure_ctrl/gte_53_43_g755__6417 calls port VDD not declared in module IND2D1BWP7T
Warning: prbs_ber_pad_top/u_prbs_ber_chip_top/u_measure_ctrl/gte_53_43_g756__5477 calls port VSS not declared in module NR2D1BWP7T
Warning: prbs_ber_pad_top/u_prbs_ber_chip_top/u_measure_ctrl/gte_53_43_g756__5477 calls port VDD not declared in module NR2D1BWP7T
Warning: prbs_ber_pad_top/u_prbs_ber_chip_top/u_measure_ctrl/gte_53_43_g757__2398 calls port VSS not declared in module IND2D1BWP7T
Warning: prbs_ber_pad_top/u_prbs_ber_chip_top/u_measure_ctrl/gte_53_43_g757__2398 calls port VDD not declared in module IND2D1BWP7T
Warning: prbs_ber_pad_top/u_prbs_ber_chip_top/u_measure_ctrl/gte_53_43_g759__6260 calls port VSS not declared in module IND2D1BWP7T
Warning: prbs_ber_pad_top/u_prbs_ber_chip_top/u_measure_ctrl/gte_53_43_g759__6260 calls port VDD not declared in module IND2D1BWP7T
Warning: prbs_ber_pad_top/u_prbs_ber_chip_top/u_measure_ctrl/gte_53_43_g760__4319 calls port VSS not declared in module IND2D1BWP7T
Warning: prbs_ber_pad_top/u_prbs_ber_chip_top/u_measure_ctrl/gte_53_43_g760__4319 calls port VDD not declared in module IND2D1BWP7T
Warning: prbs_ber_pad_top/u_prbs_ber_chip_top/u_measure_ctrl/gte_53_43_g761__8428 calls port VSS not declared in module IND2D1BWP7T
Warning: prbs_ber_pad_top/u_prbs_ber_chip_top/u_measure_ctrl/gte_53_43_g761__8428 calls port VDD not declared in module IND2D1BWP7T
Warning: prbs_ber_pad_top/u_prbs_ber_chip_top/u_measure_ctrl/gte_53_43_g762__5526 calls port VSS not declared in module IND2D1BWP7T
Warning: prbs_ber_pad_top/u_prbs_ber_chip_top/u_measure_ctrl/gte_53_43_g762__5526 calls port VDD not declared in module IND2D1BWP7T
Warning: prbs_ber_pad_top/u_prbs_ber_chip_top/u_measure_ctrl/gte_53_43_g763__6783 calls port VSS not declared in module IND2D1BWP7T
Warning: prbs_ber_pad_top/u_prbs_ber_chip_top/u_measure_ctrl/gte_53_43_g763__6783 calls port VDD not declared in module IND2D1BWP7T
Warning: prbs_ber_pad_top/u_prbs_ber_chip_top/u_measure_ctrl/gte_53_43_g764__3680 calls port VSS not declared in module IND2D1BWP7T
Warning: prbs_ber_pad_top/u_prbs_ber_chip_top/u_measure_ctrl/gte_53_43_g764__3680 calls port VDD not declared in module IND2D1BWP7T
Warning: prbs_ber_pad_top/u_prbs_ber_chip_top/u_measure_ctrl/gte_53_43_g765__1617 calls port VSS not declared in module ND2D1BWP7T
Warning: prbs_ber_pad_top/u_prbs_ber_chip_top/u_measure_ctrl/gte_53_43_g765__1617 calls port VDD not declared in module ND2D1BWP7T
Warning: prbs_ber_pad_top/u_prbs_ber_chip_top/u_measure_ctrl/gte_53_43_g766__2802 calls port VSS not declared in module ND2D1BWP7T
Warning: prbs_ber_pad_top/u_prbs_ber_chip_top/u_measure_ctrl/gte_53_43_g766__2802 calls port VDD not declared in module ND2D1BWP7T
Warning: prbs_ber_pad_top/u_prbs_ber_chip_top/u_measure_ctrl/gte_53_43_g767__1705 calls port VSS not declared in module IND2D1BWP7T
Warning: prbs_ber_pad_top/u_prbs_ber_chip_top/u_measure_ctrl/gte_53_43_g767__1705 calls port VDD not declared in module IND2D1BWP7T
Warning: prbs_ber_pad_top/u_prbs_ber_chip_top/u_measure_ctrl/gte_53_43_g768__5122 calls port VSS not declared in module IND2D1BWP7T
Warning: prbs_ber_pad_top/u_prbs_ber_chip_top/u_measure_ctrl/gte_53_43_g768__5122 calls port VDD not declared in module IND2D1BWP7T
Warning: prbs_ber_pad_top/u_prbs_ber_chip_top/u_measure_ctrl/gte_53_43_g769__8246 calls port VSS not declared in module IND2D1BWP7T
Warning: prbs_ber_pad_top/u_prbs_ber_chip_top/u_measure_ctrl/gte_53_43_g769__8246 calls port VDD not declared in module IND2D1BWP7T
Warning: prbs_ber_pad_top/u_prbs_ber_chip_top/u_measure_ctrl/gte_53_43_g771__6131 calls port VSS not declared in module IND2D1BWP7T
Warning: prbs_ber_pad_top/u_prbs_ber_chip_top/u_measure_ctrl/gte_53_43_g771__6131 calls port VDD not declared in module IND2D1BWP7T
Warning: prbs_ber_pad_top/u_prbs_ber_chip_top/u_measure_ctrl/gte_53_43_g772__1881 calls port VSS not declared in module INR2D1BWP7T
Warning: prbs_ber_pad_top/u_prbs_ber_chip_top/u_measure_ctrl/gte_53_43_g772__1881 calls port VDD not declared in module INR2D1BWP7T
Warning: prbs_ber_pad_top/u_prbs_ber_chip_top/u_measure_ctrl/gte_53_43_g773__5115 calls port VSS not declared in module INR2D1BWP7T
Warning: prbs_ber_pad_top/u_prbs_ber_chip_top/u_measure_ctrl/gte_53_43_g773__5115 calls port VDD not declared in module INR2D1BWP7T
Warning: prbs_ber_pad_top/u_prbs_ber_chip_top/u_measure_ctrl/gte_53_43_g774__7482 calls port VSS not declared in module IND2D1BWP7T
Warning: prbs_ber_pad_top/u_prbs_ber_chip_top/u_measure_ctrl/gte_53_43_g774__7482 calls port VDD not declared in module IND2D1BWP7T
Warning: prbs_ber_pad_top/u_prbs_ber_chip_top/u_measure_ctrl/gte_53_43_g775__4733 calls port VSS not declared in module NR2D1BWP7T
Warning: prbs_ber_pad_top/u_prbs_ber_chip_top/u_measure_ctrl/gte_53_43_g775__4733 calls port VDD not declared in module NR2D1BWP7T
Warning: prbs_ber_pad_top/u_prbs_ber_chip_top/u_measure_ctrl/gte_53_43_g776__6161 calls port VSS not declared in module INR2XD0BWP7T
Warning: prbs_ber_pad_top/u_prbs_ber_chip_top/u_measure_ctrl/gte_53_43_g776__6161 calls port VDD not declared in module INR2XD0BWP7T
Warning: prbs_ber_pad_top/u_prbs_ber_chip_top/u_measure_ctrl/gte_53_43_g777__9315 calls port VSS not declared in module IND2D1BWP7T
Warning: prbs_ber_pad_top/u_prbs_ber_chip_top/u_measure_ctrl/gte_53_43_g777__9315 calls port VDD not declared in module IND2D1BWP7T
Warning: prbs_ber_pad_top/u_prbs_ber_chip_top/u_measure_ctrl/gte_53_43_g778__9945 calls port VSS not declared in module INR2D1BWP7T
Warning: prbs_ber_pad_top/u_prbs_ber_chip_top/u_measure_ctrl/gte_53_43_g778__9945 calls port VDD not declared in module INR2D1BWP7T
Warning: prbs_ber_pad_top/u_prbs_ber_chip_top/u_measure_ctrl/gte_53_43_g779__2883 calls port VSS not declared in module IND2D1BWP7T
Warning: prbs_ber_pad_top/u_prbs_ber_chip_top/u_measure_ctrl/gte_53_43_g779__2883 calls port VDD not declared in module IND2D1BWP7T
Warning: prbs_ber_pad_top/u_prbs_ber_chip_top/u_measure_ctrl/gte_53_43_g780__2346 calls port VSS not declared in module IND2D1BWP7T
Warning: prbs_ber_pad_top/u_prbs_ber_chip_top/u_measure_ctrl/gte_53_43_g780__2346 calls port VDD not declared in module IND2D1BWP7T
Warning: prbs_ber_pad_top/u_prbs_ber_chip_top/u_measure_ctrl/gte_53_43_g781__1666 calls port VSS not declared in module INR2D1BWP7T
Warning: prbs_ber_pad_top/u_prbs_ber_chip_top/u_measure_ctrl/gte_53_43_g781__1666 calls port VDD not declared in module INR2D1BWP7T
Warning: prbs_ber_pad_top/u_prbs_ber_chip_top/u_measure_ctrl/gte_53_43_g782__7410 calls port VSS not declared in module INR2D1BWP7T
Warning: prbs_ber_pad_top/u_prbs_ber_chip_top/u_measure_ctrl/gte_53_43_g782__7410 calls port VDD not declared in module INR2D1BWP7T
Warning: prbs_ber_pad_top/u_prbs_ber_chip_top/u_measure_ctrl/gte_53_43_g783__6417 calls port VSS not declared in module IND2D1BWP7T
Warning: prbs_ber_pad_top/u_prbs_ber_chip_top/u_measure_ctrl/gte_53_43_g783__6417 calls port VDD not declared in module IND2D1BWP7T
Warning: prbs_ber_pad_top/u_prbs_ber_chip_top/u_measure_ctrl/gte_53_43_g784__5477 calls port VSS not declared in module ND2D1BWP7T
Warning: prbs_ber_pad_top/u_prbs_ber_chip_top/u_measure_ctrl/gte_53_43_g784__5477 calls port VDD not declared in module ND2D1BWP7T
Warning: prbs_ber_pad_top/u_prbs_ber_chip_top/u_measure_ctrl/gte_53_43_g785__2398 calls port VSS not declared in module IND2D1BWP7T
Warning: prbs_ber_pad_top/u_prbs_ber_chip_top/u_measure_ctrl/gte_53_43_g785__2398 calls port VDD not declared in module IND2D1BWP7T
Warning: prbs_ber_pad_top/u_prbs_ber_chip_top/u_measure_ctrl/gte_53_43_g786__5107 calls port VSS not declared in module ND2D1BWP7T
Warning: prbs_ber_pad_top/u_prbs_ber_chip_top/u_measure_ctrl/gte_53_43_g786__5107 calls port VDD not declared in module ND2D1BWP7T
Warning: prbs_ber_pad_top/u_prbs_ber_chip_top/u_measure_ctrl/gte_53_43_g787__6260 calls port VSS not declared in module ND2D1BWP7T
Warning: prbs_ber_pad_top/u_prbs_ber_chip_top/u_measure_ctrl/gte_53_43_g787__6260 calls port VDD not declared in module ND2D1BWP7T
Warning: prbs_ber_pad_top/u_prbs_ber_chip_top/u_measure_ctrl/gte_53_43_g788__4319 calls port VSS not declared in module IND2D1BWP7T
Warning: prbs_ber_pad_top/u_prbs_ber_chip_top/u_measure_ctrl/gte_53_43_g788__4319 calls port VDD not declared in module IND2D1BWP7T
Warning: prbs_ber_pad_top/u_prbs_ber_chip_top/u_measure_ctrl/gte_53_43_g789 calls port VSS not declared in module INVD1BWP7T
Warning: prbs_ber_pad_top/u_prbs_ber_chip_top/u_measure_ctrl/gte_53_43_g789 calls port VDD not declared in module INVD1BWP7T
Warning: prbs_ber_pad_top/u_prbs_ber_chip_top/u_measure_ctrl/gte_53_43_g790 calls port VSS not declared in module INVD1BWP7T
Warning: prbs_ber_pad_top/u_prbs_ber_chip_top/u_measure_ctrl/gte_53_43_g790 calls port VDD not declared in module INVD1BWP7T
Warning: prbs_ber_pad_top/u_prbs_ber_chip_top/u_measure_ctrl/gte_53_43_g791 calls port VSS not declared in module INVD1BWP7T
Warning: prbs_ber_pad_top/u_prbs_ber_chip_top/u_measure_ctrl/gte_53_43_g791 calls port VDD not declared in module INVD1BWP7T
Warning: prbs_ber_pad_top/u_prbs_ber_chip_top/u_measure_ctrl/gte_53_43_g792 calls port VSS not declared in module INVD0BWP7T
Warning: prbs_ber_pad_top/u_prbs_ber_chip_top/u_measure_ctrl/gte_53_43_g792 calls port VDD not declared in module INVD0BWP7T
Warning: prbs_ber_pad_top/u_prbs_ber_chip_top/u_measure_ctrl/gte_53_43_g793 calls port VSS not declared in module INVD0BWP7T
Warning: prbs_ber_pad_top/u_prbs_ber_chip_top/u_measure_ctrl/gte_53_43_g793 calls port VDD not declared in module INVD0BWP7T
Warning: prbs_ber_pad_top/u_prbs_ber_chip_top/u_measure_ctrl/gte_53_43_g794 calls port VSS not declared in module INVD1BWP7T
Warning: prbs_ber_pad_top/u_prbs_ber_chip_top/u_measure_ctrl/gte_53_43_g794 calls port VDD not declared in module INVD1BWP7T
Warning: prbs_ber_pad_top/u_prbs_ber_chip_top/u_measure_ctrl/gte_53_43_g795 calls port VSS not declared in module INVD1BWP7T
Warning: prbs_ber_pad_top/u_prbs_ber_chip_top/u_measure_ctrl/gte_53_43_g795 calls port VDD not declared in module INVD1BWP7T
Warning: prbs_ber_pad_top/u_prbs_ber_chip_top/u_measure_ctrl/gte_53_43_g796 calls port VSS not declared in module INVD1BWP7T
Warning: prbs_ber_pad_top/u_prbs_ber_chip_top/u_measure_ctrl/gte_53_43_g796 calls port VDD not declared in module INVD1BWP7T
Warning: prbs_ber_pad_top/u_prbs_ber_chip_top/u_measure_ctrl/gte_53_43_g797 calls port VSS not declared in module INVD1BWP7T
Warning: prbs_ber_pad_top/u_prbs_ber_chip_top/u_measure_ctrl/gte_53_43_g797 calls port VDD not declared in module INVD1BWP7T
Warning: prbs_ber_pad_top/u_prbs_ber_chip_top/u_measure_ctrl/gte_53_43_g798 calls port VSS not declared in module INVD1BWP7T
Warning: prbs_ber_pad_top/u_prbs_ber_chip_top/u_measure_ctrl/gte_53_43_g798 calls port VDD not declared in module INVD1BWP7T
Warning: prbs_ber_pad_top/u_prbs_ber_chip_top/u_measure_ctrl/gte_53_43_g799 calls port VSS not declared in module INVD1BWP7T
Warning: prbs_ber_pad_top/u_prbs_ber_chip_top/u_measure_ctrl/gte_53_43_g799 calls port VDD not declared in module INVD1BWP7T
Warning: prbs_ber_pad_top/u_prbs_ber_chip_top/u_measure_ctrl/gte_53_43_g800 calls port VSS not declared in module INVD1BWP7T
Warning: prbs_ber_pad_top/u_prbs_ber_chip_top/u_measure_ctrl/gte_53_43_g800 calls port VDD not declared in module INVD1BWP7T
Warning: prbs_ber_pad_top/u_prbs_ber_chip_top/u_measure_ctrl/gte_53_43_g802 calls port VSS not declared in module INVD1BWP7T
Warning: prbs_ber_pad_top/u_prbs_ber_chip_top/u_measure_ctrl/gte_53_43_g802 calls port VDD not declared in module INVD1BWP7T
Warning: prbs_ber_pad_top/u_prbs_ber_chip_top/u_measure_ctrl/gte_53_43_g803 calls port VSS not declared in module INVD1BWP7T
Warning: prbs_ber_pad_top/u_prbs_ber_chip_top/u_measure_ctrl/gte_53_43_g803 calls port VDD not declared in module INVD1BWP7T
Warning: prbs_ber_pad_top/u_prbs_ber_chip_top/u_measure_ctrl/gte_53_43_g806 calls port VSS not declared in module INVD1BWP7T
Warning: prbs_ber_pad_top/u_prbs_ber_chip_top/u_measure_ctrl/gte_53_43_g806 calls port VDD not declared in module INVD1BWP7T
Warning: prbs_ber_pad_top/u_prbs_ber_chip_top/u_measure_ctrl/gte_53_43_g807 calls port VSS not declared in module INVD1BWP7T
Warning: prbs_ber_pad_top/u_prbs_ber_chip_top/u_measure_ctrl/gte_53_43_g807 calls port VDD not declared in module INVD1BWP7T
Warning: prbs_ber_pad_top/u_prbs_ber_chip_top/u_measure_ctrl/gte_53_43_g808 calls port VSS not declared in module INVD1BWP7T
Warning: prbs_ber_pad_top/u_prbs_ber_chip_top/u_measure_ctrl/gte_53_43_g808 calls port VDD not declared in module INVD1BWP7T
Warning: prbs_ber_pad_top/u_prbs_ber_chip_top/u_measure_ctrl/gte_53_43_g2__8428 calls port VSS not declared in module INR3D0BWP7T
Warning: prbs_ber_pad_top/u_prbs_ber_chip_top/u_measure_ctrl/gte_53_43_g2__8428 calls port VDD not declared in module INR3D0BWP7T
Warning: prbs_ber_pad_top/u_prbs_ber_chip_top/u_measure_ctrl/tie_0_cell calls port VSS not declared in module TIELBWP7T
Warning: prbs_ber_pad_top/u_prbs_ber_chip_top/u_measure_ctrl/tie_0_cell calls port VDD not declared in module TIELBWP7T
Warning: prbs_ber_pad_top/u_prbs_ber_chip_top/u_measure_ctrl/tie_1_cell calls port VSS not declared in module TIEHBWP7T
Warning: prbs_ber_pad_top/u_prbs_ber_chip_top/u_measure_ctrl/tie_1_cell calls port VDD not declared in module TIEHBWP7T
Warning: prbs_ber_pad_top/u_prbs_ber_chip_top/u_measure_ctrl/tie_1_cell1 calls port VSS not declared in module TIEHBWP7T
Warning: prbs_ber_pad_top/u_prbs_ber_chip_top/u_measure_ctrl/tie_1_cell1 calls port VDD not declared in module TIEHBWP7T
Warning: prbs_ber_pad_top/u_prbs_ber_chip_top/u_prbs_ber_top/FE_PHC38_ext_serial_in calls port VSS not declared in module DEL0BWP7T
Warning: prbs_ber_pad_top/u_prbs_ber_chip_top/u_prbs_ber_top/FE_PHC38_ext_serial_in calls port VDD not declared in module DEL0BWP7T
Warning: prbs_ber_pad_top/u_prbs_ber_chip_top/u_prbs_ber_top/FE_RC_18_0 calls port VSS not declared in module ND2D1BWP7T
Warning: prbs_ber_pad_top/u_prbs_ber_chip_top/u_prbs_ber_top/FE_RC_18_0 calls port VDD not declared in module ND2D1BWP7T
Warning: prbs_ber_pad_top/u_prbs_ber_chip_top/u_prbs_ber_top/FE_RC_17_0 calls port VSS not declared in module IND3D1BWP7T
Warning: prbs_ber_pad_top/u_prbs_ber_chip_top/u_prbs_ber_top/FE_RC_17_0 calls port VDD not declared in module IND3D1BWP7T
Warning: prbs_ber_pad_top/u_prbs_ber_chip_top/u_prbs_ber_top/CTS_ccl_a_buf_00012 calls port VSS not declared in module CKBD1BWP7T
Warning: prbs_ber_pad_top/u_prbs_ber_chip_top/u_prbs_ber_top/CTS_ccl_a_buf_00012 calls port VDD not declared in module CKBD1BWP7T
Warning: prbs_ber_pad_top/u_prbs_ber_chip_top/u_prbs_ber_top/CTS_ccl_a_buf_00011 calls port VSS not declared in module CKBD1BWP7T
Warning: prbs_ber_pad_top/u_prbs_ber_chip_top/u_prbs_ber_top/CTS_ccl_a_buf_00011 calls port VDD not declared in module CKBD1BWP7T
Warning: prbs_ber_pad_top/u_prbs_ber_chip_top/u_prbs_ber_top/CTS_ccl_a_buf_00010 calls port VSS not declared in module CKBD1BWP7T
Warning: prbs_ber_pad_top/u_prbs_ber_chip_top/u_prbs_ber_top/CTS_ccl_a_buf_00010 calls port VDD not declared in module CKBD1BWP7T
Warning: prbs_ber_pad_top/u_prbs_ber_chip_top/u_prbs_ber_top/CTS_ccl_a_buf_00009 calls port VSS not declared in module CKBD1BWP7T
Warning: prbs_ber_pad_top/u_prbs_ber_chip_top/u_prbs_ber_top/CTS_ccl_a_buf_00009 calls port VDD not declared in module CKBD1BWP7T
Warning: prbs_ber_pad_top/u_prbs_ber_chip_top/u_prbs_ber_top/CTS_ccl_a_buf_00008 calls port VSS not declared in module CKBD1BWP7T
Warning: prbs_ber_pad_top/u_prbs_ber_chip_top/u_prbs_ber_top/CTS_ccl_a_buf_00008 calls port VDD not declared in module CKBD1BWP7T
Warning: prbs_ber_pad_top/u_prbs_ber_chip_top/u_prbs_ber_top/CTS_ccl_a_buf_00007 calls port VSS not declared in module CKBD1BWP7T
Warning: prbs_ber_pad_top/u_prbs_ber_chip_top/u_prbs_ber_top/CTS_ccl_a_buf_00007 calls port VDD not declared in module CKBD1BWP7T
Warning: prbs_ber_pad_top/u_prbs_ber_chip_top/u_prbs_ber_top/CTS_ccl_a_buf_00006 calls port VSS not declared in module CKBD1BWP7T
Warning: prbs_ber_pad_top/u_prbs_ber_chip_top/u_prbs_ber_top/CTS_ccl_a_buf_00006 calls port VDD not declared in module CKBD1BWP7T
Warning: prbs_ber_pad_top/u_prbs_ber_chip_top/u_prbs_ber_top/CTS_ccl_a_buf_00005 calls port VSS not declared in module CKBD1BWP7T
Warning: prbs_ber_pad_top/u_prbs_ber_chip_top/u_prbs_ber_top/CTS_ccl_a_buf_00005 calls port VDD not declared in module CKBD1BWP7T
Warning: prbs_ber_pad_top/u_prbs_ber_chip_top/u_prbs_ber_top/FE_RC_12_0 calls port VSS not declared in module CKAN2D1BWP7T
Warning: prbs_ber_pad_top/u_prbs_ber_chip_top/u_prbs_ber_top/FE_RC_12_0 calls port VDD not declared in module CKAN2D1BWP7T
Warning: prbs_ber_pad_top/u_prbs_ber_chip_top/u_prbs_ber_top/FE_OFC24_n_34 calls port VSS not declared in module BUFFD1P5BWP7T
Warning: prbs_ber_pad_top/u_prbs_ber_chip_top/u_prbs_ber_top/FE_OFC24_n_34 calls port VDD not declared in module BUFFD1P5BWP7T
Warning: prbs_ber_pad_top/u_prbs_ber_chip_top/u_prbs_ber_top/CLKGATE_RC_CG_HIER_INST19/RC_CGIC_INST calls port VSS not declared in module CKLNQD2BWP7T
Warning: prbs_ber_pad_top/u_prbs_ber_chip_top/u_prbs_ber_top/CLKGATE_RC_CG_HIER_INST19/RC_CGIC_INST calls port VDD not declared in module CKLNQD2BWP7T
Warning: prbs_ber_pad_top/u_prbs_ber_chip_top/u_prbs_ber_top/CLKGATE_RC_CG_HIER_INST20/RC_CGIC_INST calls port VSS not declared in module CKLNQD4BWP7T
Warning: prbs_ber_pad_top/u_prbs_ber_chip_top/u_prbs_ber_top/CLKGATE_RC_CG_HIER_INST20/RC_CGIC_INST calls port VDD not declared in module CKLNQD4BWP7T
Warning: prbs_ber_pad_top/u_prbs_ber_chip_top/u_prbs_ber_top/u_prbs_gen_top/u_prbs7_top/u_prbs_core/CLKGATE_RC_CG_HIER_INST21/RC_CGIC_INST calls port VSS not declared in module CKLNQD1BWP7T
Warning: prbs_ber_pad_top/u_prbs_ber_chip_top/u_prbs_ber_top/u_prbs_gen_top/u_prbs7_top/u_prbs_core/CLKGATE_RC_CG_HIER_INST21/RC_CGIC_INST calls port VDD not declared in module CKLNQD1BWP7T
Warning: prbs_ber_pad_top/u_prbs_ber_chip_top/u_prbs_ber_top/u_prbs_gen_top/u_prbs7_top/u_prbs_core/lfsr_q_reg[4] calls port VSS not declared in module DFKCNQD1BWP7T
Warning: prbs_ber_pad_top/u_prbs_ber_chip_top/u_prbs_ber_top/u_prbs_gen_top/u_prbs7_top/u_prbs_core/lfsr_q_reg[4] calls port VDD not declared in module DFKCNQD1BWP7T
Warning: prbs_ber_pad_top/u_prbs_ber_chip_top/u_prbs_ber_top/u_prbs_gen_top/u_prbs7_top/u_prbs_core/g174__5526 calls port VSS not declared in module MUX2D1BWP7T
Warning: prbs_ber_pad_top/u_prbs_ber_chip_top/u_prbs_ber_top/u_prbs_gen_top/u_prbs7_top/u_prbs_core/g174__5526 calls port VDD not declared in module MUX2D1BWP7T
Warning: prbs_ber_pad_top/u_prbs_ber_chip_top/u_prbs_ber_top/u_prbs_gen_top/u_prbs7_top/u_prbs_core/lfsr_q_reg[3] calls port VSS not declared in module DFKCNQD1BWP7T
Warning: prbs_ber_pad_top/u_prbs_ber_chip_top/u_prbs_ber_top/u_prbs_gen_top/u_prbs7_top/u_prbs_core/lfsr_q_reg[3] calls port VDD not declared in module DFKCNQD1BWP7T
Warning: prbs_ber_pad_top/u_prbs_ber_chip_top/u_prbs_ber_top/u_prbs_gen_top/u_prbs7_top/u_prbs_core/g176__6783 calls port VSS not declared in module MUX2D1BWP7T
Warning: prbs_ber_pad_top/u_prbs_ber_chip_top/u_prbs_ber_top/u_prbs_gen_top/u_prbs7_top/u_prbs_core/g176__6783 calls port VDD not declared in module MUX2D1BWP7T
Warning: prbs_ber_pad_top/u_prbs_ber_chip_top/u_prbs_ber_top/u_prbs_gen_top/u_prbs7_top/u_prbs_core/lfsr_q_reg[2] calls port VSS not declared in module DFKCNQD1BWP7T
Warning: prbs_ber_pad_top/u_prbs_ber_chip_top/u_prbs_ber_top/u_prbs_gen_top/u_prbs7_top/u_prbs_core/lfsr_q_reg[2] calls port VDD not declared in module DFKCNQD1BWP7T
Warning: prbs_ber_pad_top/u_prbs_ber_chip_top/u_prbs_ber_top/u_prbs_gen_top/u_prbs7_top/u_prbs_core/g178__3680 calls port VSS not declared in module MUX2D1BWP7T
Warning: prbs_ber_pad_top/u_prbs_ber_chip_top/u_prbs_ber_top/u_prbs_gen_top/u_prbs7_top/u_prbs_core/g178__3680 calls port VDD not declared in module MUX2D1BWP7T
Warning: prbs_ber_pad_top/u_prbs_ber_chip_top/u_prbs_ber_top/u_prbs_gen_top/u_prbs7_top/u_prbs_core/lfsr_q_reg[1] calls port VSS not declared in module DFKCNQD1BWP7T
Warning: prbs_ber_pad_top/u_prbs_ber_chip_top/u_prbs_ber_top/u_prbs_gen_top/u_prbs7_top/u_prbs_core/lfsr_q_reg[1] calls port VDD not declared in module DFKCNQD1BWP7T
Warning: prbs_ber_pad_top/u_prbs_ber_chip_top/u_prbs_ber_top/u_prbs_gen_top/u_prbs7_top/u_prbs_core/g180__1617 calls port VSS not declared in module MUX2D1BWP7T
Warning: prbs_ber_pad_top/u_prbs_ber_chip_top/u_prbs_ber_top/u_prbs_gen_top/u_prbs7_top/u_prbs_core/g180__1617 calls port VDD not declared in module MUX2D1BWP7T
Warning: prbs_ber_pad_top/u_prbs_ber_chip_top/u_prbs_ber_top/u_prbs_gen_top/u_prbs7_top/u_prbs_core/lfsr_q_reg[0] calls port VSS not declared in module DFKSND0BWP7T
Warning: prbs_ber_pad_top/u_prbs_ber_chip_top/u_prbs_ber_top/u_prbs_gen_top/u_prbs7_top/u_prbs_core/lfsr_q_reg[0] calls port VDD not declared in module DFKSND0BWP7T
Warning: prbs_ber_pad_top/u_prbs_ber_chip_top/u_prbs_ber_top/u_prbs_gen_top/u_prbs7_top/u_prbs_core/g182__2802 calls port VSS not declared in module CKMUX2D1BWP7T
Warning: prbs_ber_pad_top/u_prbs_ber_chip_top/u_prbs_ber_top/u_prbs_gen_top/u_prbs7_top/u_prbs_core/g182__2802 calls port VDD not declared in module CKMUX2D1BWP7T
Warning: prbs_ber_pad_top/u_prbs_ber_chip_top/u_prbs_ber_top/u_prbs_gen_top/u_prbs7_top/u_prbs_core/g183__1705 calls port VSS not declared in module IND3D1BWP7T
Warning: prbs_ber_pad_top/u_prbs_ber_chip_top/u_prbs_ber_top/u_prbs_gen_top/u_prbs7_top/u_prbs_core/g183__1705 calls port VDD not declared in module IND3D1BWP7T
Warning: prbs_ber_pad_top/u_prbs_ber_chip_top/u_prbs_ber_top/u_prbs_gen_top/u_prbs7_top/u_prbs_core/g184__5122 calls port VSS not declared in module CKXOR2D1BWP7T
Warning: prbs_ber_pad_top/u_prbs_ber_chip_top/u_prbs_ber_top/u_prbs_gen_top/u_prbs7_top/u_prbs_core/g184__5122 calls port VDD not declared in module CKXOR2D1BWP7T
Warning: prbs_ber_pad_top/u_prbs_ber_chip_top/u_prbs_ber_top/u_prbs_gen_top/u_prbs7_top/u_prbs_core/g185 calls port VSS not declared in module INVD0BWP7T
Warning: prbs_ber_pad_top/u_prbs_ber_chip_top/u_prbs_ber_top/u_prbs_gen_top/u_prbs7_top/u_prbs_core/g185 calls port VDD not declared in module INVD0BWP7T
Warning: prbs_ber_pad_top/u_prbs_ber_chip_top/u_prbs_ber_top/u_prbs_gen_top/u_prbs7_top/u_prbs_core/lfsr_q_reg[5] calls port VSS not declared in module DFKCNQD1BWP7T
Warning: prbs_ber_pad_top/u_prbs_ber_chip_top/u_prbs_ber_top/u_prbs_gen_top/u_prbs7_top/u_prbs_core/lfsr_q_reg[5] calls port VDD not declared in module DFKCNQD1BWP7T
Warning: prbs_ber_pad_top/u_prbs_ber_chip_top/u_prbs_ber_top/u_prbs_gen_top/u_prbs7_top/u_prbs_core/lfsr_q_reg[6] calls port VSS not declared in module DFKCNQD1BWP7T
Warning: prbs_ber_pad_top/u_prbs_ber_chip_top/u_prbs_ber_top/u_prbs_gen_top/u_prbs7_top/u_prbs_core/lfsr_q_reg[6] calls port VDD not declared in module DFKCNQD1BWP7T
Warning: prbs_ber_pad_top/u_prbs_ber_chip_top/u_prbs_ber_top/u_prbs_gen_top/u_prbs7_top/u_prbs_core/g135__8246 calls port VSS not declared in module CKMUX2D1BWP7T
Warning: prbs_ber_pad_top/u_prbs_ber_chip_top/u_prbs_ber_top/u_prbs_gen_top/u_prbs7_top/u_prbs_core/g135__8246 calls port VDD not declared in module CKMUX2D1BWP7T
Warning: prbs_ber_pad_top/u_prbs_ber_chip_top/u_prbs_ber_top/u_prbs_gen_top/u_prbs7_top/u_prbs_core/g136__7098 calls port VSS not declared in module CKMUX2D1BWP7T
Warning: prbs_ber_pad_top/u_prbs_ber_chip_top/u_prbs_ber_top/u_prbs_gen_top/u_prbs7_top/u_prbs_core/g136__7098 calls port VDD not declared in module CKMUX2D1BWP7T
Warning: prbs_ber_pad_top/u_prbs_ber_chip_top/u_prbs_ber_top/u_prbs_gen_top/u_prbs7_top/u_prbs_core/tie_0_cell calls port VSS not declared in module TIELBWP7T
Warning: prbs_ber_pad_top/u_prbs_ber_chip_top/u_prbs_ber_top/u_prbs_gen_top/u_prbs7_top/u_prbs_core/tie_0_cell calls port VDD not declared in module TIELBWP7T
Warning: prbs_ber_pad_top/u_prbs_ber_chip_top/u_prbs_ber_top/u_prbs_gen_top/u_prbs7_top/u_prbs_ctrl/g67__6131 calls port VSS not declared in module AO21D0BWP7T
Warning: prbs_ber_pad_top/u_prbs_ber_chip_top/u_prbs_ber_top/u_prbs_gen_top/u_prbs7_top/u_prbs_ctrl/g67__6131 calls port VDD not declared in module AO21D0BWP7T
Warning: prbs_ber_pad_top/u_prbs_ber_chip_top/u_prbs_ber_top/u_prbs_gen_top/u_prbs7_top/u_prbs_ctrl/g68__1881 calls port VSS not declared in module NR4D0BWP7T
Warning: prbs_ber_pad_top/u_prbs_ber_chip_top/u_prbs_ber_top/u_prbs_gen_top/u_prbs7_top/u_prbs_ctrl/g68__1881 calls port VDD not declared in module NR4D0BWP7T
Warning: prbs_ber_pad_top/u_prbs_ber_chip_top/u_prbs_ber_top/u_prbs_gen_top/u_prbs7_top/u_prbs_ctrl/g69__5115 calls port VSS not declared in module NR2D1BWP7T
Warning: prbs_ber_pad_top/u_prbs_ber_chip_top/u_prbs_ber_top/u_prbs_gen_top/u_prbs7_top/u_prbs_ctrl/g69__5115 calls port VDD not declared in module NR2D1BWP7T
Warning: prbs_ber_pad_top/u_prbs_ber_chip_top/u_prbs_ber_top/u_prbs_gen_top/u_prbs15_top/u_prbs15_core/CTS_ccl_a_buf_00004 calls port VSS not declared in module CKBD1BWP7T
Warning: prbs_ber_pad_top/u_prbs_ber_chip_top/u_prbs_ber_top/u_prbs_gen_top/u_prbs15_top/u_prbs15_core/CTS_ccl_a_buf_00004 calls port VDD not declared in module CKBD1BWP7T
Warning: prbs_ber_pad_top/u_prbs_ber_chip_top/u_prbs_ber_top/u_prbs_gen_top/u_prbs15_top/u_prbs15_core/CTS_ccl_a_buf_00003 calls port VSS not declared in module CKBD2BWP7T
Warning: prbs_ber_pad_top/u_prbs_ber_chip_top/u_prbs_ber_top/u_prbs_gen_top/u_prbs15_top/u_prbs15_core/CTS_ccl_a_buf_00003 calls port VDD not declared in module CKBD2BWP7T
Warning: prbs_ber_pad_top/u_prbs_ber_chip_top/u_prbs_ber_top/u_prbs_gen_top/u_prbs15_top/u_prbs15_core/CLKGATE_RC_CG_HIER_INST22/RC_CGIC_INST calls port VSS not declared in module CKLNQD1BWP7T
Warning: prbs_ber_pad_top/u_prbs_ber_chip_top/u_prbs_ber_top/u_prbs_gen_top/u_prbs15_top/u_prbs15_core/CLKGATE_RC_CG_HIER_INST22/RC_CGIC_INST calls port VDD not declared in module CKLNQD1BWP7T
Warning: prbs_ber_pad_top/u_prbs_ber_chip_top/u_prbs_ber_top/u_prbs_gen_top/u_prbs15_top/u_prbs15_core/lfsr_q_reg[12] calls port VSS not declared in module DFKCNQD1BWP7T
Warning: prbs_ber_pad_top/u_prbs_ber_chip_top/u_prbs_ber_top/u_prbs_gen_top/u_prbs15_top/u_prbs15_core/lfsr_q_reg[12] calls port VDD not declared in module DFKCNQD1BWP7T
Warning: prbs_ber_pad_top/u_prbs_ber_chip_top/u_prbs_ber_top/u_prbs_gen_top/u_prbs15_top/u_prbs15_core/g319__7482 calls port VSS not declared in module MUX2D1BWP7T
Warning: prbs_ber_pad_top/u_prbs_ber_chip_top/u_prbs_ber_top/u_prbs_gen_top/u_prbs15_top/u_prbs15_core/g319__7482 calls port VDD not declared in module MUX2D1BWP7T
Warning: prbs_ber_pad_top/u_prbs_ber_chip_top/u_prbs_ber_top/u_prbs_gen_top/u_prbs15_top/u_prbs15_core/lfsr_q_reg[11] calls port VSS not declared in module DFKCNQD1BWP7T
Warning: prbs_ber_pad_top/u_prbs_ber_chip_top/u_prbs_ber_top/u_prbs_gen_top/u_prbs15_top/u_prbs15_core/lfsr_q_reg[11] calls port VDD not declared in module DFKCNQD1BWP7T
Warning: prbs_ber_pad_top/u_prbs_ber_chip_top/u_prbs_ber_top/u_prbs_gen_top/u_prbs15_top/u_prbs15_core/g321__4733 calls port VSS not declared in module MUX2D1BWP7T
Warning: prbs_ber_pad_top/u_prbs_ber_chip_top/u_prbs_ber_top/u_prbs_gen_top/u_prbs15_top/u_prbs15_core/g321__4733 calls port VDD not declared in module MUX2D1BWP7T
Warning: prbs_ber_pad_top/u_prbs_ber_chip_top/u_prbs_ber_top/u_prbs_gen_top/u_prbs15_top/u_prbs15_core/lfsr_q_reg[10] calls port VSS not declared in module DFKCNQD1BWP7T
Warning: prbs_ber_pad_top/u_prbs_ber_chip_top/u_prbs_ber_top/u_prbs_gen_top/u_prbs15_top/u_prbs15_core/lfsr_q_reg[10] calls port VDD not declared in module DFKCNQD1BWP7T
Warning: prbs_ber_pad_top/u_prbs_ber_chip_top/u_prbs_ber_top/u_prbs_gen_top/u_prbs15_top/u_prbs15_core/g323__6161 calls port VSS not declared in module MUX2D1BWP7T
Warning: prbs_ber_pad_top/u_prbs_ber_chip_top/u_prbs_ber_top/u_prbs_gen_top/u_prbs15_top/u_prbs15_core/g323__6161 calls port VDD not declared in module MUX2D1BWP7T
Warning: prbs_ber_pad_top/u_prbs_ber_chip_top/u_prbs_ber_top/u_prbs_gen_top/u_prbs15_top/u_prbs15_core/lfsr_q_reg[9] calls port VSS not declared in module DFKCNQD1BWP7T
Warning: prbs_ber_pad_top/u_prbs_ber_chip_top/u_prbs_ber_top/u_prbs_gen_top/u_prbs15_top/u_prbs15_core/lfsr_q_reg[9] calls port VDD not declared in module DFKCNQD1BWP7T
Warning: prbs_ber_pad_top/u_prbs_ber_chip_top/u_prbs_ber_top/u_prbs_gen_top/u_prbs15_top/u_prbs15_core/g325 calls port VSS not declared in module MUX2D1BWP7T
Warning: prbs_ber_pad_top/u_prbs_ber_chip_top/u_prbs_ber_top/u_prbs_gen_top/u_prbs15_top/u_prbs15_core/g325 calls port VDD not declared in module MUX2D1BWP7T
Warning: prbs_ber_pad_top/u_prbs_ber_chip_top/u_prbs_ber_top/u_prbs_gen_top/u_prbs15_top/u_prbs15_core/lfsr_q_reg[8] calls port VSS not declared in module DFKCNQD1BWP7T
Warning: prbs_ber_pad_top/u_prbs_ber_chip_top/u_prbs_ber_top/u_prbs_gen_top/u_prbs15_top/u_prbs15_core/lfsr_q_reg[8] calls port VDD not declared in module DFKCNQD1BWP7T
Warning: prbs_ber_pad_top/u_prbs_ber_chip_top/u_prbs_ber_top/u_prbs_gen_top/u_prbs15_top/u_prbs15_core/g327 calls port VSS not declared in module MUX2D1BWP7T
Warning: prbs_ber_pad_top/u_prbs_ber_chip_top/u_prbs_ber_top/u_prbs_gen_top/u_prbs15_top/u_prbs15_core/g327 calls port VDD not declared in module MUX2D1BWP7T
Warning: prbs_ber_pad_top/u_prbs_ber_chip_top/u_prbs_ber_top/u_prbs_gen_top/u_prbs15_top/u_prbs15_core/lfsr_q_reg[7] calls port VSS not declared in module DFKCNQD1BWP7T
Warning: prbs_ber_pad_top/u_prbs_ber_chip_top/u_prbs_ber_top/u_prbs_gen_top/u_prbs15_top/u_prbs15_core/lfsr_q_reg[7] calls port VDD not declared in module DFKCNQD1BWP7T
Warning: prbs_ber_pad_top/u_prbs_ber_chip_top/u_prbs_ber_top/u_prbs_gen_top/u_prbs15_top/u_prbs15_core/g329 calls port VSS not declared in module MUX2D1BWP7T
Warning: prbs_ber_pad_top/u_prbs_ber_chip_top/u_prbs_ber_top/u_prbs_gen_top/u_prbs15_top/u_prbs15_core/g329 calls port VDD not declared in module MUX2D1BWP7T
Warning: prbs_ber_pad_top/u_prbs_ber_chip_top/u_prbs_ber_top/u_prbs_gen_top/u_prbs15_top/u_prbs15_core/lfsr_q_reg[6] calls port VSS not declared in module DFKCNQD1BWP7T
Warning: prbs_ber_pad_top/u_prbs_ber_chip_top/u_prbs_ber_top/u_prbs_gen_top/u_prbs15_top/u_prbs15_core/lfsr_q_reg[6] calls port VDD not declared in module DFKCNQD1BWP7T
Warning: prbs_ber_pad_top/u_prbs_ber_chip_top/u_prbs_ber_top/u_prbs_gen_top/u_prbs15_top/u_prbs15_core/g331 calls port VSS not declared in module MUX2D1BWP7T
Warning: prbs_ber_pad_top/u_prbs_ber_chip_top/u_prbs_ber_top/u_prbs_gen_top/u_prbs15_top/u_prbs15_core/g331 calls port VDD not declared in module MUX2D1BWP7T
Warning: prbs_ber_pad_top/u_prbs_ber_chip_top/u_prbs_ber_top/u_prbs_gen_top/u_prbs15_top/u_prbs15_core/lfsr_q_reg[5] calls port VSS not declared in module DFKCNQD1BWP7T
Warning: prbs_ber_pad_top/u_prbs_ber_chip_top/u_prbs_ber_top/u_prbs_gen_top/u_prbs15_top/u_prbs15_core/lfsr_q_reg[5] calls port VDD not declared in module DFKCNQD1BWP7T
Warning: prbs_ber_pad_top/u_prbs_ber_chip_top/u_prbs_ber_top/u_prbs_gen_top/u_prbs15_top/u_prbs15_core/g333 calls port VSS not declared in module MUX2D1BWP7T
Warning: prbs_ber_pad_top/u_prbs_ber_chip_top/u_prbs_ber_top/u_prbs_gen_top/u_prbs15_top/u_prbs15_core/g333 calls port VDD not declared in module MUX2D1BWP7T
Warning: prbs_ber_pad_top/u_prbs_ber_chip_top/u_prbs_ber_top/u_prbs_gen_top/u_prbs15_top/u_prbs15_core/lfsr_q_reg[4] calls port VSS not declared in module DFKCNQD1BWP7T
Warning: prbs_ber_pad_top/u_prbs_ber_chip_top/u_prbs_ber_top/u_prbs_gen_top/u_prbs15_top/u_prbs15_core/lfsr_q_reg[4] calls port VDD not declared in module DFKCNQD1BWP7T
Warning: prbs_ber_pad_top/u_prbs_ber_chip_top/u_prbs_ber_top/u_prbs_gen_top/u_prbs15_top/u_prbs15_core/g335 calls port VSS not declared in module MUX2D1BWP7T
Warning: prbs_ber_pad_top/u_prbs_ber_chip_top/u_prbs_ber_top/u_prbs_gen_top/u_prbs15_top/u_prbs15_core/g335 calls port VDD not declared in module MUX2D1BWP7T
Warning: prbs_ber_pad_top/u_prbs_ber_chip_top/u_prbs_ber_top/u_prbs_gen_top/u_prbs15_top/u_prbs15_core/lfsr_q_reg[3] calls port VSS not declared in module DFKCNQD1BWP7T
Warning: prbs_ber_pad_top/u_prbs_ber_chip_top/u_prbs_ber_top/u_prbs_gen_top/u_prbs15_top/u_prbs15_core/lfsr_q_reg[3] calls port VDD not declared in module DFKCNQD1BWP7T
Warning: prbs_ber_pad_top/u_prbs_ber_chip_top/u_prbs_ber_top/u_prbs_gen_top/u_prbs15_top/u_prbs15_core/g337 calls port VSS not declared in module MUX2D1BWP7T
Warning: prbs_ber_pad_top/u_prbs_ber_chip_top/u_prbs_ber_top/u_prbs_gen_top/u_prbs15_top/u_prbs15_core/g337 calls port VDD not declared in module MUX2D1BWP7T
Warning: prbs_ber_pad_top/u_prbs_ber_chip_top/u_prbs_ber_top/u_prbs_gen_top/u_prbs15_top/u_prbs15_core/lfsr_q_reg[2] calls port VSS not declared in module DFKCNQD1BWP7T
Warning: prbs_ber_pad_top/u_prbs_ber_chip_top/u_prbs_ber_top/u_prbs_gen_top/u_prbs15_top/u_prbs15_core/lfsr_q_reg[2] calls port VDD not declared in module DFKCNQD1BWP7T
Warning: prbs_ber_pad_top/u_prbs_ber_chip_top/u_prbs_ber_top/u_prbs_gen_top/u_prbs15_top/u_prbs15_core/g339 calls port VSS not declared in module MUX2D1BWP7T
Warning: prbs_ber_pad_top/u_prbs_ber_chip_top/u_prbs_ber_top/u_prbs_gen_top/u_prbs15_top/u_prbs15_core/g339 calls port VDD not declared in module MUX2D1BWP7T
Warning: prbs_ber_pad_top/u_prbs_ber_chip_top/u_prbs_ber_top/u_prbs_gen_top/u_prbs15_top/u_prbs15_core/lfsr_q_reg[1] calls port VSS not declared in module DFKCNQD1BWP7T
Warning: prbs_ber_pad_top/u_prbs_ber_chip_top/u_prbs_ber_top/u_prbs_gen_top/u_prbs15_top/u_prbs15_core/lfsr_q_reg[1] calls port VDD not declared in module DFKCNQD1BWP7T
Warning: prbs_ber_pad_top/u_prbs_ber_chip_top/u_prbs_ber_top/u_prbs_gen_top/u_prbs15_top/u_prbs15_core/g341 calls port VSS not declared in module MUX2D1BWP7T
Warning: prbs_ber_pad_top/u_prbs_ber_chip_top/u_prbs_ber_top/u_prbs_gen_top/u_prbs15_top/u_prbs15_core/g341 calls port VDD not declared in module MUX2D1BWP7T
Warning: prbs_ber_pad_top/u_prbs_ber_chip_top/u_prbs_ber_top/u_prbs_gen_top/u_prbs15_top/u_prbs15_core/lfsr_q_reg[0] calls port VSS not declared in module DFQD0BWP7T
Warning: prbs_ber_pad_top/u_prbs_ber_chip_top/u_prbs_ber_top/u_prbs_gen_top/u_prbs15_top/u_prbs15_core/lfsr_q_reg[0] calls port VDD not declared in module DFQD0BWP7T
Warning: prbs_ber_pad_top/u_prbs_ber_chip_top/u_prbs_ber_top/u_prbs_gen_top/u_prbs15_top/u_prbs15_core/g343 calls port VSS not declared in module AO221D0BWP7T
Warning: prbs_ber_pad_top/u_prbs_ber_chip_top/u_prbs_ber_top/u_prbs_gen_top/u_prbs15_top/u_prbs15_core/g343 calls port VDD not declared in module AO221D0BWP7T
Warning: prbs_ber_pad_top/u_prbs_ber_chip_top/u_prbs_ber_top/u_prbs_gen_top/u_prbs15_top/u_prbs15_core/g344 calls port VSS not declared in module IND3D1BWP7T
Warning: prbs_ber_pad_top/u_prbs_ber_chip_top/u_prbs_ber_top/u_prbs_gen_top/u_prbs15_top/u_prbs15_core/g344 calls port VDD not declared in module IND3D1BWP7T
Warning: prbs_ber_pad_top/u_prbs_ber_chip_top/u_prbs_ber_top/u_prbs_gen_top/u_prbs15_top/u_prbs15_core/g345 calls port VSS not declared in module CKXOR2D1BWP7T
Warning: prbs_ber_pad_top/u_prbs_ber_chip_top/u_prbs_ber_top/u_prbs_gen_top/u_prbs15_top/u_prbs15_core/g345 calls port VDD not declared in module CKXOR2D1BWP7T
Warning: prbs_ber_pad_top/u_prbs_ber_chip_top/u_prbs_ber_top/u_prbs_gen_top/u_prbs15_top/u_prbs15_core/g346 calls port VSS not declared in module INVD1BWP7T
Warning: prbs_ber_pad_top/u_prbs_ber_chip_top/u_prbs_ber_top/u_prbs_gen_top/u_prbs15_top/u_prbs15_core/g346 calls port VDD not declared in module INVD1BWP7T
Warning: prbs_ber_pad_top/u_prbs_ber_chip_top/u_prbs_ber_top/u_prbs_gen_top/u_prbs15_top/u_prbs15_core/g347 calls port VSS not declared in module INVD1BWP7T
Warning: prbs_ber_pad_top/u_prbs_ber_chip_top/u_prbs_ber_top/u_prbs_gen_top/u_prbs15_top/u_prbs15_core/g347 calls port VDD not declared in module INVD1BWP7T
Warning: prbs_ber_pad_top/u_prbs_ber_chip_top/u_prbs_ber_top/u_prbs_gen_top/u_prbs15_top/u_prbs15_core/lfsr_q_reg[13] calls port VSS not declared in module DFKCNQD1BWP7T
Warning: prbs_ber_pad_top/u_prbs_ber_chip_top/u_prbs_ber_top/u_prbs_gen_top/u_prbs15_top/u_prbs15_core/lfsr_q_reg[13] calls port VDD not declared in module DFKCNQD1BWP7T
Warning: prbs_ber_pad_top/u_prbs_ber_chip_top/u_prbs_ber_top/u_prbs_gen_top/u_prbs15_top/u_prbs15_core/lfsr_q_reg[14] calls port VSS not declared in module DFKCNQD1BWP7T
Warning: prbs_ber_pad_top/u_prbs_ber_chip_top/u_prbs_ber_top/u_prbs_gen_top/u_prbs15_top/u_prbs15_core/lfsr_q_reg[14] calls port VDD not declared in module DFKCNQD1BWP7T
Warning: prbs_ber_pad_top/u_prbs_ber_chip_top/u_prbs_ber_top/u_prbs_gen_top/u_prbs15_top/u_prbs15_core/g215 calls port VSS not declared in module CKMUX2D1BWP7T
Warning: prbs_ber_pad_top/u_prbs_ber_chip_top/u_prbs_ber_top/u_prbs_gen_top/u_prbs15_top/u_prbs15_core/g215 calls port VDD not declared in module CKMUX2D1BWP7T
Warning: prbs_ber_pad_top/u_prbs_ber_chip_top/u_prbs_ber_top/u_prbs_gen_top/u_prbs15_top/u_prbs15_core/g216 calls port VSS not declared in module CKMUX2D1BWP7T
Warning: prbs_ber_pad_top/u_prbs_ber_chip_top/u_prbs_ber_top/u_prbs_gen_top/u_prbs15_top/u_prbs15_core/g216 calls port VDD not declared in module CKMUX2D1BWP7T
Warning: prbs_ber_pad_top/u_prbs_ber_chip_top/u_prbs_ber_top/u_prbs_gen_top/u_prbs15_top/u_prbs15_core/tie_0_cell calls port VSS not declared in module TIELBWP7T
Warning: prbs_ber_pad_top/u_prbs_ber_chip_top/u_prbs_ber_top/u_prbs_gen_top/u_prbs15_top/u_prbs15_core/tie_0_cell calls port VDD not declared in module TIELBWP7T
Warning: prbs_ber_pad_top/u_prbs_ber_chip_top/u_prbs_ber_top/u_prbs_gen_top/u_prbs15_top/u_prbs15_ctrl/g215 calls port VSS not declared in module AO31D1BWP7T
Warning: prbs_ber_pad_top/u_prbs_ber_chip_top/u_prbs_ber_top/u_prbs_gen_top/u_prbs15_top/u_prbs15_ctrl/g215 calls port VDD not declared in module AO31D1BWP7T
Warning: prbs_ber_pad_top/u_prbs_ber_chip_top/u_prbs_ber_top/u_prbs_gen_top/u_prbs15_top/u_prbs15_ctrl/g216 calls port VSS not declared in module INR3D0BWP7T
Warning: prbs_ber_pad_top/u_prbs_ber_chip_top/u_prbs_ber_top/u_prbs_gen_top/u_prbs15_top/u_prbs15_ctrl/g216 calls port VDD not declared in module INR3D0BWP7T
Warning: prbs_ber_pad_top/u_prbs_ber_chip_top/u_prbs_ber_top/u_prbs_gen_top/u_prbs15_top/u_prbs15_ctrl/g217 calls port VSS not declared in module NR4D0BWP7T
Warning: prbs_ber_pad_top/u_prbs_ber_chip_top/u_prbs_ber_top/u_prbs_gen_top/u_prbs15_top/u_prbs15_ctrl/g217 calls port VDD not declared in module NR4D0BWP7T
Warning: prbs_ber_pad_top/u_prbs_ber_chip_top/u_prbs_ber_top/u_prbs_gen_top/u_prbs15_top/u_prbs15_ctrl/g218 calls port VSS not declared in module NR4D0BWP7T
Warning: prbs_ber_pad_top/u_prbs_ber_chip_top/u_prbs_ber_top/u_prbs_gen_top/u_prbs15_top/u_prbs15_ctrl/g218 calls port VDD not declared in module NR4D0BWP7T
Warning: prbs_ber_pad_top/u_prbs_ber_chip_top/u_prbs_ber_top/u_prbs_gen_top/u_prbs15_top/u_prbs15_ctrl/g219 calls port VSS not declared in module NR4D0BWP7T
Warning: prbs_ber_pad_top/u_prbs_ber_chip_top/u_prbs_ber_top/u_prbs_gen_top/u_prbs15_top/u_prbs15_ctrl/g219 calls port VDD not declared in module NR4D0BWP7T
Warning: prbs_ber_pad_top/u_prbs_ber_chip_top/u_prbs_ber_top/u_prbs_gen_top/g90 calls port VSS not declared in module ND2D1BWP7T
Warning: prbs_ber_pad_top/u_prbs_ber_chip_top/u_prbs_ber_top/u_prbs_gen_top/g90 calls port VDD not declared in module ND2D1BWP7T
Warning: prbs_ber_pad_top/u_prbs_ber_chip_top/u_prbs_ber_top/u_prbs_gen_top/g91 calls port VSS not declared in module ND2D1BWP7T
Warning: prbs_ber_pad_top/u_prbs_ber_chip_top/u_prbs_ber_top/u_prbs_gen_top/g91 calls port VDD not declared in module ND2D1BWP7T
Warning: prbs_ber_pad_top/u_prbs_ber_chip_top/u_prbs_ber_top/u_prbs_gen_top/g92 calls port VSS not declared in module CKAN2D1BWP7T
Warning: prbs_ber_pad_top/u_prbs_ber_chip_top/u_prbs_ber_top/u_prbs_gen_top/g92 calls port VDD not declared in module CKAN2D1BWP7T
Warning: prbs_ber_pad_top/u_prbs_ber_chip_top/u_prbs_ber_top/u_prbs_gen_top/g93 calls port VSS not declared in module ND2D1BWP7T
Warning: prbs_ber_pad_top/u_prbs_ber_chip_top/u_prbs_ber_top/u_prbs_gen_top/g93 calls port VDD not declared in module ND2D1BWP7T
Warning: prbs_ber_pad_top/u_prbs_ber_chip_top/u_prbs_ber_top/u_prbs_gen_top/g94 calls port VSS not declared in module AN2D1BWP7T
Warning: prbs_ber_pad_top/u_prbs_ber_chip_top/u_prbs_ber_top/u_prbs_gen_top/g94 calls port VDD not declared in module AN2D1BWP7T
Warning: prbs_ber_pad_top/u_prbs_ber_chip_top/u_prbs_ber_top/u_prbs_gen_top/g95 calls port VSS not declared in module AN2D1BWP7T
Warning: prbs_ber_pad_top/u_prbs_ber_chip_top/u_prbs_ber_top/u_prbs_gen_top/g95 calls port VDD not declared in module AN2D1BWP7T
Warning: prbs_ber_pad_top/u_prbs_ber_chip_top/u_prbs_ber_top/u_prbs_gen_top/g96 calls port VSS not declared in module CKAN2D1BWP7T
Warning: prbs_ber_pad_top/u_prbs_ber_chip_top/u_prbs_ber_top/u_prbs_gen_top/g96 calls port VDD not declared in module CKAN2D1BWP7T
Warning: prbs_ber_pad_top/u_prbs_ber_chip_top/u_prbs_ber_top/g663 calls port VSS not declared in module OR2D1BWP7T
Warning: prbs_ber_pad_top/u_prbs_ber_chip_top/u_prbs_ber_top/g663 calls port VDD not declared in module OR2D1BWP7T
Warning: prbs_ber_pad_top/u_prbs_ber_chip_top/u_prbs_ber_top/g664 calls port VSS not declared in module AN2D2BWP7T
Warning: prbs_ber_pad_top/u_prbs_ber_chip_top/u_prbs_ber_top/g664 calls port VDD not declared in module AN2D2BWP7T
Warning: prbs_ber_pad_top/u_prbs_ber_chip_top/u_prbs_ber_top/g665 calls port VSS not declared in module XNR2D1BWP7T
Warning: prbs_ber_pad_top/u_prbs_ber_chip_top/u_prbs_ber_top/g665 calls port VDD not declared in module XNR2D1BWP7T
Warning: prbs_ber_pad_top/u_prbs_ber_chip_top/u_prbs_ber_top/g666 calls port VSS not declared in module XOR2D1BWP7T
Warning: prbs_ber_pad_top/u_prbs_ber_chip_top/u_prbs_ber_top/g666 calls port VDD not declared in module XOR2D1BWP7T
Warning: prbs_ber_pad_top/u_prbs_ber_chip_top/u_prbs_ber_top/g667 calls port VSS not declared in module IOA21D1BWP7T
Warning: prbs_ber_pad_top/u_prbs_ber_chip_top/u_prbs_ber_top/g667 calls port VDD not declared in module IOA21D1BWP7T
Warning: prbs_ber_pad_top/u_prbs_ber_chip_top/u_prbs_ber_top/g668 calls port VSS not declared in module CKAN2D1BWP7T
Warning: prbs_ber_pad_top/u_prbs_ber_chip_top/u_prbs_ber_top/g668 calls port VDD not declared in module CKAN2D1BWP7T
Warning: prbs_ber_pad_top/u_prbs_ber_chip_top/u_prbs_ber_top/g669 calls port VSS not declared in module ND2D1BWP7T
Warning: prbs_ber_pad_top/u_prbs_ber_chip_top/u_prbs_ber_top/g669 calls port VDD not declared in module ND2D1BWP7T
Warning: prbs_ber_pad_top/u_prbs_ber_chip_top/u_prbs_ber_top/ref_bit_q_reg calls port VSS not declared in module DFKCNQD1BWP7T
Warning: prbs_ber_pad_top/u_prbs_ber_chip_top/u_prbs_ber_top/ref_bit_q_reg calls port VDD not declared in module DFKCNQD1BWP7T
Warning: prbs_ber_pad_top/u_prbs_ber_chip_top/u_prbs_ber_top/ext_serial_in_q_reg calls port VSS not declared in module DFKCNQD1BWP7T
Warning: prbs_ber_pad_top/u_prbs_ber_chip_top/u_prbs_ber_top/ext_serial_in_q_reg calls port VDD not declared in module DFKCNQD1BWP7T
Warning: prbs_ber_pad_top/u_prbs_ber_chip_top/u_prbs_ber_top/g672 calls port VSS not declared in module OR2D1BWP7T
Warning: prbs_ber_pad_top/u_prbs_ber_chip_top/u_prbs_ber_top/g672 calls port VDD not declared in module OR2D1BWP7T
Warning: prbs_ber_pad_top/u_prbs_ber_chip_top/u_prbs_ber_top/g673 calls port VSS not declared in module IND2D1BWP7T
Warning: prbs_ber_pad_top/u_prbs_ber_chip_top/u_prbs_ber_top/g673 calls port VDD not declared in module IND2D1BWP7T
Warning: prbs_ber_pad_top/u_prbs_ber_chip_top/u_prbs_ber_top/g674 calls port VSS not declared in module IND2D1BWP7T
Warning: prbs_ber_pad_top/u_prbs_ber_chip_top/u_prbs_ber_top/g674 calls port VDD not declared in module IND2D1BWP7T
Warning: prbs_ber_pad_top/u_prbs_ber_chip_top/u_prbs_ber_top/error_count_reg[0] calls port VSS not declared in module DFKCNQD1BWP7T
Warning: prbs_ber_pad_top/u_prbs_ber_chip_top/u_prbs_ber_top/error_count_reg[0] calls port VDD not declared in module DFKCNQD1BWP7T
Warning: prbs_ber_pad_top/u_prbs_ber_chip_top/u_prbs_ber_top/error_count_reg[1] calls port VSS not declared in module DFKCNQD1BWP7T
Warning: prbs_ber_pad_top/u_prbs_ber_chip_top/u_prbs_ber_top/error_count_reg[1] calls port VDD not declared in module DFKCNQD1BWP7T
Warning: prbs_ber_pad_top/u_prbs_ber_chip_top/u_prbs_ber_top/error_count_reg[2] calls port VSS not declared in module DFKCNQD1BWP7T
Warning: prbs_ber_pad_top/u_prbs_ber_chip_top/u_prbs_ber_top/error_count_reg[2] calls port VDD not declared in module DFKCNQD1BWP7T
Warning: prbs_ber_pad_top/u_prbs_ber_chip_top/u_prbs_ber_top/error_count_reg[3] calls port VSS not declared in module DFKCNQD1BWP7T
Warning: prbs_ber_pad_top/u_prbs_ber_chip_top/u_prbs_ber_top/error_count_reg[3] calls port VDD not declared in module DFKCNQD1BWP7T
Warning: prbs_ber_pad_top/u_prbs_ber_chip_top/u_prbs_ber_top/error_count_reg[4] calls port VSS not declared in module DFKCNQD1BWP7T
Warning: prbs_ber_pad_top/u_prbs_ber_chip_top/u_prbs_ber_top/error_count_reg[4] calls port VDD not declared in module DFKCNQD1BWP7T
Warning: prbs_ber_pad_top/u_prbs_ber_chip_top/u_prbs_ber_top/error_count_reg[5] calls port VSS not declared in module DFKCNQD1BWP7T
Warning: prbs_ber_pad_top/u_prbs_ber_chip_top/u_prbs_ber_top/error_count_reg[5] calls port VDD not declared in module DFKCNQD1BWP7T
Warning: prbs_ber_pad_top/u_prbs_ber_chip_top/u_prbs_ber_top/error_count_reg[6] calls port VSS not declared in module DFKCNQD1BWP7T
Warning: prbs_ber_pad_top/u_prbs_ber_chip_top/u_prbs_ber_top/error_count_reg[6] calls port VDD not declared in module DFKCNQD1BWP7T
Warning: prbs_ber_pad_top/u_prbs_ber_chip_top/u_prbs_ber_top/error_count_reg[7] calls port VSS not declared in module DFKCNQD1BWP7T
Warning: prbs_ber_pad_top/u_prbs_ber_chip_top/u_prbs_ber_top/error_count_reg[7] calls port VDD not declared in module DFKCNQD1BWP7T
Warning: prbs_ber_pad_top/u_prbs_ber_chip_top/u_prbs_ber_top/error_count_reg[8] calls port VSS not declared in module DFKCNQD1BWP7T
Warning: prbs_ber_pad_top/u_prbs_ber_chip_top/u_prbs_ber_top/error_count_reg[8] calls port VDD not declared in module DFKCNQD1BWP7T
Warning: prbs_ber_pad_top/u_prbs_ber_chip_top/u_prbs_ber_top/error_count_reg[9] calls port VSS not declared in module DFKCNQD1BWP7T
Warning: prbs_ber_pad_top/u_prbs_ber_chip_top/u_prbs_ber_top/error_count_reg[9] calls port VDD not declared in module DFKCNQD1BWP7T
Warning: prbs_ber_pad_top/u_prbs_ber_chip_top/u_prbs_ber_top/error_count_reg[10] calls port VSS not declared in module DFKCNQD1BWP7T
Warning: prbs_ber_pad_top/u_prbs_ber_chip_top/u_prbs_ber_top/error_count_reg[10] calls port VDD not declared in module DFKCNQD1BWP7T
Warning: prbs_ber_pad_top/u_prbs_ber_chip_top/u_prbs_ber_top/error_count_reg[11] calls port VSS not declared in module DFKCNQD1BWP7T
Warning: prbs_ber_pad_top/u_prbs_ber_chip_top/u_prbs_ber_top/error_count_reg[11] calls port VDD not declared in module DFKCNQD1BWP7T
Warning: prbs_ber_pad_top/u_prbs_ber_chip_top/u_prbs_ber_top/error_count_reg[12] calls port VSS not declared in module DFKCNQD1BWP7T
Warning: prbs_ber_pad_top/u_prbs_ber_chip_top/u_prbs_ber_top/error_count_reg[12] calls port VDD not declared in module DFKCNQD1BWP7T
Warning: prbs_ber_pad_top/u_prbs_ber_chip_top/u_prbs_ber_top/error_count_reg[13] calls port VSS not declared in module DFKCNQD1BWP7T
Warning: prbs_ber_pad_top/u_prbs_ber_chip_top/u_prbs_ber_top/error_count_reg[13] calls port VDD not declared in module DFKCNQD1BWP7T
Warning: prbs_ber_pad_top/u_prbs_ber_chip_top/u_prbs_ber_top/error_count_reg[14] calls port VSS not declared in module DFKCNQD1BWP7T
Warning: prbs_ber_pad_top/u_prbs_ber_chip_top/u_prbs_ber_top/error_count_reg[14] calls port VDD not declared in module DFKCNQD1BWP7T
Warning: prbs_ber_pad_top/u_prbs_ber_chip_top/u_prbs_ber_top/error_count_reg[15] calls port VSS not declared in module DFKCNQD1BWP7T
Warning: prbs_ber_pad_top/u_prbs_ber_chip_top/u_prbs_ber_top/error_count_reg[15] calls port VDD not declared in module DFKCNQD1BWP7T
Warning: prbs_ber_pad_top/u_prbs_ber_chip_top/u_prbs_ber_top/error_count_reg[16] calls port VSS not declared in module DFKCNQD1BWP7T
Warning: prbs_ber_pad_top/u_prbs_ber_chip_top/u_prbs_ber_top/error_count_reg[16] calls port VDD not declared in module DFKCNQD1BWP7T
Warning: prbs_ber_pad_top/u_prbs_ber_chip_top/u_prbs_ber_top/error_count_reg[17] calls port VSS not declared in module DFKCNQD1BWP7T
Warning: prbs_ber_pad_top/u_prbs_ber_chip_top/u_prbs_ber_top/error_count_reg[17] calls port VDD not declared in module DFKCNQD1BWP7T
Warning: prbs_ber_pad_top/u_prbs_ber_chip_top/u_prbs_ber_top/error_count_reg[18] calls port VSS not declared in module DFKCNQD1BWP7T
Warning: prbs_ber_pad_top/u_prbs_ber_chip_top/u_prbs_ber_top/error_count_reg[18] calls port VDD not declared in module DFKCNQD1BWP7T
Warning: prbs_ber_pad_top/u_prbs_ber_chip_top/u_prbs_ber_top/error_count_reg[19] calls port VSS not declared in module DFKCNQD1BWP7T
Warning: prbs_ber_pad_top/u_prbs_ber_chip_top/u_prbs_ber_top/error_count_reg[19] calls port VDD not declared in module DFKCNQD1BWP7T
Warning: prbs_ber_pad_top/u_prbs_ber_chip_top/u_prbs_ber_top/error_count_reg[20] calls port VSS not declared in module DFKCNQD1BWP7T
Warning: prbs_ber_pad_top/u_prbs_ber_chip_top/u_prbs_ber_top/error_count_reg[20] calls port VDD not declared in module DFKCNQD1BWP7T
Warning: prbs_ber_pad_top/u_prbs_ber_chip_top/u_prbs_ber_top/error_count_reg[21] calls port VSS not declared in module DFKCNQD1BWP7T
Warning: prbs_ber_pad_top/u_prbs_ber_chip_top/u_prbs_ber_top/error_count_reg[21] calls port VDD not declared in module DFKCNQD1BWP7T
Warning: prbs_ber_pad_top/u_prbs_ber_chip_top/u_prbs_ber_top/error_count_reg[22] calls port VSS not declared in module DFKCNQD1BWP7T
Warning: prbs_ber_pad_top/u_prbs_ber_chip_top/u_prbs_ber_top/error_count_reg[22] calls port VDD not declared in module DFKCNQD1BWP7T
Warning: prbs_ber_pad_top/u_prbs_ber_chip_top/u_prbs_ber_top/error_count_reg[23] calls port VSS not declared in module DFKCNQD1BWP7T
Warning: prbs_ber_pad_top/u_prbs_ber_chip_top/u_prbs_ber_top/error_count_reg[23] calls port VDD not declared in module DFKCNQD1BWP7T
Warning: prbs_ber_pad_top/u_prbs_ber_chip_top/u_prbs_ber_top/error_count_reg[24] calls port VSS not declared in module DFKCNQD1BWP7T
Warning: prbs_ber_pad_top/u_prbs_ber_chip_top/u_prbs_ber_top/error_count_reg[24] calls port VDD not declared in module DFKCNQD1BWP7T
Warning: prbs_ber_pad_top/u_prbs_ber_chip_top/u_prbs_ber_top/error_count_reg[25] calls port VSS not declared in module DFKCNQD1BWP7T
Warning: prbs_ber_pad_top/u_prbs_ber_chip_top/u_prbs_ber_top/error_count_reg[25] calls port VDD not declared in module DFKCNQD1BWP7T
Warning: prbs_ber_pad_top/u_prbs_ber_chip_top/u_prbs_ber_top/error_count_reg[26] calls port VSS not declared in module DFKCNQD1BWP7T
Warning: prbs_ber_pad_top/u_prbs_ber_chip_top/u_prbs_ber_top/error_count_reg[26] calls port VDD not declared in module DFKCNQD1BWP7T
Warning: prbs_ber_pad_top/u_prbs_ber_chip_top/u_prbs_ber_top/error_count_reg[27] calls port VSS not declared in module DFKCNQD1BWP7T
Warning: prbs_ber_pad_top/u_prbs_ber_chip_top/u_prbs_ber_top/error_count_reg[27] calls port VDD not declared in module DFKCNQD1BWP7T
Warning: prbs_ber_pad_top/u_prbs_ber_chip_top/u_prbs_ber_top/error_count_reg[28] calls port VSS not declared in module DFKCNQD1BWP7T
Warning: prbs_ber_pad_top/u_prbs_ber_chip_top/u_prbs_ber_top/error_count_reg[28] calls port VDD not declared in module DFKCNQD1BWP7T
Warning: prbs_ber_pad_top/u_prbs_ber_chip_top/u_prbs_ber_top/error_count_reg[29] calls port VSS not declared in module DFKCNQD1BWP7T
Warning: prbs_ber_pad_top/u_prbs_ber_chip_top/u_prbs_ber_top/error_count_reg[29] calls port VDD not declared in module DFKCNQD1BWP7T
Warning: prbs_ber_pad_top/u_prbs_ber_chip_top/u_prbs_ber_top/error_count_reg[30] calls port VSS not declared in module DFKCNQD1BWP7T
Warning: prbs_ber_pad_top/u_prbs_ber_chip_top/u_prbs_ber_top/error_count_reg[30] calls port VDD not declared in module DFKCNQD1BWP7T
Warning: prbs_ber_pad_top/u_prbs_ber_chip_top/u_prbs_ber_top/error_count_reg[31] calls port VSS not declared in module DFKCNQD1BWP7T
Warning: prbs_ber_pad_top/u_prbs_ber_chip_top/u_prbs_ber_top/error_count_reg[31] calls port VDD not declared in module DFKCNQD1BWP7T
Warning: prbs_ber_pad_top/u_prbs_ber_chip_top/u_prbs_ber_top/total_count_reg[0] calls port VSS not declared in module DFKCNQD1BWP7T
Warning: prbs_ber_pad_top/u_prbs_ber_chip_top/u_prbs_ber_top/total_count_reg[0] calls port VDD not declared in module DFKCNQD1BWP7T
Warning: prbs_ber_pad_top/u_prbs_ber_chip_top/u_prbs_ber_top/total_count_reg[1] calls port VSS not declared in module DFKCNQD1BWP7T
Warning: prbs_ber_pad_top/u_prbs_ber_chip_top/u_prbs_ber_top/total_count_reg[1] calls port VDD not declared in module DFKCNQD1BWP7T
Warning: prbs_ber_pad_top/u_prbs_ber_chip_top/u_prbs_ber_top/total_count_reg[2] calls port VSS not declared in module DFKCNQD1BWP7T
Warning: prbs_ber_pad_top/u_prbs_ber_chip_top/u_prbs_ber_top/total_count_reg[2] calls port VDD not declared in module DFKCNQD1BWP7T
Warning: prbs_ber_pad_top/u_prbs_ber_chip_top/u_prbs_ber_top/total_count_reg[3] calls port VSS not declared in module DFKCNQD1BWP7T
Warning: prbs_ber_pad_top/u_prbs_ber_chip_top/u_prbs_ber_top/total_count_reg[3] calls port VDD not declared in module DFKCNQD1BWP7T
Warning: prbs_ber_pad_top/u_prbs_ber_chip_top/u_prbs_ber_top/total_count_reg[4] calls port VSS not declared in module DFKCNQD1BWP7T
Warning: prbs_ber_pad_top/u_prbs_ber_chip_top/u_prbs_ber_top/total_count_reg[4] calls port VDD not declared in module DFKCNQD1BWP7T
Warning: prbs_ber_pad_top/u_prbs_ber_chip_top/u_prbs_ber_top/total_count_reg[5] calls port VSS not declared in module DFKCNQD1BWP7T
Warning: prbs_ber_pad_top/u_prbs_ber_chip_top/u_prbs_ber_top/total_count_reg[5] calls port VDD not declared in module DFKCNQD1BWP7T
Warning: prbs_ber_pad_top/u_prbs_ber_chip_top/u_prbs_ber_top/total_count_reg[6] calls port VSS not declared in module DFKCNQD1BWP7T
Warning: prbs_ber_pad_top/u_prbs_ber_chip_top/u_prbs_ber_top/total_count_reg[6] calls port VDD not declared in module DFKCNQD1BWP7T
Warning: prbs_ber_pad_top/u_prbs_ber_chip_top/u_prbs_ber_top/total_count_reg[7] calls port VSS not declared in module DFKCNQD1BWP7T
Warning: prbs_ber_pad_top/u_prbs_ber_chip_top/u_prbs_ber_top/total_count_reg[7] calls port VDD not declared in module DFKCNQD1BWP7T
Warning: prbs_ber_pad_top/u_prbs_ber_chip_top/u_prbs_ber_top/total_count_reg[8] calls port VSS not declared in module DFKCNQD1BWP7T
Warning: prbs_ber_pad_top/u_prbs_ber_chip_top/u_prbs_ber_top/total_count_reg[8] calls port VDD not declared in module DFKCNQD1BWP7T
Warning: prbs_ber_pad_top/u_prbs_ber_chip_top/u_prbs_ber_top/total_count_reg[9] calls port VSS not declared in module DFKCNQD1BWP7T
Warning: prbs_ber_pad_top/u_prbs_ber_chip_top/u_prbs_ber_top/total_count_reg[9] calls port VDD not declared in module DFKCNQD1BWP7T
Warning: prbs_ber_pad_top/u_prbs_ber_chip_top/u_prbs_ber_top/total_count_reg[10] calls port VSS not declared in module DFKCNQD1BWP7T
Warning: prbs_ber_pad_top/u_prbs_ber_chip_top/u_prbs_ber_top/total_count_reg[10] calls port VDD not declared in module DFKCNQD1BWP7T
Warning: prbs_ber_pad_top/u_prbs_ber_chip_top/u_prbs_ber_top/total_count_reg[11] calls port VSS not declared in module DFKCNQD1BWP7T
Warning: prbs_ber_pad_top/u_prbs_ber_chip_top/u_prbs_ber_top/total_count_reg[11] calls port VDD not declared in module DFKCNQD1BWP7T
Warning: prbs_ber_pad_top/u_prbs_ber_chip_top/u_prbs_ber_top/total_count_reg[12] calls port VSS not declared in module DFKCNQD1BWP7T
Warning: prbs_ber_pad_top/u_prbs_ber_chip_top/u_prbs_ber_top/total_count_reg[12] calls port VDD not declared in module DFKCNQD1BWP7T
Warning: prbs_ber_pad_top/u_prbs_ber_chip_top/u_prbs_ber_top/total_count_reg[13] calls port VSS not declared in module DFKCNQD1BWP7T
Warning: prbs_ber_pad_top/u_prbs_ber_chip_top/u_prbs_ber_top/total_count_reg[13] calls port VDD not declared in module DFKCNQD1BWP7T
Warning: prbs_ber_pad_top/u_prbs_ber_chip_top/u_prbs_ber_top/total_count_reg[14] calls port VSS not declared in module DFKCNQD1BWP7T
Warning: prbs_ber_pad_top/u_prbs_ber_chip_top/u_prbs_ber_top/total_count_reg[14] calls port VDD not declared in module DFKCNQD1BWP7T
Warning: prbs_ber_pad_top/u_prbs_ber_chip_top/u_prbs_ber_top/total_count_reg[15] calls port VSS not declared in module DFKCNQD1BWP7T
Warning: prbs_ber_pad_top/u_prbs_ber_chip_top/u_prbs_ber_top/total_count_reg[15] calls port VDD not declared in module DFKCNQD1BWP7T
Warning: prbs_ber_pad_top/u_prbs_ber_chip_top/u_prbs_ber_top/total_count_reg[16] calls port VSS not declared in module DFKCNQD1BWP7T
Warning: prbs_ber_pad_top/u_prbs_ber_chip_top/u_prbs_ber_top/total_count_reg[16] calls port VDD not declared in module DFKCNQD1BWP7T
Warning: prbs_ber_pad_top/u_prbs_ber_chip_top/u_prbs_ber_top/total_count_reg[17] calls port VSS not declared in module DFKCNQD1BWP7T
Warning: prbs_ber_pad_top/u_prbs_ber_chip_top/u_prbs_ber_top/total_count_reg[17] calls port VDD not declared in module DFKCNQD1BWP7T
Warning: prbs_ber_pad_top/u_prbs_ber_chip_top/u_prbs_ber_top/total_count_reg[18] calls port VSS not declared in module DFKCNQD1BWP7T
Warning: prbs_ber_pad_top/u_prbs_ber_chip_top/u_prbs_ber_top/total_count_reg[18] calls port VDD not declared in module DFKCNQD1BWP7T
Warning: prbs_ber_pad_top/u_prbs_ber_chip_top/u_prbs_ber_top/total_count_reg[19] calls port VSS not declared in module DFKCNQD1BWP7T
Warning: prbs_ber_pad_top/u_prbs_ber_chip_top/u_prbs_ber_top/total_count_reg[19] calls port VDD not declared in module DFKCNQD1BWP7T
Warning: prbs_ber_pad_top/u_prbs_ber_chip_top/u_prbs_ber_top/total_count_reg[20] calls port VSS not declared in module DFKCNQD1BWP7T
Warning: prbs_ber_pad_top/u_prbs_ber_chip_top/u_prbs_ber_top/total_count_reg[20] calls port VDD not declared in module DFKCNQD1BWP7T
Warning: prbs_ber_pad_top/u_prbs_ber_chip_top/u_prbs_ber_top/total_count_reg[21] calls port VSS not declared in module DFKCNQD1BWP7T
Warning: prbs_ber_pad_top/u_prbs_ber_chip_top/u_prbs_ber_top/total_count_reg[21] calls port VDD not declared in module DFKCNQD1BWP7T
Warning: prbs_ber_pad_top/u_prbs_ber_chip_top/u_prbs_ber_top/total_count_reg[22] calls port VSS not declared in module DFKCNQD1BWP7T
Warning: prbs_ber_pad_top/u_prbs_ber_chip_top/u_prbs_ber_top/total_count_reg[22] calls port VDD not declared in module DFKCNQD1BWP7T
Warning: prbs_ber_pad_top/u_prbs_ber_chip_top/u_prbs_ber_top/total_count_reg[23] calls port VSS not declared in module DFKCNQD1BWP7T
Warning: prbs_ber_pad_top/u_prbs_ber_chip_top/u_prbs_ber_top/total_count_reg[23] calls port VDD not declared in module DFKCNQD1BWP7T
Warning: prbs_ber_pad_top/u_prbs_ber_chip_top/u_prbs_ber_top/total_count_reg[24] calls port VSS not declared in module DFKCNQD1BWP7T
Warning: prbs_ber_pad_top/u_prbs_ber_chip_top/u_prbs_ber_top/total_count_reg[24] calls port VDD not declared in module DFKCNQD1BWP7T
Warning: prbs_ber_pad_top/u_prbs_ber_chip_top/u_prbs_ber_top/total_count_reg[25] calls port VSS not declared in module DFKCNQD1BWP7T
Warning: prbs_ber_pad_top/u_prbs_ber_chip_top/u_prbs_ber_top/total_count_reg[25] calls port VDD not declared in module DFKCNQD1BWP7T
Warning: prbs_ber_pad_top/u_prbs_ber_chip_top/u_prbs_ber_top/total_count_reg[26] calls port VSS not declared in module DFKCNQD1BWP7T
Warning: prbs_ber_pad_top/u_prbs_ber_chip_top/u_prbs_ber_top/total_count_reg[26] calls port VDD not declared in module DFKCNQD1BWP7T
Warning: prbs_ber_pad_top/u_prbs_ber_chip_top/u_prbs_ber_top/total_count_reg[27] calls port VSS not declared in module DFKCNQD1BWP7T
Warning: prbs_ber_pad_top/u_prbs_ber_chip_top/u_prbs_ber_top/total_count_reg[27] calls port VDD not declared in module DFKCNQD1BWP7T
Warning: prbs_ber_pad_top/u_prbs_ber_chip_top/u_prbs_ber_top/total_count_reg[28] calls port VSS not declared in module DFKCNQD1BWP7T
Warning: prbs_ber_pad_top/u_prbs_ber_chip_top/u_prbs_ber_top/total_count_reg[28] calls port VDD not declared in module DFKCNQD1BWP7T
Warning: prbs_ber_pad_top/u_prbs_ber_chip_top/u_prbs_ber_top/total_count_reg[29] calls port VSS not declared in module DFKCNQD1BWP7T
Warning: prbs_ber_pad_top/u_prbs_ber_chip_top/u_prbs_ber_top/total_count_reg[29] calls port VDD not declared in module DFKCNQD1BWP7T
Warning: prbs_ber_pad_top/u_prbs_ber_chip_top/u_prbs_ber_top/total_count_reg[30] calls port VSS not declared in module DFKCNQD1BWP7T
Warning: prbs_ber_pad_top/u_prbs_ber_chip_top/u_prbs_ber_top/total_count_reg[30] calls port VDD not declared in module DFKCNQD1BWP7T
Warning: prbs_ber_pad_top/u_prbs_ber_chip_top/u_prbs_ber_top/total_count_reg[31] calls port VSS not declared in module DFKCNQD1BWP7T
Warning: prbs_ber_pad_top/u_prbs_ber_chip_top/u_prbs_ber_top/total_count_reg[31] calls port VDD not declared in module DFKCNQD1BWP7T
Warning: prbs_ber_pad_top/u_prbs_ber_chip_top/u_prbs_ber_top/g1122 calls port VSS not declared in module INR2D1BWP7T
Warning: prbs_ber_pad_top/u_prbs_ber_chip_top/u_prbs_ber_top/g1122 calls port VDD not declared in module INR2D1BWP7T
Warning: prbs_ber_pad_top/u_prbs_ber_chip_top/u_prbs_ber_top/g1123 calls port VSS not declared in module INR2D1BWP7T
Warning: prbs_ber_pad_top/u_prbs_ber_chip_top/u_prbs_ber_top/g1123 calls port VDD not declared in module INR2D1BWP7T
Warning: prbs_ber_pad_top/u_prbs_ber_chip_top/u_prbs_ber_top/g1124 calls port VSS not declared in module INR2D1BWP7T
Warning: prbs_ber_pad_top/u_prbs_ber_chip_top/u_prbs_ber_top/g1124 calls port VDD not declared in module INR2D1BWP7T
Warning: prbs_ber_pad_top/u_prbs_ber_chip_top/u_prbs_ber_top/g1125 calls port VSS not declared in module INR2D1BWP7T
Warning: prbs_ber_pad_top/u_prbs_ber_chip_top/u_prbs_ber_top/g1125 calls port VDD not declared in module INR2D1BWP7T
Warning: prbs_ber_pad_top/u_prbs_ber_chip_top/u_prbs_ber_top/g1126 calls port VSS not declared in module INR2D1BWP7T
Warning: prbs_ber_pad_top/u_prbs_ber_chip_top/u_prbs_ber_top/g1126 calls port VDD not declared in module INR2D1BWP7T
Warning: prbs_ber_pad_top/u_prbs_ber_chip_top/u_prbs_ber_top/g1127 calls port VSS not declared in module INR2D1BWP7T
Warning: prbs_ber_pad_top/u_prbs_ber_chip_top/u_prbs_ber_top/g1127 calls port VDD not declared in module INR2D1BWP7T
Warning: prbs_ber_pad_top/u_prbs_ber_chip_top/u_prbs_ber_top/g1128 calls port VSS not declared in module INR2D1BWP7T
Warning: prbs_ber_pad_top/u_prbs_ber_chip_top/u_prbs_ber_top/g1128 calls port VDD not declared in module INR2D1BWP7T
Warning: prbs_ber_pad_top/u_prbs_ber_chip_top/u_prbs_ber_top/g1129 calls port VSS not declared in module INR2D1BWP7T
Warning: prbs_ber_pad_top/u_prbs_ber_chip_top/u_prbs_ber_top/g1129 calls port VDD not declared in module INR2D1BWP7T
Warning: prbs_ber_pad_top/u_prbs_ber_chip_top/u_prbs_ber_top/g1130 calls port VSS not declared in module INR2D1BWP7T
Warning: prbs_ber_pad_top/u_prbs_ber_chip_top/u_prbs_ber_top/g1130 calls port VDD not declared in module INR2D1BWP7T
Warning: prbs_ber_pad_top/u_prbs_ber_chip_top/u_prbs_ber_top/g1131 calls port VSS not declared in module INR2D1BWP7T
Warning: prbs_ber_pad_top/u_prbs_ber_chip_top/u_prbs_ber_top/g1131 calls port VDD not declared in module INR2D1BWP7T
Warning: prbs_ber_pad_top/u_prbs_ber_chip_top/u_prbs_ber_top/g1132 calls port VSS not declared in module NR2XD0BWP7T
Warning: prbs_ber_pad_top/u_prbs_ber_chip_top/u_prbs_ber_top/g1132 calls port VDD not declared in module NR2XD0BWP7T
Warning: prbs_ber_pad_top/u_prbs_ber_chip_top/u_prbs_ber_top/g1133 calls port VSS not declared in module INR2D1BWP7T
Warning: prbs_ber_pad_top/u_prbs_ber_chip_top/u_prbs_ber_top/g1133 calls port VDD not declared in module INR2D1BWP7T
Warning: prbs_ber_pad_top/u_prbs_ber_chip_top/u_prbs_ber_top/g1134 calls port VSS not declared in module INR2XD0BWP7T
Warning: prbs_ber_pad_top/u_prbs_ber_chip_top/u_prbs_ber_top/g1134 calls port VDD not declared in module INR2XD0BWP7T
Warning: prbs_ber_pad_top/u_prbs_ber_chip_top/u_prbs_ber_top/g1135 calls port VSS not declared in module INR2D1BWP7T
Warning: prbs_ber_pad_top/u_prbs_ber_chip_top/u_prbs_ber_top/g1135 calls port VDD not declared in module INR2D1BWP7T
Warning: prbs_ber_pad_top/u_prbs_ber_chip_top/u_prbs_ber_top/g1136 calls port VSS not declared in module INR2D1BWP7T
Warning: prbs_ber_pad_top/u_prbs_ber_chip_top/u_prbs_ber_top/g1136 calls port VDD not declared in module INR2D1BWP7T
Warning: prbs_ber_pad_top/u_prbs_ber_chip_top/u_prbs_ber_top/g1137 calls port VSS not declared in module INR2D1BWP7T
Warning: prbs_ber_pad_top/u_prbs_ber_chip_top/u_prbs_ber_top/g1137 calls port VDD not declared in module INR2D1BWP7T
Warning: prbs_ber_pad_top/u_prbs_ber_chip_top/u_prbs_ber_top/g1138 calls port VSS not declared in module INR2D1BWP7T
Warning: prbs_ber_pad_top/u_prbs_ber_chip_top/u_prbs_ber_top/g1138 calls port VDD not declared in module INR2D1BWP7T
Warning: prbs_ber_pad_top/u_prbs_ber_chip_top/u_prbs_ber_top/g1139 calls port VSS not declared in module INR2D1BWP7T
Warning: prbs_ber_pad_top/u_prbs_ber_chip_top/u_prbs_ber_top/g1139 calls port VDD not declared in module INR2D1BWP7T
Warning: prbs_ber_pad_top/u_prbs_ber_chip_top/u_prbs_ber_top/g1140 calls port VSS not declared in module INR2D1BWP7T
Warning: prbs_ber_pad_top/u_prbs_ber_chip_top/u_prbs_ber_top/g1140 calls port VDD not declared in module INR2D1BWP7T
Warning: prbs_ber_pad_top/u_prbs_ber_chip_top/u_prbs_ber_top/g1141 calls port VSS not declared in module INR2D1BWP7T
Warning: prbs_ber_pad_top/u_prbs_ber_chip_top/u_prbs_ber_top/g1141 calls port VDD not declared in module INR2D1BWP7T
Warning: prbs_ber_pad_top/u_prbs_ber_chip_top/u_prbs_ber_top/g1142 calls port VSS not declared in module INR2D1BWP7T
Warning: prbs_ber_pad_top/u_prbs_ber_chip_top/u_prbs_ber_top/g1142 calls port VDD not declared in module INR2D1BWP7T
Warning: prbs_ber_pad_top/u_prbs_ber_chip_top/u_prbs_ber_top/g1143 calls port VSS not declared in module INR2D1BWP7T
Warning: prbs_ber_pad_top/u_prbs_ber_chip_top/u_prbs_ber_top/g1143 calls port VDD not declared in module INR2D1BWP7T
Warning: prbs_ber_pad_top/u_prbs_ber_chip_top/u_prbs_ber_top/g1144 calls port VSS not declared in module INR2D1BWP7T
Warning: prbs_ber_pad_top/u_prbs_ber_chip_top/u_prbs_ber_top/g1144 calls port VDD not declared in module INR2D1BWP7T
Warning: prbs_ber_pad_top/u_prbs_ber_chip_top/u_prbs_ber_top/g1145 calls port VSS not declared in module INR2D1BWP7T
Warning: prbs_ber_pad_top/u_prbs_ber_chip_top/u_prbs_ber_top/g1145 calls port VDD not declared in module INR2D1BWP7T
Warning: prbs_ber_pad_top/u_prbs_ber_chip_top/u_prbs_ber_top/g1146 calls port VSS not declared in module INR2D1BWP7T
Warning: prbs_ber_pad_top/u_prbs_ber_chip_top/u_prbs_ber_top/g1146 calls port VDD not declared in module INR2D1BWP7T
Warning: prbs_ber_pad_top/u_prbs_ber_chip_top/u_prbs_ber_top/g1147 calls port VSS not declared in module INR2D1BWP7T
Warning: prbs_ber_pad_top/u_prbs_ber_chip_top/u_prbs_ber_top/g1147 calls port VDD not declared in module INR2D1BWP7T
Warning: prbs_ber_pad_top/u_prbs_ber_chip_top/u_prbs_ber_top/g1148 calls port VSS not declared in module INR2D1BWP7T
Warning: prbs_ber_pad_top/u_prbs_ber_chip_top/u_prbs_ber_top/g1148 calls port VDD not declared in module INR2D1BWP7T
Warning: prbs_ber_pad_top/u_prbs_ber_chip_top/u_prbs_ber_top/g1149 calls port VSS not declared in module INR2D1BWP7T
Warning: prbs_ber_pad_top/u_prbs_ber_chip_top/u_prbs_ber_top/g1149 calls port VDD not declared in module INR2D1BWP7T
Warning: prbs_ber_pad_top/u_prbs_ber_chip_top/u_prbs_ber_top/g1150 calls port VSS not declared in module INR2D1BWP7T
Warning: prbs_ber_pad_top/u_prbs_ber_chip_top/u_prbs_ber_top/g1150 calls port VDD not declared in module INR2D1BWP7T
Warning: prbs_ber_pad_top/u_prbs_ber_chip_top/u_prbs_ber_top/g1151 calls port VSS not declared in module INR2D1BWP7T
Warning: prbs_ber_pad_top/u_prbs_ber_chip_top/u_prbs_ber_top/g1151 calls port VDD not declared in module INR2D1BWP7T
Warning: prbs_ber_pad_top/u_prbs_ber_chip_top/u_prbs_ber_top/g1152 calls port VSS not declared in module INR2D1BWP7T
Warning: prbs_ber_pad_top/u_prbs_ber_chip_top/u_prbs_ber_top/g1152 calls port VDD not declared in module INR2D1BWP7T
Warning: prbs_ber_pad_top/u_prbs_ber_chip_top/u_prbs_ber_top/g1153 calls port VSS not declared in module INR2D1BWP7T
Warning: prbs_ber_pad_top/u_prbs_ber_chip_top/u_prbs_ber_top/g1153 calls port VDD not declared in module INR2D1BWP7T
Warning: prbs_ber_pad_top/u_prbs_ber_chip_top/u_prbs_ber_top/g1154 calls port VSS not declared in module INR2D1BWP7T
Warning: prbs_ber_pad_top/u_prbs_ber_chip_top/u_prbs_ber_top/g1154 calls port VDD not declared in module INR2D1BWP7T
Warning: prbs_ber_pad_top/u_prbs_ber_chip_top/u_prbs_ber_top/g1155 calls port VSS not declared in module INR2D1BWP7T
Warning: prbs_ber_pad_top/u_prbs_ber_chip_top/u_prbs_ber_top/g1155 calls port VDD not declared in module INR2D1BWP7T
Warning: prbs_ber_pad_top/u_prbs_ber_chip_top/u_prbs_ber_top/g1156 calls port VSS not declared in module INR2D1BWP7T
Warning: prbs_ber_pad_top/u_prbs_ber_chip_top/u_prbs_ber_top/g1156 calls port VDD not declared in module INR2D1BWP7T
Warning: prbs_ber_pad_top/u_prbs_ber_chip_top/u_prbs_ber_top/g1157 calls port VSS not declared in module INR2D1BWP7T
Warning: prbs_ber_pad_top/u_prbs_ber_chip_top/u_prbs_ber_top/g1157 calls port VDD not declared in module INR2D1BWP7T
Warning: prbs_ber_pad_top/u_prbs_ber_chip_top/u_prbs_ber_top/g1158 calls port VSS not declared in module INR2D1BWP7T
Warning: prbs_ber_pad_top/u_prbs_ber_chip_top/u_prbs_ber_top/g1158 calls port VDD not declared in module INR2D1BWP7T
Warning: prbs_ber_pad_top/u_prbs_ber_chip_top/u_prbs_ber_top/g1159 calls port VSS not declared in module INR2D1BWP7T
Warning: prbs_ber_pad_top/u_prbs_ber_chip_top/u_prbs_ber_top/g1159 calls port VDD not declared in module INR2D1BWP7T
Warning: prbs_ber_pad_top/u_prbs_ber_chip_top/u_prbs_ber_top/g1160 calls port VSS not declared in module INR2D1BWP7T
Warning: prbs_ber_pad_top/u_prbs_ber_chip_top/u_prbs_ber_top/g1160 calls port VDD not declared in module INR2D1BWP7T
Warning: prbs_ber_pad_top/u_prbs_ber_chip_top/u_prbs_ber_top/g1161 calls port VSS not declared in module INR2D1BWP7T
Warning: prbs_ber_pad_top/u_prbs_ber_chip_top/u_prbs_ber_top/g1161 calls port VDD not declared in module INR2D1BWP7T
Warning: prbs_ber_pad_top/u_prbs_ber_chip_top/u_prbs_ber_top/g1162 calls port VSS not declared in module INR2D1BWP7T
Warning: prbs_ber_pad_top/u_prbs_ber_chip_top/u_prbs_ber_top/g1162 calls port VDD not declared in module INR2D1BWP7T
Warning: prbs_ber_pad_top/u_prbs_ber_chip_top/u_prbs_ber_top/g1163 calls port VSS not declared in module INR2D1BWP7T
Warning: prbs_ber_pad_top/u_prbs_ber_chip_top/u_prbs_ber_top/g1163 calls port VDD not declared in module INR2D1BWP7T
Warning: prbs_ber_pad_top/u_prbs_ber_chip_top/u_prbs_ber_top/g1164 calls port VSS not declared in module INR2D1BWP7T
Warning: prbs_ber_pad_top/u_prbs_ber_chip_top/u_prbs_ber_top/g1164 calls port VDD not declared in module INR2D1BWP7T
Warning: prbs_ber_pad_top/u_prbs_ber_chip_top/u_prbs_ber_top/g1165 calls port VSS not declared in module INR2D1BWP7T
Warning: prbs_ber_pad_top/u_prbs_ber_chip_top/u_prbs_ber_top/g1165 calls port VDD not declared in module INR2D1BWP7T
Warning: prbs_ber_pad_top/u_prbs_ber_chip_top/u_prbs_ber_top/g1166 calls port VSS not declared in module INR2D1BWP7T
Warning: prbs_ber_pad_top/u_prbs_ber_chip_top/u_prbs_ber_top/g1166 calls port VDD not declared in module INR2D1BWP7T
Warning: prbs_ber_pad_top/u_prbs_ber_chip_top/u_prbs_ber_top/g1167 calls port VSS not declared in module INR2D1BWP7T
Warning: prbs_ber_pad_top/u_prbs_ber_chip_top/u_prbs_ber_top/g1167 calls port VDD not declared in module INR2D1BWP7T
Warning: prbs_ber_pad_top/u_prbs_ber_chip_top/u_prbs_ber_top/g1168 calls port VSS not declared in module INR2D1BWP7T
Warning: prbs_ber_pad_top/u_prbs_ber_chip_top/u_prbs_ber_top/g1168 calls port VDD not declared in module INR2D1BWP7T
Warning: prbs_ber_pad_top/u_prbs_ber_chip_top/u_prbs_ber_top/g1169 calls port VSS not declared in module INR2D1BWP7T
Warning: prbs_ber_pad_top/u_prbs_ber_chip_top/u_prbs_ber_top/g1169 calls port VDD not declared in module INR2D1BWP7T
Warning: prbs_ber_pad_top/u_prbs_ber_chip_top/u_prbs_ber_top/g1170 calls port VSS not declared in module INR2D1BWP7T
Warning: prbs_ber_pad_top/u_prbs_ber_chip_top/u_prbs_ber_top/g1170 calls port VDD not declared in module INR2D1BWP7T
Warning: prbs_ber_pad_top/u_prbs_ber_chip_top/u_prbs_ber_top/g1171 calls port VSS not declared in module INR2D1BWP7T
Warning: prbs_ber_pad_top/u_prbs_ber_chip_top/u_prbs_ber_top/g1171 calls port VDD not declared in module INR2D1BWP7T
Warning: prbs_ber_pad_top/u_prbs_ber_chip_top/u_prbs_ber_top/g1172 calls port VSS not declared in module INR2D1BWP7T
Warning: prbs_ber_pad_top/u_prbs_ber_chip_top/u_prbs_ber_top/g1172 calls port VDD not declared in module INR2D1BWP7T
Warning: prbs_ber_pad_top/u_prbs_ber_chip_top/u_prbs_ber_top/g1173 calls port VSS not declared in module INR2D1BWP7T
Warning: prbs_ber_pad_top/u_prbs_ber_chip_top/u_prbs_ber_top/g1173 calls port VDD not declared in module INR2D1BWP7T
Warning: prbs_ber_pad_top/u_prbs_ber_chip_top/u_prbs_ber_top/g1174 calls port VSS not declared in module INR2D1BWP7T
Warning: prbs_ber_pad_top/u_prbs_ber_chip_top/u_prbs_ber_top/g1174 calls port VDD not declared in module INR2D1BWP7T
Warning: prbs_ber_pad_top/u_prbs_ber_chip_top/u_prbs_ber_top/g1175 calls port VSS not declared in module INR2D1BWP7T
Warning: prbs_ber_pad_top/u_prbs_ber_chip_top/u_prbs_ber_top/g1175 calls port VDD not declared in module INR2D1BWP7T
Warning: prbs_ber_pad_top/u_prbs_ber_chip_top/u_prbs_ber_top/g1176 calls port VSS not declared in module INR2D1BWP7T
Warning: prbs_ber_pad_top/u_prbs_ber_chip_top/u_prbs_ber_top/g1176 calls port VDD not declared in module INR2D1BWP7T
Warning: prbs_ber_pad_top/u_prbs_ber_chip_top/u_prbs_ber_top/g1177 calls port VSS not declared in module NR2XD0BWP7T
Warning: prbs_ber_pad_top/u_prbs_ber_chip_top/u_prbs_ber_top/g1177 calls port VDD not declared in module NR2XD0BWP7T
Warning: prbs_ber_pad_top/u_prbs_ber_chip_top/u_prbs_ber_top/g1178 calls port VSS not declared in module INR2XD0BWP7T
Warning: prbs_ber_pad_top/u_prbs_ber_chip_top/u_prbs_ber_top/g1178 calls port VDD not declared in module INR2XD0BWP7T
Warning: prbs_ber_pad_top/u_prbs_ber_chip_top/u_prbs_ber_top/g1179 calls port VSS not declared in module INR2D1BWP7T
Warning: prbs_ber_pad_top/u_prbs_ber_chip_top/u_prbs_ber_top/g1179 calls port VDD not declared in module INR2D1BWP7T
Warning: prbs_ber_pad_top/u_prbs_ber_chip_top/u_prbs_ber_top/g1180 calls port VSS not declared in module INR2D1BWP7T
Warning: prbs_ber_pad_top/u_prbs_ber_chip_top/u_prbs_ber_top/g1180 calls port VDD not declared in module INR2D1BWP7T
Warning: prbs_ber_pad_top/u_prbs_ber_chip_top/u_prbs_ber_top/g1181 calls port VSS not declared in module INR2D1BWP7T
Warning: prbs_ber_pad_top/u_prbs_ber_chip_top/u_prbs_ber_top/g1181 calls port VDD not declared in module INR2D1BWP7T
Warning: prbs_ber_pad_top/u_prbs_ber_chip_top/u_prbs_ber_top/g1182 calls port VSS not declared in module INR2D1BWP7T
Warning: prbs_ber_pad_top/u_prbs_ber_chip_top/u_prbs_ber_top/g1182 calls port VDD not declared in module INR2D1BWP7T
Warning: prbs_ber_pad_top/u_prbs_ber_chip_top/u_prbs_ber_top/g1183 calls port VSS not declared in module INR2D1BWP7T
Warning: prbs_ber_pad_top/u_prbs_ber_chip_top/u_prbs_ber_top/g1183 calls port VDD not declared in module INR2D1BWP7T
Warning: prbs_ber_pad_top/u_prbs_ber_chip_top/u_prbs_ber_top/g1184 calls port VSS not declared in module INR2D1BWP7T
Warning: prbs_ber_pad_top/u_prbs_ber_chip_top/u_prbs_ber_top/g1184 calls port VDD not declared in module INR2D1BWP7T
Warning: prbs_ber_pad_top/u_prbs_ber_chip_top/u_prbs_ber_top/g1185 calls port VSS not declared in module INR2D1BWP7T
Warning: prbs_ber_pad_top/u_prbs_ber_chip_top/u_prbs_ber_top/g1185 calls port VDD not declared in module INR2D1BWP7T
Warning: prbs_ber_pad_top/u_prbs_ber_chip_top/u_prbs_ber_top/inc_add_99_40_g480 calls port VSS not declared in module CKXOR2D1BWP7T
Warning: prbs_ber_pad_top/u_prbs_ber_chip_top/u_prbs_ber_top/inc_add_99_40_g480 calls port VDD not declared in module CKXOR2D1BWP7T
Warning: prbs_ber_pad_top/u_prbs_ber_chip_top/u_prbs_ber_top/inc_add_99_40_g481 calls port VSS not declared in module HA1D0BWP7T
Warning: prbs_ber_pad_top/u_prbs_ber_chip_top/u_prbs_ber_top/inc_add_99_40_g481 calls port VDD not declared in module HA1D0BWP7T
Warning: prbs_ber_pad_top/u_prbs_ber_chip_top/u_prbs_ber_top/inc_add_99_40_g482 calls port VSS not declared in module CKXOR2D1BWP7T
Warning: prbs_ber_pad_top/u_prbs_ber_chip_top/u_prbs_ber_top/inc_add_99_40_g482 calls port VDD not declared in module CKXOR2D1BWP7T
Warning: prbs_ber_pad_top/u_prbs_ber_chip_top/u_prbs_ber_top/inc_add_99_40_g483 calls port VSS not declared in module CKXOR2D1BWP7T
Warning: prbs_ber_pad_top/u_prbs_ber_chip_top/u_prbs_ber_top/inc_add_99_40_g483 calls port VDD not declared in module CKXOR2D1BWP7T
Warning: prbs_ber_pad_top/u_prbs_ber_chip_top/u_prbs_ber_top/inc_add_99_40_g484 calls port VSS not declared in module CKXOR2D1BWP7T
Warning: prbs_ber_pad_top/u_prbs_ber_chip_top/u_prbs_ber_top/inc_add_99_40_g484 calls port VDD not declared in module CKXOR2D1BWP7T
Warning: prbs_ber_pad_top/u_prbs_ber_chip_top/u_prbs_ber_top/inc_add_99_40_g485 calls port VSS not declared in module HA1D0BWP7T
Warning: prbs_ber_pad_top/u_prbs_ber_chip_top/u_prbs_ber_top/inc_add_99_40_g485 calls port VDD not declared in module HA1D0BWP7T
Warning: prbs_ber_pad_top/u_prbs_ber_chip_top/u_prbs_ber_top/inc_add_99_40_g486 calls port VSS not declared in module HA1D0BWP7T
Warning: prbs_ber_pad_top/u_prbs_ber_chip_top/u_prbs_ber_top/inc_add_99_40_g486 calls port VDD not declared in module HA1D0BWP7T
Warning: prbs_ber_pad_top/u_prbs_ber_chip_top/u_prbs_ber_top/inc_add_99_40_g487 calls port VSS not declared in module CKXOR2D1BWP7T
Warning: prbs_ber_pad_top/u_prbs_ber_chip_top/u_prbs_ber_top/inc_add_99_40_g487 calls port VDD not declared in module CKXOR2D1BWP7T
Warning: prbs_ber_pad_top/u_prbs_ber_chip_top/u_prbs_ber_top/inc_add_99_40_g488 calls port VSS not declared in module CKXOR2D1BWP7T
Warning: prbs_ber_pad_top/u_prbs_ber_chip_top/u_prbs_ber_top/inc_add_99_40_g488 calls port VDD not declared in module CKXOR2D1BWP7T
Warning: prbs_ber_pad_top/u_prbs_ber_chip_top/u_prbs_ber_top/inc_add_99_40_g489 calls port VSS not declared in module HA1D0BWP7T
Warning: prbs_ber_pad_top/u_prbs_ber_chip_top/u_prbs_ber_top/inc_add_99_40_g489 calls port VDD not declared in module HA1D0BWP7T
Warning: prbs_ber_pad_top/u_prbs_ber_chip_top/u_prbs_ber_top/inc_add_99_40_g490 calls port VSS not declared in module HA1D0BWP7T
Warning: prbs_ber_pad_top/u_prbs_ber_chip_top/u_prbs_ber_top/inc_add_99_40_g490 calls port VDD not declared in module HA1D0BWP7T
Warning: prbs_ber_pad_top/u_prbs_ber_chip_top/u_prbs_ber_top/inc_add_99_40_g491 calls port VSS not declared in module CKXOR2D1BWP7T
Warning: prbs_ber_pad_top/u_prbs_ber_chip_top/u_prbs_ber_top/inc_add_99_40_g491 calls port VDD not declared in module CKXOR2D1BWP7T
Warning: prbs_ber_pad_top/u_prbs_ber_chip_top/u_prbs_ber_top/inc_add_99_40_g492 calls port VSS not declared in module CKXOR2D1BWP7T
Warning: prbs_ber_pad_top/u_prbs_ber_chip_top/u_prbs_ber_top/inc_add_99_40_g492 calls port VDD not declared in module CKXOR2D1BWP7T
Warning: prbs_ber_pad_top/u_prbs_ber_chip_top/u_prbs_ber_top/inc_add_99_40_g493 calls port VSS not declared in module HA1D0BWP7T
Warning: prbs_ber_pad_top/u_prbs_ber_chip_top/u_prbs_ber_top/inc_add_99_40_g493 calls port VDD not declared in module HA1D0BWP7T
Warning: prbs_ber_pad_top/u_prbs_ber_chip_top/u_prbs_ber_top/inc_add_99_40_g494 calls port VSS not declared in module HA1D0BWP7T
Warning: prbs_ber_pad_top/u_prbs_ber_chip_top/u_prbs_ber_top/inc_add_99_40_g494 calls port VDD not declared in module HA1D0BWP7T
Warning: prbs_ber_pad_top/u_prbs_ber_chip_top/u_prbs_ber_top/inc_add_99_40_g495 calls port VSS not declared in module CKXOR2D1BWP7T
Warning: prbs_ber_pad_top/u_prbs_ber_chip_top/u_prbs_ber_top/inc_add_99_40_g495 calls port VDD not declared in module CKXOR2D1BWP7T
Warning: prbs_ber_pad_top/u_prbs_ber_chip_top/u_prbs_ber_top/inc_add_99_40_g496 calls port VSS not declared in module HA1D0BWP7T
Warning: prbs_ber_pad_top/u_prbs_ber_chip_top/u_prbs_ber_top/inc_add_99_40_g496 calls port VDD not declared in module HA1D0BWP7T
Warning: prbs_ber_pad_top/u_prbs_ber_chip_top/u_prbs_ber_top/inc_add_99_40_g497 calls port VSS not declared in module HA1D0BWP7T
Warning: prbs_ber_pad_top/u_prbs_ber_chip_top/u_prbs_ber_top/inc_add_99_40_g497 calls port VDD not declared in module HA1D0BWP7T
Warning: prbs_ber_pad_top/u_prbs_ber_chip_top/u_prbs_ber_top/inc_add_99_40_g498 calls port VSS not declared in module HA1D0BWP7T
Warning: prbs_ber_pad_top/u_prbs_ber_chip_top/u_prbs_ber_top/inc_add_99_40_g498 calls port VDD not declared in module HA1D0BWP7T
Warning: prbs_ber_pad_top/u_prbs_ber_chip_top/u_prbs_ber_top/inc_add_99_40_g499 calls port VSS not declared in module AN3D1BWP7T
Warning: prbs_ber_pad_top/u_prbs_ber_chip_top/u_prbs_ber_top/inc_add_99_40_g499 calls port VDD not declared in module AN3D1BWP7T
Warning: prbs_ber_pad_top/u_prbs_ber_chip_top/u_prbs_ber_top/inc_add_99_40_g500 calls port VSS not declared in module CKXOR2D1BWP7T
Warning: prbs_ber_pad_top/u_prbs_ber_chip_top/u_prbs_ber_top/inc_add_99_40_g500 calls port VDD not declared in module CKXOR2D1BWP7T
Warning: prbs_ber_pad_top/u_prbs_ber_chip_top/u_prbs_ber_top/inc_add_99_40_g501 calls port VSS not declared in module HA1D0BWP7T
Warning: prbs_ber_pad_top/u_prbs_ber_chip_top/u_prbs_ber_top/inc_add_99_40_g501 calls port VDD not declared in module HA1D0BWP7T
Warning: prbs_ber_pad_top/u_prbs_ber_chip_top/u_prbs_ber_top/inc_add_99_40_g502 calls port VSS not declared in module HA1D0BWP7T
Warning: prbs_ber_pad_top/u_prbs_ber_chip_top/u_prbs_ber_top/inc_add_99_40_g502 calls port VDD not declared in module HA1D0BWP7T
Warning: prbs_ber_pad_top/u_prbs_ber_chip_top/u_prbs_ber_top/inc_add_99_40_g503 calls port VSS not declared in module NR4D1BWP7T
Warning: prbs_ber_pad_top/u_prbs_ber_chip_top/u_prbs_ber_top/inc_add_99_40_g503 calls port VDD not declared in module NR4D1BWP7T
Warning: prbs_ber_pad_top/u_prbs_ber_chip_top/u_prbs_ber_top/inc_add_99_40_g504 calls port VSS not declared in module HA1D0BWP7T
Warning: prbs_ber_pad_top/u_prbs_ber_chip_top/u_prbs_ber_top/inc_add_99_40_g504 calls port VDD not declared in module HA1D0BWP7T
Warning: prbs_ber_pad_top/u_prbs_ber_chip_top/u_prbs_ber_top/inc_add_99_40_g505 calls port VSS not declared in module CKAN2D1BWP7T
Warning: prbs_ber_pad_top/u_prbs_ber_chip_top/u_prbs_ber_top/inc_add_99_40_g505 calls port VDD not declared in module CKAN2D1BWP7T
Warning: prbs_ber_pad_top/u_prbs_ber_chip_top/u_prbs_ber_top/inc_add_99_40_g506 calls port VSS not declared in module NR3D0BWP7T
Warning: prbs_ber_pad_top/u_prbs_ber_chip_top/u_prbs_ber_top/inc_add_99_40_g506 calls port VDD not declared in module NR3D0BWP7T
Warning: prbs_ber_pad_top/u_prbs_ber_chip_top/u_prbs_ber_top/inc_add_99_40_g507 calls port VSS not declared in module CKXOR2D1BWP7T
Warning: prbs_ber_pad_top/u_prbs_ber_chip_top/u_prbs_ber_top/inc_add_99_40_g507 calls port VDD not declared in module CKXOR2D1BWP7T
Warning: prbs_ber_pad_top/u_prbs_ber_chip_top/u_prbs_ber_top/inc_add_99_40_g508 calls port VSS not declared in module HA1D0BWP7T
Warning: prbs_ber_pad_top/u_prbs_ber_chip_top/u_prbs_ber_top/inc_add_99_40_g508 calls port VDD not declared in module HA1D0BWP7T
Warning: prbs_ber_pad_top/u_prbs_ber_chip_top/u_prbs_ber_top/inc_add_99_40_g509 calls port VSS not declared in module NR2D1BWP7T
Warning: prbs_ber_pad_top/u_prbs_ber_chip_top/u_prbs_ber_top/inc_add_99_40_g509 calls port VDD not declared in module NR2D1BWP7T
Warning: prbs_ber_pad_top/u_prbs_ber_chip_top/u_prbs_ber_top/inc_add_99_40_g510 calls port VSS not declared in module NR2XD0BWP7T
Warning: prbs_ber_pad_top/u_prbs_ber_chip_top/u_prbs_ber_top/inc_add_99_40_g510 calls port VDD not declared in module NR2XD0BWP7T
Warning: prbs_ber_pad_top/u_prbs_ber_chip_top/u_prbs_ber_top/inc_add_99_40_g511 calls port VSS not declared in module CKXOR2D1BWP7T
Warning: prbs_ber_pad_top/u_prbs_ber_chip_top/u_prbs_ber_top/inc_add_99_40_g511 calls port VDD not declared in module CKXOR2D1BWP7T
Warning: prbs_ber_pad_top/u_prbs_ber_chip_top/u_prbs_ber_top/inc_add_99_40_g512 calls port VSS not declared in module HA1D0BWP7T
Warning: prbs_ber_pad_top/u_prbs_ber_chip_top/u_prbs_ber_top/inc_add_99_40_g512 calls port VDD not declared in module HA1D0BWP7T
Warning: prbs_ber_pad_top/u_prbs_ber_chip_top/u_prbs_ber_top/inc_add_99_40_g513 calls port VSS not declared in module INR2XD0BWP7T
Warning: prbs_ber_pad_top/u_prbs_ber_chip_top/u_prbs_ber_top/inc_add_99_40_g513 calls port VDD not declared in module INR2XD0BWP7T
Warning: prbs_ber_pad_top/u_prbs_ber_chip_top/u_prbs_ber_top/inc_add_99_40_g514 calls port VSS not declared in module INVD1BWP7T
Warning: prbs_ber_pad_top/u_prbs_ber_chip_top/u_prbs_ber_top/inc_add_99_40_g514 calls port VDD not declared in module INVD1BWP7T
Warning: prbs_ber_pad_top/u_prbs_ber_chip_top/u_prbs_ber_top/inc_add_99_40_g516 calls port VSS not declared in module CKXOR2D1BWP7T
Warning: prbs_ber_pad_top/u_prbs_ber_chip_top/u_prbs_ber_top/inc_add_99_40_g516 calls port VDD not declared in module CKXOR2D1BWP7T
Warning: prbs_ber_pad_top/u_prbs_ber_chip_top/u_prbs_ber_top/inc_add_99_40_g517 calls port VSS not declared in module HA1D0BWP7T
Warning: prbs_ber_pad_top/u_prbs_ber_chip_top/u_prbs_ber_top/inc_add_99_40_g517 calls port VDD not declared in module HA1D0BWP7T
Warning: prbs_ber_pad_top/u_prbs_ber_chip_top/u_prbs_ber_top/inc_add_99_40_g518 calls port VSS not declared in module AN4D1BWP7T
Warning: prbs_ber_pad_top/u_prbs_ber_chip_top/u_prbs_ber_top/inc_add_99_40_g518 calls port VDD not declared in module AN4D1BWP7T
Warning: prbs_ber_pad_top/u_prbs_ber_chip_top/u_prbs_ber_top/inc_add_99_40_g519 calls port VSS not declared in module HA1D0BWP7T
Warning: prbs_ber_pad_top/u_prbs_ber_chip_top/u_prbs_ber_top/inc_add_99_40_g519 calls port VDD not declared in module HA1D0BWP7T
Warning: prbs_ber_pad_top/u_prbs_ber_chip_top/u_prbs_ber_top/inc_add_99_40_g520 calls port VSS not declared in module NR2D1BWP7T
Warning: prbs_ber_pad_top/u_prbs_ber_chip_top/u_prbs_ber_top/inc_add_99_40_g520 calls port VDD not declared in module NR2D1BWP7T
Warning: prbs_ber_pad_top/u_prbs_ber_chip_top/u_prbs_ber_top/inc_add_99_40_g521 calls port VSS not declared in module INVD1BWP7T
Warning: prbs_ber_pad_top/u_prbs_ber_chip_top/u_prbs_ber_top/inc_add_99_40_g521 calls port VDD not declared in module INVD1BWP7T
Warning: prbs_ber_pad_top/u_prbs_ber_chip_top/u_prbs_ber_top/inc_add_99_40_g522 calls port VSS not declared in module ND2D1BWP7T
Warning: prbs_ber_pad_top/u_prbs_ber_chip_top/u_prbs_ber_top/inc_add_99_40_g522 calls port VDD not declared in module ND2D1BWP7T
Warning: prbs_ber_pad_top/u_prbs_ber_chip_top/u_prbs_ber_top/inc_add_99_40_g523 calls port VSS not declared in module NR2D1BWP7T
Warning: prbs_ber_pad_top/u_prbs_ber_chip_top/u_prbs_ber_top/inc_add_99_40_g523 calls port VDD not declared in module NR2D1BWP7T
Warning: prbs_ber_pad_top/u_prbs_ber_chip_top/u_prbs_ber_top/inc_add_99_40_g524 calls port VSS not declared in module INVD1BWP7T
Warning: prbs_ber_pad_top/u_prbs_ber_chip_top/u_prbs_ber_top/inc_add_99_40_g524 calls port VDD not declared in module INVD1BWP7T
Warning: prbs_ber_pad_top/u_prbs_ber_chip_top/u_prbs_ber_top/inc_add_99_40_g525 calls port VSS not declared in module IND4D0BWP7T
Warning: prbs_ber_pad_top/u_prbs_ber_chip_top/u_prbs_ber_top/inc_add_99_40_g525 calls port VDD not declared in module IND4D0BWP7T
Warning: prbs_ber_pad_top/u_prbs_ber_chip_top/u_prbs_ber_top/inc_add_99_40_g526 calls port VSS not declared in module OA21D0BWP7T
Warning: prbs_ber_pad_top/u_prbs_ber_chip_top/u_prbs_ber_top/inc_add_99_40_g526 calls port VDD not declared in module OA21D0BWP7T
Warning: prbs_ber_pad_top/u_prbs_ber_chip_top/u_prbs_ber_top/inc_add_99_40_g527 calls port VSS not declared in module ND4D0BWP7T
Warning: prbs_ber_pad_top/u_prbs_ber_chip_top/u_prbs_ber_top/inc_add_99_40_g527 calls port VDD not declared in module ND4D0BWP7T
Warning: prbs_ber_pad_top/u_prbs_ber_chip_top/u_prbs_ber_top/inc_add_99_40_g528 calls port VSS not declared in module ND2D1BWP7T
Warning: prbs_ber_pad_top/u_prbs_ber_chip_top/u_prbs_ber_top/inc_add_99_40_g528 calls port VDD not declared in module ND2D1BWP7T
Warning: prbs_ber_pad_top/u_prbs_ber_chip_top/u_prbs_ber_top/inc_add_99_40_g529 calls port VSS not declared in module ND2D1BWP7T
Warning: prbs_ber_pad_top/u_prbs_ber_chip_top/u_prbs_ber_top/inc_add_99_40_g529 calls port VDD not declared in module ND2D1BWP7T
Warning: prbs_ber_pad_top/u_prbs_ber_chip_top/u_prbs_ber_top/inc_add_99_40_g530 calls port VSS not declared in module CKAN2D1BWP7T
Warning: prbs_ber_pad_top/u_prbs_ber_chip_top/u_prbs_ber_top/inc_add_99_40_g530 calls port VDD not declared in module CKAN2D1BWP7T
Warning: prbs_ber_pad_top/u_prbs_ber_chip_top/u_prbs_ber_top/inc_add_99_40_g531 calls port VSS not declared in module ND2D1BWP7T
Warning: prbs_ber_pad_top/u_prbs_ber_chip_top/u_prbs_ber_top/inc_add_99_40_g531 calls port VDD not declared in module ND2D1BWP7T
Warning: prbs_ber_pad_top/u_prbs_ber_chip_top/u_prbs_ber_top/inc_add_99_40_g532 calls port VSS not declared in module ND2D1BWP7T
Warning: prbs_ber_pad_top/u_prbs_ber_chip_top/u_prbs_ber_top/inc_add_99_40_g532 calls port VDD not declared in module ND2D1BWP7T
Warning: prbs_ber_pad_top/u_prbs_ber_chip_top/u_prbs_ber_top/inc_add_99_40_g533 calls port VSS not declared in module CKAN2D1BWP7T
Warning: prbs_ber_pad_top/u_prbs_ber_chip_top/u_prbs_ber_top/inc_add_99_40_g533 calls port VDD not declared in module CKAN2D1BWP7T
Warning: prbs_ber_pad_top/u_prbs_ber_chip_top/u_prbs_ber_top/inc_add_99_40_g534 calls port VSS not declared in module CKAN2D1BWP7T
Warning: prbs_ber_pad_top/u_prbs_ber_chip_top/u_prbs_ber_top/inc_add_99_40_g534 calls port VDD not declared in module CKAN2D1BWP7T
Warning: prbs_ber_pad_top/u_prbs_ber_chip_top/u_prbs_ber_top/inc_add_99_40_g535 calls port VSS not declared in module ND2D1BWP7T
Warning: prbs_ber_pad_top/u_prbs_ber_chip_top/u_prbs_ber_top/inc_add_99_40_g535 calls port VDD not declared in module ND2D1BWP7T
Warning: prbs_ber_pad_top/u_prbs_ber_chip_top/u_prbs_ber_top/inc_add_99_40_g536 calls port VSS not declared in module ND2D1BWP7T
Warning: prbs_ber_pad_top/u_prbs_ber_chip_top/u_prbs_ber_top/inc_add_99_40_g536 calls port VDD not declared in module ND2D1BWP7T
Warning: prbs_ber_pad_top/u_prbs_ber_chip_top/u_prbs_ber_top/inc_add_101_44_g480 calls port VSS not declared in module CKXOR2D1BWP7T
Warning: prbs_ber_pad_top/u_prbs_ber_chip_top/u_prbs_ber_top/inc_add_101_44_g480 calls port VDD not declared in module CKXOR2D1BWP7T
Warning: prbs_ber_pad_top/u_prbs_ber_chip_top/u_prbs_ber_top/inc_add_101_44_g481 calls port VSS not declared in module HA1D0BWP7T
Warning: prbs_ber_pad_top/u_prbs_ber_chip_top/u_prbs_ber_top/inc_add_101_44_g481 calls port VDD not declared in module HA1D0BWP7T
Warning: prbs_ber_pad_top/u_prbs_ber_chip_top/u_prbs_ber_top/inc_add_101_44_g482 calls port VSS not declared in module CKXOR2D1BWP7T
Warning: prbs_ber_pad_top/u_prbs_ber_chip_top/u_prbs_ber_top/inc_add_101_44_g482 calls port VDD not declared in module CKXOR2D1BWP7T
Warning: prbs_ber_pad_top/u_prbs_ber_chip_top/u_prbs_ber_top/inc_add_101_44_g483 calls port VSS not declared in module CKXOR2D1BWP7T
Warning: prbs_ber_pad_top/u_prbs_ber_chip_top/u_prbs_ber_top/inc_add_101_44_g483 calls port VDD not declared in module CKXOR2D1BWP7T
Warning: prbs_ber_pad_top/u_prbs_ber_chip_top/u_prbs_ber_top/inc_add_101_44_g484 calls port VSS not declared in module CKXOR2D1BWP7T
Warning: prbs_ber_pad_top/u_prbs_ber_chip_top/u_prbs_ber_top/inc_add_101_44_g484 calls port VDD not declared in module CKXOR2D1BWP7T
Warning: prbs_ber_pad_top/u_prbs_ber_chip_top/u_prbs_ber_top/inc_add_101_44_g485 calls port VSS not declared in module HA1D0BWP7T
Warning: prbs_ber_pad_top/u_prbs_ber_chip_top/u_prbs_ber_top/inc_add_101_44_g485 calls port VDD not declared in module HA1D0BWP7T
Warning: prbs_ber_pad_top/u_prbs_ber_chip_top/u_prbs_ber_top/inc_add_101_44_g486 calls port VSS not declared in module HA1D0BWP7T
Warning: prbs_ber_pad_top/u_prbs_ber_chip_top/u_prbs_ber_top/inc_add_101_44_g486 calls port VDD not declared in module HA1D0BWP7T
Warning: prbs_ber_pad_top/u_prbs_ber_chip_top/u_prbs_ber_top/inc_add_101_44_g487 calls port VSS not declared in module CKXOR2D1BWP7T
Warning: prbs_ber_pad_top/u_prbs_ber_chip_top/u_prbs_ber_top/inc_add_101_44_g487 calls port VDD not declared in module CKXOR2D1BWP7T
Warning: prbs_ber_pad_top/u_prbs_ber_chip_top/u_prbs_ber_top/inc_add_101_44_g488 calls port VSS not declared in module CKXOR2D1BWP7T
Warning: prbs_ber_pad_top/u_prbs_ber_chip_top/u_prbs_ber_top/inc_add_101_44_g488 calls port VDD not declared in module CKXOR2D1BWP7T
Warning: prbs_ber_pad_top/u_prbs_ber_chip_top/u_prbs_ber_top/inc_add_101_44_g489 calls port VSS not declared in module HA1D0BWP7T
Warning: prbs_ber_pad_top/u_prbs_ber_chip_top/u_prbs_ber_top/inc_add_101_44_g489 calls port VDD not declared in module HA1D0BWP7T
Warning: prbs_ber_pad_top/u_prbs_ber_chip_top/u_prbs_ber_top/inc_add_101_44_g490 calls port VSS not declared in module HA1D0BWP7T
Warning: prbs_ber_pad_top/u_prbs_ber_chip_top/u_prbs_ber_top/inc_add_101_44_g490 calls port VDD not declared in module HA1D0BWP7T
Warning: prbs_ber_pad_top/u_prbs_ber_chip_top/u_prbs_ber_top/inc_add_101_44_g491 calls port VSS not declared in module CKXOR2D1BWP7T
Warning: prbs_ber_pad_top/u_prbs_ber_chip_top/u_prbs_ber_top/inc_add_101_44_g491 calls port VDD not declared in module CKXOR2D1BWP7T
Warning: prbs_ber_pad_top/u_prbs_ber_chip_top/u_prbs_ber_top/inc_add_101_44_g492 calls port VSS not declared in module CKXOR2D1BWP7T
Warning: prbs_ber_pad_top/u_prbs_ber_chip_top/u_prbs_ber_top/inc_add_101_44_g492 calls port VDD not declared in module CKXOR2D1BWP7T
Warning: prbs_ber_pad_top/u_prbs_ber_chip_top/u_prbs_ber_top/inc_add_101_44_g493 calls port VSS not declared in module HA1D0BWP7T
Warning: prbs_ber_pad_top/u_prbs_ber_chip_top/u_prbs_ber_top/inc_add_101_44_g493 calls port VDD not declared in module HA1D0BWP7T
Warning: prbs_ber_pad_top/u_prbs_ber_chip_top/u_prbs_ber_top/inc_add_101_44_g494 calls port VSS not declared in module HA1D0BWP7T
Warning: prbs_ber_pad_top/u_prbs_ber_chip_top/u_prbs_ber_top/inc_add_101_44_g494 calls port VDD not declared in module HA1D0BWP7T
Warning: prbs_ber_pad_top/u_prbs_ber_chip_top/u_prbs_ber_top/inc_add_101_44_g495 calls port VSS not declared in module CKXOR2D1BWP7T
Warning: prbs_ber_pad_top/u_prbs_ber_chip_top/u_prbs_ber_top/inc_add_101_44_g495 calls port VDD not declared in module CKXOR2D1BWP7T
Warning: prbs_ber_pad_top/u_prbs_ber_chip_top/u_prbs_ber_top/inc_add_101_44_g496 calls port VSS not declared in module HA1D0BWP7T
Warning: prbs_ber_pad_top/u_prbs_ber_chip_top/u_prbs_ber_top/inc_add_101_44_g496 calls port VDD not declared in module HA1D0BWP7T
Warning: prbs_ber_pad_top/u_prbs_ber_chip_top/u_prbs_ber_top/inc_add_101_44_g497 calls port VSS not declared in module HA1D0BWP7T
Warning: prbs_ber_pad_top/u_prbs_ber_chip_top/u_prbs_ber_top/inc_add_101_44_g497 calls port VDD not declared in module HA1D0BWP7T
Warning: prbs_ber_pad_top/u_prbs_ber_chip_top/u_prbs_ber_top/inc_add_101_44_g498 calls port VSS not declared in module HA1D0BWP7T
Warning: prbs_ber_pad_top/u_prbs_ber_chip_top/u_prbs_ber_top/inc_add_101_44_g498 calls port VDD not declared in module HA1D0BWP7T
Warning: prbs_ber_pad_top/u_prbs_ber_chip_top/u_prbs_ber_top/inc_add_101_44_g499 calls port VSS not declared in module AN3D1BWP7T
Warning: prbs_ber_pad_top/u_prbs_ber_chip_top/u_prbs_ber_top/inc_add_101_44_g499 calls port VDD not declared in module AN3D1BWP7T
Warning: prbs_ber_pad_top/u_prbs_ber_chip_top/u_prbs_ber_top/inc_add_101_44_g500 calls port VSS not declared in module CKXOR2D1BWP7T
Warning: prbs_ber_pad_top/u_prbs_ber_chip_top/u_prbs_ber_top/inc_add_101_44_g500 calls port VDD not declared in module CKXOR2D1BWP7T
Warning: prbs_ber_pad_top/u_prbs_ber_chip_top/u_prbs_ber_top/inc_add_101_44_g501 calls port VSS not declared in module HA1D0BWP7T
Warning: prbs_ber_pad_top/u_prbs_ber_chip_top/u_prbs_ber_top/inc_add_101_44_g501 calls port VDD not declared in module HA1D0BWP7T
Warning: prbs_ber_pad_top/u_prbs_ber_chip_top/u_prbs_ber_top/inc_add_101_44_g502 calls port VSS not declared in module HA1D0BWP7T
Warning: prbs_ber_pad_top/u_prbs_ber_chip_top/u_prbs_ber_top/inc_add_101_44_g502 calls port VDD not declared in module HA1D0BWP7T
Warning: prbs_ber_pad_top/u_prbs_ber_chip_top/u_prbs_ber_top/inc_add_101_44_g503 calls port VSS not declared in module NR4D0BWP7T
Warning: prbs_ber_pad_top/u_prbs_ber_chip_top/u_prbs_ber_top/inc_add_101_44_g503 calls port VDD not declared in module NR4D0BWP7T
Warning: prbs_ber_pad_top/u_prbs_ber_chip_top/u_prbs_ber_top/inc_add_101_44_g504 calls port VSS not declared in module HA1D0BWP7T
Warning: prbs_ber_pad_top/u_prbs_ber_chip_top/u_prbs_ber_top/inc_add_101_44_g504 calls port VDD not declared in module HA1D0BWP7T
Warning: prbs_ber_pad_top/u_prbs_ber_chip_top/u_prbs_ber_top/inc_add_101_44_g505 calls port VSS not declared in module CKAN2D1BWP7T
Warning: prbs_ber_pad_top/u_prbs_ber_chip_top/u_prbs_ber_top/inc_add_101_44_g505 calls port VDD not declared in module CKAN2D1BWP7T
Warning: prbs_ber_pad_top/u_prbs_ber_chip_top/u_prbs_ber_top/inc_add_101_44_g506 calls port VSS not declared in module NR3D0BWP7T
Warning: prbs_ber_pad_top/u_prbs_ber_chip_top/u_prbs_ber_top/inc_add_101_44_g506 calls port VDD not declared in module NR3D0BWP7T
Warning: prbs_ber_pad_top/u_prbs_ber_chip_top/u_prbs_ber_top/inc_add_101_44_g507 calls port VSS not declared in module CKXOR2D1BWP7T
Warning: prbs_ber_pad_top/u_prbs_ber_chip_top/u_prbs_ber_top/inc_add_101_44_g507 calls port VDD not declared in module CKXOR2D1BWP7T
Warning: prbs_ber_pad_top/u_prbs_ber_chip_top/u_prbs_ber_top/inc_add_101_44_g508 calls port VSS not declared in module HA1D0BWP7T
Warning: prbs_ber_pad_top/u_prbs_ber_chip_top/u_prbs_ber_top/inc_add_101_44_g508 calls port VDD not declared in module HA1D0BWP7T
Warning: prbs_ber_pad_top/u_prbs_ber_chip_top/u_prbs_ber_top/inc_add_101_44_g509 calls port VSS not declared in module NR2D1BWP7T
Warning: prbs_ber_pad_top/u_prbs_ber_chip_top/u_prbs_ber_top/inc_add_101_44_g509 calls port VDD not declared in module NR2D1BWP7T
Warning: prbs_ber_pad_top/u_prbs_ber_chip_top/u_prbs_ber_top/inc_add_101_44_g510 calls port VSS not declared in module NR2XD0BWP7T
Warning: prbs_ber_pad_top/u_prbs_ber_chip_top/u_prbs_ber_top/inc_add_101_44_g510 calls port VDD not declared in module NR2XD0BWP7T
Warning: prbs_ber_pad_top/u_prbs_ber_chip_top/u_prbs_ber_top/inc_add_101_44_g511 calls port VSS not declared in module CKXOR2D1BWP7T
Warning: prbs_ber_pad_top/u_prbs_ber_chip_top/u_prbs_ber_top/inc_add_101_44_g511 calls port VDD not declared in module CKXOR2D1BWP7T
Warning: prbs_ber_pad_top/u_prbs_ber_chip_top/u_prbs_ber_top/inc_add_101_44_g512 calls port VSS not declared in module HA1D0BWP7T
Warning: prbs_ber_pad_top/u_prbs_ber_chip_top/u_prbs_ber_top/inc_add_101_44_g512 calls port VDD not declared in module HA1D0BWP7T
Warning: prbs_ber_pad_top/u_prbs_ber_chip_top/u_prbs_ber_top/inc_add_101_44_g513 calls port VSS not declared in module INR2XD0BWP7T
Warning: prbs_ber_pad_top/u_prbs_ber_chip_top/u_prbs_ber_top/inc_add_101_44_g513 calls port VDD not declared in module INR2XD0BWP7T
Warning: prbs_ber_pad_top/u_prbs_ber_chip_top/u_prbs_ber_top/inc_add_101_44_g514 calls port VSS not declared in module INVD1BWP7T
Warning: prbs_ber_pad_top/u_prbs_ber_chip_top/u_prbs_ber_top/inc_add_101_44_g514 calls port VDD not declared in module INVD1BWP7T
Warning: prbs_ber_pad_top/u_prbs_ber_chip_top/u_prbs_ber_top/inc_add_101_44_g515 calls port VSS not declared in module IND4D1BWP7T
Warning: prbs_ber_pad_top/u_prbs_ber_chip_top/u_prbs_ber_top/inc_add_101_44_g515 calls port VDD not declared in module IND4D1BWP7T
Warning: prbs_ber_pad_top/u_prbs_ber_chip_top/u_prbs_ber_top/inc_add_101_44_g516 calls port VSS not declared in module CKXOR2D1BWP7T
Warning: prbs_ber_pad_top/u_prbs_ber_chip_top/u_prbs_ber_top/inc_add_101_44_g516 calls port VDD not declared in module CKXOR2D1BWP7T
Warning: prbs_ber_pad_top/u_prbs_ber_chip_top/u_prbs_ber_top/inc_add_101_44_g517 calls port VSS not declared in module HA1D0BWP7T
Warning: prbs_ber_pad_top/u_prbs_ber_chip_top/u_prbs_ber_top/inc_add_101_44_g517 calls port VDD not declared in module HA1D0BWP7T
Warning: prbs_ber_pad_top/u_prbs_ber_chip_top/u_prbs_ber_top/inc_add_101_44_g518 calls port VSS not declared in module AN4D1BWP7T
Warning: prbs_ber_pad_top/u_prbs_ber_chip_top/u_prbs_ber_top/inc_add_101_44_g518 calls port VDD not declared in module AN4D1BWP7T
Warning: prbs_ber_pad_top/u_prbs_ber_chip_top/u_prbs_ber_top/inc_add_101_44_g519 calls port VSS not declared in module HA1D0BWP7T
Warning: prbs_ber_pad_top/u_prbs_ber_chip_top/u_prbs_ber_top/inc_add_101_44_g519 calls port VDD not declared in module HA1D0BWP7T
Warning: prbs_ber_pad_top/u_prbs_ber_chip_top/u_prbs_ber_top/inc_add_101_44_g520 calls port VSS not declared in module NR2D1BWP7T
Warning: prbs_ber_pad_top/u_prbs_ber_chip_top/u_prbs_ber_top/inc_add_101_44_g520 calls port VDD not declared in module NR2D1BWP7T
Warning: prbs_ber_pad_top/u_prbs_ber_chip_top/u_prbs_ber_top/inc_add_101_44_g521 calls port VSS not declared in module INVD1BWP7T
Warning: prbs_ber_pad_top/u_prbs_ber_chip_top/u_prbs_ber_top/inc_add_101_44_g521 calls port VDD not declared in module INVD1BWP7T
Warning: prbs_ber_pad_top/u_prbs_ber_chip_top/u_prbs_ber_top/inc_add_101_44_g522 calls port VSS not declared in module ND2D1BWP7T
Warning: prbs_ber_pad_top/u_prbs_ber_chip_top/u_prbs_ber_top/inc_add_101_44_g522 calls port VDD not declared in module ND2D1BWP7T
Warning: prbs_ber_pad_top/u_prbs_ber_chip_top/u_prbs_ber_top/inc_add_101_44_g523 calls port VSS not declared in module NR2D1BWP7T
Warning: prbs_ber_pad_top/u_prbs_ber_chip_top/u_prbs_ber_top/inc_add_101_44_g523 calls port VDD not declared in module NR2D1BWP7T
Warning: prbs_ber_pad_top/u_prbs_ber_chip_top/u_prbs_ber_top/inc_add_101_44_g524 calls port VSS not declared in module INVD1BWP7T
Warning: prbs_ber_pad_top/u_prbs_ber_chip_top/u_prbs_ber_top/inc_add_101_44_g524 calls port VDD not declared in module INVD1BWP7T
Warning: prbs_ber_pad_top/u_prbs_ber_chip_top/u_prbs_ber_top/inc_add_101_44_g525 calls port VSS not declared in module IND4D0BWP7T
Warning: prbs_ber_pad_top/u_prbs_ber_chip_top/u_prbs_ber_top/inc_add_101_44_g525 calls port VDD not declared in module IND4D0BWP7T
Warning: prbs_ber_pad_top/u_prbs_ber_chip_top/u_prbs_ber_top/inc_add_101_44_g526 calls port VSS not declared in module OA21D0BWP7T
Warning: prbs_ber_pad_top/u_prbs_ber_chip_top/u_prbs_ber_top/inc_add_101_44_g526 calls port VDD not declared in module OA21D0BWP7T
Warning: prbs_ber_pad_top/u_prbs_ber_chip_top/u_prbs_ber_top/inc_add_101_44_g527 calls port VSS not declared in module ND4D0BWP7T
Warning: prbs_ber_pad_top/u_prbs_ber_chip_top/u_prbs_ber_top/inc_add_101_44_g527 calls port VDD not declared in module ND4D0BWP7T
Warning: prbs_ber_pad_top/u_prbs_ber_chip_top/u_prbs_ber_top/inc_add_101_44_g528 calls port VSS not declared in module ND2D1BWP7T
Warning: prbs_ber_pad_top/u_prbs_ber_chip_top/u_prbs_ber_top/inc_add_101_44_g528 calls port VDD not declared in module ND2D1BWP7T
Warning: prbs_ber_pad_top/u_prbs_ber_chip_top/u_prbs_ber_top/inc_add_101_44_g529 calls port VSS not declared in module ND2D1BWP7T
Warning: prbs_ber_pad_top/u_prbs_ber_chip_top/u_prbs_ber_top/inc_add_101_44_g529 calls port VDD not declared in module ND2D1BWP7T
Warning: prbs_ber_pad_top/u_prbs_ber_chip_top/u_prbs_ber_top/inc_add_101_44_g530 calls port VSS not declared in module CKAN2D1BWP7T
Warning: prbs_ber_pad_top/u_prbs_ber_chip_top/u_prbs_ber_top/inc_add_101_44_g530 calls port VDD not declared in module CKAN2D1BWP7T
Warning: prbs_ber_pad_top/u_prbs_ber_chip_top/u_prbs_ber_top/inc_add_101_44_g531 calls port VSS not declared in module ND2D1BWP7T
Warning: prbs_ber_pad_top/u_prbs_ber_chip_top/u_prbs_ber_top/inc_add_101_44_g531 calls port VDD not declared in module ND2D1BWP7T
Warning: prbs_ber_pad_top/u_prbs_ber_chip_top/u_prbs_ber_top/inc_add_101_44_g532 calls port VSS not declared in module ND2D1BWP7T
Warning: prbs_ber_pad_top/u_prbs_ber_chip_top/u_prbs_ber_top/inc_add_101_44_g532 calls port VDD not declared in module ND2D1BWP7T
Warning: prbs_ber_pad_top/u_prbs_ber_chip_top/u_prbs_ber_top/inc_add_101_44_g533 calls port VSS not declared in module CKAN2D1BWP7T
Warning: prbs_ber_pad_top/u_prbs_ber_chip_top/u_prbs_ber_top/inc_add_101_44_g533 calls port VDD not declared in module CKAN2D1BWP7T
Warning: prbs_ber_pad_top/u_prbs_ber_chip_top/u_prbs_ber_top/inc_add_101_44_g534 calls port VSS not declared in module CKAN2D1BWP7T
Warning: prbs_ber_pad_top/u_prbs_ber_chip_top/u_prbs_ber_top/inc_add_101_44_g534 calls port VDD not declared in module CKAN2D1BWP7T
Warning: prbs_ber_pad_top/u_prbs_ber_chip_top/u_prbs_ber_top/inc_add_101_44_g535 calls port VSS not declared in module ND2D1BWP7T
Warning: prbs_ber_pad_top/u_prbs_ber_chip_top/u_prbs_ber_top/inc_add_101_44_g535 calls port VDD not declared in module ND2D1BWP7T
Warning: prbs_ber_pad_top/u_prbs_ber_chip_top/u_prbs_ber_top/inc_add_101_44_g536 calls port VSS not declared in module ND2D1BWP7T
Warning: prbs_ber_pad_top/u_prbs_ber_chip_top/u_prbs_ber_top/inc_add_101_44_g536 calls port VDD not declared in module ND2D1BWP7T
Warning: prbs_ber_pad_top/u_prbs_ber_chip_top/u_prbs_ber_top/tie_0_cell calls port VSS not declared in module TIELBWP7T
Warning: prbs_ber_pad_top/u_prbs_ber_chip_top/u_prbs_ber_top/tie_0_cell calls port VDD not declared in module TIELBWP7T
Warning: prbs_ber_pad_top/u_prbs_ber_chip_top/u_prbs_ber_top/tie_0_cell1 calls port VSS not declared in module TIELBWP7T
Warning: prbs_ber_pad_top/u_prbs_ber_chip_top/u_prbs_ber_top/tie_0_cell1 calls port VDD not declared in module TIELBWP7T
Warning: prbs_ber_pad_top/u_prbs_ber_chip_top/g6 calls port VSS not declared in module OR2D1BWP7T
Warning: prbs_ber_pad_top/u_prbs_ber_chip_top/g6 calls port VDD not declared in module OR2D1BWP7T
Warning: prbs_ber_pad_top/u_prbs_ber_chip_top/g12 calls port VSS not declared in module CKAN2D1BWP7T
Warning: prbs_ber_pad_top/u_prbs_ber_chip_top/g12 calls port VDD not declared in module CKAN2D1BWP7T
Info: Design Conversion completed. CPU TIME = 0  REAL TIME = 0  LVHEAP = 0/0/0  MALLOC = 18/18/18  ELAPSED TIME = 1

--- Verilog-to-LVS COMPLETED - Sun May  3 13:37:45 2026
--- TOTAL CPU TIME = 0  REAL TIME = 1  LVHEAP = 0/0/0  MALLOC = 18/18/18  ELAPSED TIME = 1
--- LOG FILE = v2lvs.log

