Cadence Genus(TM) Synthesis Solution.
Copyright 2024 Cadence Design Systems, Inc. All rights reserved worldwide.
Cadence and the Cadence logo are registered trademarks and Genus is a trademark
of Cadence Design Systems, Inc. in the United States and other countries.

[17:12:21.224625] Configured Lic search path (21.01-s002): 5281@lm-cadence.seas.ucla.edu

Version: 21.19-s055_1, built Wed May 29 16:33:07 PDT 2024
Options: -files /w/home.09/home/liyuyao864/ee209/prbs_project/build_ber_checker/syn-rundir/syn.tcl -no_gui 
Date:    Wed Apr 08 17:12:21 2026
Host:    eeapps03.labidm.seas.ucla.edu (x86_64 w/Linux 4.18.0-553.85.1.el8_10.x86_64) (8cores*32cpus*2physical cpus*Intel(R) Xeon(R) CPU E5-2630 v3 @ 2.40GHz 20480KB) (65319648KB)
PID:     3683517
OS:      Red Hat Enterprise Linux release 8.10 (Ootpa)


[17:12:21.431232] Periodic Lic check successful
[17:12:21.431242] Feature usage summary:
[17:12:21.431242] Genus_Synthesis
Checking out license: Genus_Synthesis


***********************************************************************************************************
***********************************************************************************************************



Loading tool scripts...
Finished loading tool scripts (10 seconds elapsed).

#@ Processing -files option
@genus 1> source /w/home.09/home/liyuyao864/ee209/prbs_project/build_ber_checker/syn-rundir/syn.tcl
#@ Begin verbose source /w/home.09/home/liyuyao864/ee209/prbs_project/build_ber_checker/syn-rundir/syn.tcl
@file(syn.tcl) 1: puts "set_db hdl_error_on_blackbox true" 
set_db hdl_error_on_blackbox true
@file(syn.tcl) 2: set_db hdl_error_on_blackbox true
  Setting attribute of root '/': 'hdl_error_on_blackbox' = true
@file(syn.tcl) 3: puts "set_db max_cpus_per_server 4" 
set_db max_cpus_per_server 4
@file(syn.tcl) 4: set_db max_cpus_per_server 4
  Setting attribute of root '/': 'max_cpus_per_server' = 4
@file(syn.tcl) 5: puts "set_db hdl_auto_sync_set_reset true" 
set_db hdl_auto_sync_set_reset true
@file(syn.tcl) 6: set_db hdl_auto_sync_set_reset true
  Setting attribute of root '/': 'hdl_auto_sync_set_reset' = true
@file(syn.tcl) 7: puts "set_db hdl_unconnected_value none" 
set_db hdl_unconnected_value none
@file(syn.tcl) 8: set_db hdl_unconnected_value none
  Setting attribute of root '/': 'hdl_unconnected_value' = none
@file(syn.tcl) 9: puts "set_db lp_clock_gating_infer_enable  true" 
set_db lp_clock_gating_infer_enable  true
@file(syn.tcl) 10: set_db lp_clock_gating_infer_enable  true
  Setting attribute of root '/': 'lp_clock_gating_infer_enable' = true
@file(syn.tcl) 11: puts "set_db lp_clock_gating_prefix  {CLKGATE}" 
set_db lp_clock_gating_prefix  {CLKGATE}
@file(syn.tcl) 12: set_db lp_clock_gating_prefix  {CLKGATE}
  Setting attribute of root '/': 'lp_clock_gating_prefix' = CLKGATE
@file(syn.tcl) 13: puts "set_db lp_insert_clock_gating  true" 
set_db lp_insert_clock_gating  true
@file(syn.tcl) 14: set_db lp_insert_clock_gating  true
  Setting attribute of root '/': 'lp_insert_clock_gating' = true
@file(syn.tcl) 15: puts "set_db lp_clock_gating_hierarchical true" 
set_db lp_clock_gating_hierarchical true
@file(syn.tcl) 16: set_db lp_clock_gating_hierarchical true
Warning : This attribute will be obsolete in a next major release. [TUI-32]
        : attribute: 'lp_clock_gating_hierarchical', object type: 'root'
        : Hierarchical clock-gating is no longer supported. When you use the lp_clock_gating_hierarchical attribute in this release, the tool will ignore the attribute.
  Setting attribute of root '/': 'lp_clock_gating_hierarchical' = true
@file(syn.tcl) 17: puts "set_db lp_insert_clock_gating_incremental true" 
set_db lp_insert_clock_gating_incremental true
@file(syn.tcl) 18: set_db lp_insert_clock_gating_incremental true
Warning : This attribute will be obsolete in a next major release. [TUI-32]
        : attribute: 'lp_insert_clock_gating_incremental', object type: 'root'
        : The attribute 'lp_insert_clock_gating_incremental' is obsoleted.
  Setting attribute of root '/': 'lp_insert_clock_gating_incremental' = true
@file(syn.tcl) 19: puts "set_db lp_clock_gating_register_aware true" 
set_db lp_clock_gating_register_aware true
@file(syn.tcl) 20: set_db lp_clock_gating_register_aware true
  Setting attribute of root '/': 'lp_clock_gating_register_aware' = true
@file(syn.tcl) 21: puts "read_mmmc /w/home.09/home/liyuyao864/ee209/prbs_project/build_ber_checker/syn-rundir/mmmc.tcl" 
read_mmmc /w/home.09/home/liyuyao864/ee209/prbs_project/build_ber_checker/syn-rundir/mmmc.tcl
@file(syn.tcl) 22: read_mmmc /w/home.09/home/liyuyao864/ee209/prbs_project/build_ber_checker/syn-rundir/mmmc.tcl
  Setting attribute of root '/': 'is_read_mmmc_flow' = true
Sourcing '/w/home.09/home/liyuyao864/ee209/prbs_project/build_ber_checker/syn-rundir/mmmc.tcl' (Wed Apr 08 17:12:32 PDT 2026)...
#@ Begin verbose source /w/home.09/home/liyuyao864/ee209/prbs_project/build_ber_checker/syn-rundir/mmmc.tcl
@file(mmmc.tcl) 1: puts "create_constraint_mode -name my_constraint_mode -sdc_files [list /w/home.09/home/liyuyao864/ee209/prbs_project/build_ber_checker/syn-rundir/clock_constraints_fragment.sdc /w/home.09/home/liyuyao864/ee209/prbs_project/build_ber_checker/syn-rundir/pin_constraints_fragment.sdc]" 
create_constraint_mode -name my_constraint_mode -sdc_files /w/home.09/home/liyuyao864/ee209/prbs_project/build_ber_checker/syn-rundir/clock_constraints_fragment.sdc /w/home.09/home/liyuyao864/ee209/prbs_project/build_ber_checker/syn-rundir/pin_constraints_fragment.sdc
@file(mmmc.tcl) 2: create_constraint_mode -name my_constraint_mode -sdc_files [list /w/home.09/home/liyuyao864/ee209/prbs_project/build_ber_checker/syn-rundir/clock_constraints_fragment.sdc /w/home.09/home/liyuyao864/ee209/prbs_project/build_ber_checker/syn-rundir/pin_constraints_fragment.sdc]
@file(mmmc.tcl) 3: puts "create_library_set -name WCCOM.setup_set -timing [list /w/class.1/ee/ee209b/ee209bta/TSMC180PDK/Standard_Cells_and_IO/180_G_Standard_Cell/core_cell_library/core_cell_library/7-track/tcb018gbwp7t_290a/TSMCHOME/digital/Front_End/timing_power_noise/CCS/tcb018gbwp7t_270a/tcb018gbwp7twc_ccs.lib /w/class.1/ee/ee209b/ee209bta/TSMC180PDK/Standard_Cells_and_IO/180_G_Standard_IO/Standard_IO/Standard_IO/tpd018nv_280a/TSMCHOME/digital/Front_End/timing_power_noise/NLDM/tpd018nv_280a/tpd018nvwc.lib]" 
create_library_set -name WCCOM.setup_set -timing /w/class.1/ee/ee209b/ee209bta/TSMC180PDK/Standard_Cells_and_IO/180_G_Standard_Cell/core_cell_library/core_cell_library/7-track/tcb018gbwp7t_290a/TSMCHOME/digital/Front_End/timing_power_noise/CCS/tcb018gbwp7t_270a/tcb018gbwp7twc_ccs.lib /w/class.1/ee/ee209b/ee209bta/TSMC180PDK/Standard_Cells_and_IO/180_G_Standard_IO/Standard_IO/Standard_IO/tpd018nv_280a/TSMCHOME/digital/Front_End/timing_power_noise/NLDM/tpd018nv_280a/tpd018nvwc.lib
@file(mmmc.tcl) 4: create_library_set -name WCCOM.setup_set -timing [list /w/class.1/ee/ee209b/ee209bta/TSMC180PDK/Standard_Cells_and_IO/180_G_Standard_Cell/core_cell_library/core_cell_library/7-track/tcb018gbwp7t_290a/TSMCHOME/digital/Front_End/timing_power_noise/CCS/tcb018gbwp7t_270a/tcb018gbwp7twc_ccs.lib /w/class.1/ee/ee209b/ee209bta/TSMC180PDK/Standard_Cells_and_IO/180_G_Standard_IO/Standard_IO/Standard_IO/tpd018nv_280a/TSMCHOME/digital/Front_End/timing_power_noise/NLDM/tpd018nv_280a/tpd018nvwc.lib]
@file(mmmc.tcl) 5: puts "create_timing_condition -name WCCOM.setup_cond -library_sets [list WCCOM.setup_set]" 
create_timing_condition -name WCCOM.setup_cond -library_sets WCCOM.setup_set
@file(mmmc.tcl) 6: create_timing_condition -name WCCOM.setup_cond -library_sets [list WCCOM.setup_set]
@file(mmmc.tcl) 7: puts "create_rc_corner -name WCCOM.setup_rc -temperature 125.0 -qrc_tech /w/class.1/ee/ee209b/ee209bta/TSMC180PDK/EXTRAS/qrcTechFile -cap_table /w/class.1/ee/ee209b/ee209bta/TSMC180PDK/Standard_Cells_and_IO/180_G_Standard_Cell/core_cell_library/core_cell_library/7-track/tcb018gbwp7t_290a/TSMCHOME/digital/Back_End/lef/tcb018gbwp7t_270a/techfiles/captable/t018lo_1p6m_typical.captable" 
create_rc_corner -name WCCOM.setup_rc -temperature 125.0 -qrc_tech /w/class.1/ee/ee209b/ee209bta/TSMC180PDK/EXTRAS/qrcTechFile -cap_table /w/class.1/ee/ee209b/ee209bta/TSMC180PDK/Standard_Cells_and_IO/180_G_Standard_Cell/core_cell_library/core_cell_library/7-track/tcb018gbwp7t_290a/TSMCHOME/digital/Back_End/lef/tcb018gbwp7t_270a/techfiles/captable/t018lo_1p6m_typical.captable
@file(mmmc.tcl) 8: create_rc_corner -name WCCOM.setup_rc -temperature 125.0 -qrc_tech /w/class.1/ee/ee209b/ee209bta/TSMC180PDK/EXTRAS/qrcTechFile -cap_table /w/class.1/ee/ee209b/ee209bta/TSMC180PDK/Standard_Cells_and_IO/180_G_Standard_Cell/core_cell_library/core_cell_library/7-track/tcb018gbwp7t_290a/TSMCHOME/digital/Back_End/lef/tcb018gbwp7t_270a/techfiles/captable/t018lo_1p6m_typical.captable
@file(mmmc.tcl) 9: puts "create_delay_corner -name WCCOM.setup_delay -timing_condition WCCOM.setup_cond -rc_corner WCCOM.setup_rc" 
create_delay_corner -name WCCOM.setup_delay -timing_condition WCCOM.setup_cond -rc_corner WCCOM.setup_rc
@file(mmmc.tcl) 10: create_delay_corner -name WCCOM.setup_delay -timing_condition WCCOM.setup_cond -rc_corner WCCOM.setup_rc
@file(mmmc.tcl) 11: puts "create_analysis_view -name WCCOM.setup_view -delay_corner WCCOM.setup_delay -constraint_mode my_constraint_mode" 
create_analysis_view -name WCCOM.setup_view -delay_corner WCCOM.setup_delay -constraint_mode my_constraint_mode
@file(mmmc.tcl) 12: create_analysis_view -name WCCOM.setup_view -delay_corner WCCOM.setup_delay -constraint_mode my_constraint_mode
@file(mmmc.tcl) 13: puts "create_library_set -name BCCOM.hold_set -timing [list /w/class.1/ee/ee209b/ee209bta/TSMC180PDK/Standard_Cells_and_IO/180_G_Standard_Cell/core_cell_library/core_cell_library/7-track/tcb018gbwp7t_290a/TSMCHOME/digital/Front_End/timing_power_noise/CCS/tcb018gbwp7t_270a/tcb018gbwp7tlt_ccs.lib /w/class.1/ee/ee209b/ee209bta/TSMC180PDK/Standard_Cells_and_IO/180_G_Standard_IO/Standard_IO/Standard_IO/tpd018nv_280a/TSMCHOME/digital/Front_End/timing_power_noise/NLDM/tpd018nv_280a/tpd018nvlt.lib]" 
create_library_set -name BCCOM.hold_set -timing /w/class.1/ee/ee209b/ee209bta/TSMC180PDK/Standard_Cells_and_IO/180_G_Standard_Cell/core_cell_library/core_cell_library/7-track/tcb018gbwp7t_290a/TSMCHOME/digital/Front_End/timing_power_noise/CCS/tcb018gbwp7t_270a/tcb018gbwp7tlt_ccs.lib /w/class.1/ee/ee209b/ee209bta/TSMC180PDK/Standard_Cells_and_IO/180_G_Standard_IO/Standard_IO/Standard_IO/tpd018nv_280a/TSMCHOME/digital/Front_End/timing_power_noise/NLDM/tpd018nv_280a/tpd018nvlt.lib
@file(mmmc.tcl) 14: create_library_set -name BCCOM.hold_set -timing [list /w/class.1/ee/ee209b/ee209bta/TSMC180PDK/Standard_Cells_and_IO/180_G_Standard_Cell/core_cell_library/core_cell_library/7-track/tcb018gbwp7t_290a/TSMCHOME/digital/Front_End/timing_power_noise/CCS/tcb018gbwp7t_270a/tcb018gbwp7tlt_ccs.lib /w/class.1/ee/ee209b/ee209bta/TSMC180PDK/Standard_Cells_and_IO/180_G_Standard_IO/Standard_IO/Standard_IO/tpd018nv_280a/TSMCHOME/digital/Front_End/timing_power_noise/NLDM/tpd018nv_280a/tpd018nvlt.lib]
@file(mmmc.tcl) 15: puts "create_timing_condition -name BCCOM.hold_cond -library_sets [list BCCOM.hold_set]" 
create_timing_condition -name BCCOM.hold_cond -library_sets BCCOM.hold_set
@file(mmmc.tcl) 16: create_timing_condition -name BCCOM.hold_cond -library_sets [list BCCOM.hold_set]
@file(mmmc.tcl) 17: puts "create_rc_corner -name BCCOM.hold_rc -temperature -40.0 -qrc_tech /w/class.1/ee/ee209b/ee209bta/TSMC180PDK/EXTRAS/qrcTechFile -cap_table /w/class.1/ee/ee209b/ee209bta/TSMC180PDK/Standard_Cells_and_IO/180_G_Standard_Cell/core_cell_library/core_cell_library/7-track/tcb018gbwp7t_290a/TSMCHOME/digital/Back_End/lef/tcb018gbwp7t_270a/techfiles/captable/t018lo_1p6m_typical.captable" 
create_rc_corner -name BCCOM.hold_rc -temperature -40.0 -qrc_tech /w/class.1/ee/ee209b/ee209bta/TSMC180PDK/EXTRAS/qrcTechFile -cap_table /w/class.1/ee/ee209b/ee209bta/TSMC180PDK/Standard_Cells_and_IO/180_G_Standard_Cell/core_cell_library/core_cell_library/7-track/tcb018gbwp7t_290a/TSMCHOME/digital/Back_End/lef/tcb018gbwp7t_270a/techfiles/captable/t018lo_1p6m_typical.captable
@file(mmmc.tcl) 18: create_rc_corner -name BCCOM.hold_rc -temperature -40.0 -qrc_tech /w/class.1/ee/ee209b/ee209bta/TSMC180PDK/EXTRAS/qrcTechFile -cap_table /w/class.1/ee/ee209b/ee209bta/TSMC180PDK/Standard_Cells_and_IO/180_G_Standard_Cell/core_cell_library/core_cell_library/7-track/tcb018gbwp7t_290a/TSMCHOME/digital/Back_End/lef/tcb018gbwp7t_270a/techfiles/captable/t018lo_1p6m_typical.captable
@file(mmmc.tcl) 19: puts "create_delay_corner -name BCCOM.hold_delay -timing_condition BCCOM.hold_cond -rc_corner BCCOM.hold_rc" 
create_delay_corner -name BCCOM.hold_delay -timing_condition BCCOM.hold_cond -rc_corner BCCOM.hold_rc
@file(mmmc.tcl) 20: create_delay_corner -name BCCOM.hold_delay -timing_condition BCCOM.hold_cond -rc_corner BCCOM.hold_rc
@file(mmmc.tcl) 21: puts "create_analysis_view -name BCCOM.hold_view -delay_corner BCCOM.hold_delay -constraint_mode my_constraint_mode" 
create_analysis_view -name BCCOM.hold_view -delay_corner BCCOM.hold_delay -constraint_mode my_constraint_mode
@file(mmmc.tcl) 22: create_analysis_view -name BCCOM.hold_view -delay_corner BCCOM.hold_delay -constraint_mode my_constraint_mode
@file(mmmc.tcl) 23: puts "create_library_set -name NCCOM.extra_set -timing [list /w/class.1/ee/ee209b/ee209bta/TSMC180PDK/Standard_Cells_and_IO/180_G_Standard_Cell/core_cell_library/core_cell_library/7-track/tcb018gbwp7t_290a/TSMCHOME/digital/Front_End/timing_power_noise/CCS/tcb018gbwp7t_270a/tcb018gbwp7ttc_ccs.lib /w/class.1/ee/ee209b/ee209bta/TSMC180PDK/Standard_Cells_and_IO/180_G_Standard_IO/Standard_IO/Standard_IO/tpd018nv_280a/TSMCHOME/digital/Front_End/timing_power_noise/NLDM/tpd018nv_280a/tpd018nvtc.lib]" 
create_library_set -name NCCOM.extra_set -timing /w/class.1/ee/ee209b/ee209bta/TSMC180PDK/Standard_Cells_and_IO/180_G_Standard_Cell/core_cell_library/core_cell_library/7-track/tcb018gbwp7t_290a/TSMCHOME/digital/Front_End/timing_power_noise/CCS/tcb018gbwp7t_270a/tcb018gbwp7ttc_ccs.lib /w/class.1/ee/ee209b/ee209bta/TSMC180PDK/Standard_Cells_and_IO/180_G_Standard_IO/Standard_IO/Standard_IO/tpd018nv_280a/TSMCHOME/digital/Front_End/timing_power_noise/NLDM/tpd018nv_280a/tpd018nvtc.lib
@file(mmmc.tcl) 24: create_library_set -name NCCOM.extra_set -timing [list /w/class.1/ee/ee209b/ee209bta/TSMC180PDK/Standard_Cells_and_IO/180_G_Standard_Cell/core_cell_library/core_cell_library/7-track/tcb018gbwp7t_290a/TSMCHOME/digital/Front_End/timing_power_noise/CCS/tcb018gbwp7t_270a/tcb018gbwp7ttc_ccs.lib /w/class.1/ee/ee209b/ee209bta/TSMC180PDK/Standard_Cells_and_IO/180_G_Standard_IO/Standard_IO/Standard_IO/tpd018nv_280a/TSMCHOME/digital/Front_End/timing_power_noise/NLDM/tpd018nv_280a/tpd018nvtc.lib]
@file(mmmc.tcl) 25: puts "create_timing_condition -name NCCOM.extra_cond -library_sets [list NCCOM.extra_set]" 
create_timing_condition -name NCCOM.extra_cond -library_sets NCCOM.extra_set
@file(mmmc.tcl) 26: create_timing_condition -name NCCOM.extra_cond -library_sets [list NCCOM.extra_set]
@file(mmmc.tcl) 27: puts "create_rc_corner -name NCCOM.extra_rc -temperature 25.0 -qrc_tech /w/class.1/ee/ee209b/ee209bta/TSMC180PDK/EXTRAS/qrcTechFile -cap_table /w/class.1/ee/ee209b/ee209bta/TSMC180PDK/Standard_Cells_and_IO/180_G_Standard_Cell/core_cell_library/core_cell_library/7-track/tcb018gbwp7t_290a/TSMCHOME/digital/Back_End/lef/tcb018gbwp7t_270a/techfiles/captable/t018lo_1p6m_typical.captable" 
create_rc_corner -name NCCOM.extra_rc -temperature 25.0 -qrc_tech /w/class.1/ee/ee209b/ee209bta/TSMC180PDK/EXTRAS/qrcTechFile -cap_table /w/class.1/ee/ee209b/ee209bta/TSMC180PDK/Standard_Cells_and_IO/180_G_Standard_Cell/core_cell_library/core_cell_library/7-track/tcb018gbwp7t_290a/TSMCHOME/digital/Back_End/lef/tcb018gbwp7t_270a/techfiles/captable/t018lo_1p6m_typical.captable
@file(mmmc.tcl) 28: create_rc_corner -name NCCOM.extra_rc -temperature 25.0 -qrc_tech /w/class.1/ee/ee209b/ee209bta/TSMC180PDK/EXTRAS/qrcTechFile -cap_table /w/class.1/ee/ee209b/ee209bta/TSMC180PDK/Standard_Cells_and_IO/180_G_Standard_Cell/core_cell_library/core_cell_library/7-track/tcb018gbwp7t_290a/TSMCHOME/digital/Back_End/lef/tcb018gbwp7t_270a/techfiles/captable/t018lo_1p6m_typical.captable
@file(mmmc.tcl) 29: puts "create_delay_corner -name NCCOM.extra_delay -timing_condition NCCOM.extra_cond -rc_corner NCCOM.extra_rc" 
create_delay_corner -name NCCOM.extra_delay -timing_condition NCCOM.extra_cond -rc_corner NCCOM.extra_rc
@file(mmmc.tcl) 30: create_delay_corner -name NCCOM.extra_delay -timing_condition NCCOM.extra_cond -rc_corner NCCOM.extra_rc
@file(mmmc.tcl) 31: puts "create_analysis_view -name NCCOM.extra_view -delay_corner NCCOM.extra_delay -constraint_mode my_constraint_mode" 
create_analysis_view -name NCCOM.extra_view -delay_corner NCCOM.extra_delay -constraint_mode my_constraint_mode
@file(mmmc.tcl) 32: create_analysis_view -name NCCOM.extra_view -delay_corner NCCOM.extra_delay -constraint_mode my_constraint_mode
@file(mmmc.tcl) 33: puts "set_analysis_view -setup { WCCOM.setup_view } -hold { BCCOM.hold_view NCCOM.extra_view }" 
set_analysis_view -setup { WCCOM.setup_view } -hold { BCCOM.hold_view NCCOM.extra_view }
@file(mmmc.tcl) 34: set_analysis_view -setup { WCCOM.setup_view } -hold { BCCOM.hold_view NCCOM.extra_view }

Threads Configured:4

  Message Summary for Library both libraries:
  *******************************************
  Missing a function attribute in the output pin definition. [LBR-518]: 11
  An unsupported construct was detected in this library. [LBR-40]: 91
  *******************************************
 
Warning : Libraries have inconsistent nominal operating conditions. In the Liberty library, there are attributes called nom_voltage, nom_process and nom_temperature. Genus reports the message, if the respective values of the 2 given .libs differ. [LBR-38]
        : The libraries are 'tcb018gbwp7twc_ccs' and 'tpd018nvwc'.
        : This is a common source of delay calculation confusion and should be avoided.
Info    : Created nominal operating condition. [LBR-412]
        : Operating condition '_nominal_' was created for the PVT values (1.000000, 1.620000, 125.000000) in library 'tcb018gbwp7twc_ccs.lib'.
        : The nominal operating condition is represented, either by the nominal PVT values specified in the library source (via nom_process,nom_voltage and nom_temperature respectively), or by the default PVT values (1.0,1.0,1.0).
Info    : Created nominal operating condition. [LBR-412]
        : Operating condition '_nominal_' was created for the PVT values (1.000000, 3.000000, 125.000000) in library 'tpd018nvwc.lib'.
Warning : Library cell has no output pins defined. [LBR-9]
        : Library cell 'PRCUT' must have an output pin.
        : Add the missing output pin(s), then reload the library. Else the library cell will be marked as timing model i.e. unusable. Timing_model means that the cell does not have any defined function. If there is no output pin, Genus will mark library cell as unusable i.e. the attribute 'usable' will be marked to 'false' on the libcell. Therefore, the cell is not used for mapping and it will not be picked up from the library for synthesis. If you query the attribute 'unusable_reason' on the libcell; result will be: 'Library cell has no output pins.'Note: The message LBR-9 is only for the logical pins and not for the power_ground pins. Genus will depend upon the output function defined in the pin group (output pin) of the cell, to use it for mapping. The pg_pin will not have any function defined.
Warning : Library cell has no output pins defined. [LBR-9]
        : Library cell 'PRCUT' must have an output pin.
Warning : Library cell has no output pins defined. [LBR-9]
        : Library cell 'ANTENNABWP7T' must have an output pin.
Warning : Library cell has no output pins defined. [LBR-9]
        : Library cell 'ANTENNABWP7T' must have an output pin.
Warning : Library cell has no output pins defined. [LBR-9]
        : Library cell 'DCAP16BWP7T' must have an output pin.
Warning : Library cell has no output pins defined. [LBR-9]
        : Library cell 'DCAP16BWP7T' must have an output pin.
Warning : Library cell has no output pins defined. [LBR-9]
        : Library cell 'DCAP32BWP7T' must have an output pin.
Warning : Library cell has no output pins defined. [LBR-9]
        : Library cell 'DCAP32BWP7T' must have an output pin.
Warning : Library cell has no output pins defined. [LBR-9]
        : Library cell 'DCAP4BWP7T' must have an output pin.
Warning : Library cell has no output pins defined. [LBR-9]
        : Library cell 'DCAP4BWP7T' must have an output pin.
Warning : Library cell has no output pins defined. [LBR-9]
        : Library cell 'DCAP64BWP7T' must have an output pin.
Warning : Library cell has no output pins defined. [LBR-9]
        : Library cell 'DCAP64BWP7T' must have an output pin.
Warning : Library cell has no output pins defined. [LBR-9]
        : Library cell 'DCAP8BWP7T' must have an output pin.
Warning : Library cell has no output pins defined. [LBR-9]
        : Library cell 'DCAP8BWP7T' must have an output pin.
Warning : Library cell has no output pins defined. [LBR-9]
        : Library cell 'DCAPBWP7T' must have an output pin.
Warning : Library cell has no output pins defined. [LBR-9]
        : Library cell 'DCAPBWP7T' must have an output pin.
Warning : Library cell has no output pins defined. [LBR-9]
        : Library cell 'GDCAP10BWP7T' must have an output pin.
Warning : Library cell has no output pins defined. [LBR-9]
        : Library cell 'GDCAP10BWP7T' must have an output pin.
Warning : Library cell has no output pins defined. [LBR-9]
        : Library cell 'GDCAP2BWP7T' must have an output pin.
Warning : Library cell has no output pins defined. [LBR-9]
        : Library cell 'GDCAP2BWP7T' must have an output pin.
Warning : Maximum message print count reached. [MESG-11]
        : Maximum print count of '20' reached for message 'LBR-9'.
Warning : Found libraries with and without pg_pin construct. [LBR-12]
        : Libraries with and without pg_pin construct have been loaded.
        : This can lead to issues later in the flow.
Info    : Set default library domain. [LBR-109]
        : The default library domain is 'library_domain:WCCOM.setup_cond'.
#@ End verbose source /w/home.09/home/liyuyao864/ee209/prbs_project/build_ber_checker/syn-rundir/mmmc.tcl
@file(syn.tcl) 23: puts "read_physical -lef { /w/class.1/ee/ee209b/ee209bta/TSMC180PDK/EXTRAS/tsmc018_6lm4X1U_40KAUTM_7T.tlef /w/class.1/ee/ee209b/ee209bta/TSMC180PDK/Standard_Cells_and_IO/180_G_Standard_Cell/core_cell_library/core_cell_library/7-track/tcb018gbwp7t_290a/TSMCHOME/digital/Back_End/lef/tcb018gbwp7t_270a/lef/tcb018gbwp7t_6lm.lef /w/class.1/ee/ee209b/ee209bta/TSMC180PDK/EXTRAS/tpd018nv_6lm_modified.lef /w/class.1/ee/ee209b/ee209bta/TSMC180PDK/Standard_Cells_and_IO/180_G_Standard_IO/Standard_IO/Standard_IO/tpd018nv_280a/TSMCHOME/digital/../../../tpb018v_190a/TSMCHOME/digital/Back_End/lef/tpb018v_190a/cup/6lm/lef/tpb018v_6lm.lef }" 
read_physical -lef { /w/class.1/ee/ee209b/ee209bta/TSMC180PDK/EXTRAS/tsmc018_6lm4X1U_40KAUTM_7T.tlef /w/class.1/ee/ee209b/ee209bta/TSMC180PDK/Standard_Cells_and_IO/180_G_Standard_Cell/core_cell_library/core_cell_library/7-track/tcb018gbwp7t_290a/TSMCHOME/digital/Back_End/lef/tcb018gbwp7t_270a/lef/tcb018gbwp7t_6lm.lef /w/class.1/ee/ee209b/ee209bta/TSMC180PDK/EXTRAS/tpd018nv_6lm_modified.lef /w/class.1/ee/ee209b/ee209bta/TSMC180PDK/Standard_Cells_and_IO/180_G_Standard_IO/Standard_IO/Standard_IO/tpd018nv_280a/TSMCHOME/digital/../../../tpb018v_190a/TSMCHOME/digital/Back_End/lef/tpb018v_190a/cup/6lm/lef/tpb018v_6lm.lef }
@file(syn.tcl) 24: read_physical -lef { /w/class.1/ee/ee209b/ee209bta/TSMC180PDK/EXTRAS/tsmc018_6lm4X1U_40KAUTM_7T.tlef /w/class.1/ee/ee209b/ee209bta/TSMC180PDK/Standard_Cells_and_IO/180_G_Standard_Cell/core_cell_library/core_cell_library/7-track/tcb018gbwp7t_290a/TSMCHOME/digital/Back_End/lef/tcb018gbwp7t_270a/lef/tcb018gbwp7t_6lm.lef /w/class.1/ee/ee209b/ee209bta/TSMC180PDK/EXTRAS/tpd018nv_6lm_modified.lef /w/class.1/ee/ee209b/ee209bta/TSMC180PDK/Standard_Cells_and_IO/180_G_Standard_IO/Standard_IO/Standard_IO/tpd018nv_280a/TSMCHOME/digital/../../../tpb018v_190a/TSMCHOME/digital/Back_End/lef/tpb018v_190a/cup/6lm/lef/tpb018v_6lm.lef }
Warning : MASTERSLICE layer found after ROUTING or CUT layer. [PHYS-120]
        : MASTERSLICE layer 'POLY1' is defined after ROUTING layer 'METAL6'.
        : Masterslice layers are typically polysilicon layers. You must define layers in process order from bottom to top. Correct the layer order in the LEF file.
Warning : MASTERSLICE layer found after ROUTING or CUT layer. [PHYS-120]
        : MASTERSLICE layer 'POLY2' is defined after ROUTING layer 'METAL6'.
Warning : Routing layers are defined in previous LEF file already. [PHYS-109]
        : Routing layers are defined already, this layer 'METAL1' in file '/w/class.1/ee/ee209b/ee209bta/TSMC180PDK/Standard_Cells_and_IO/180_G_Standard_Cell/core_cell_library/core_cell_library/7-track/tcb018gbwp7t_290a/TSMCHOME/digital/Back_End/lef/tcb018gbwp7t_270a/lef/tcb018gbwp7t_6lm.lef' is ignored.
Warning : Routing layers are defined in previous LEF file already. [PHYS-109]
        : Routing layers are defined already, this layer 'METAL2' in file '/w/class.1/ee/ee209b/ee209bta/TSMC180PDK/Standard_Cells_and_IO/180_G_Standard_Cell/core_cell_library/core_cell_library/7-track/tcb018gbwp7t_290a/TSMCHOME/digital/Back_End/lef/tcb018gbwp7t_270a/lef/tcb018gbwp7t_6lm.lef' is ignored.
Warning : Routing layers are defined in previous LEF file already. [PHYS-109]
        : Routing layers are defined already, this layer 'METAL3' in file '/w/class.1/ee/ee209b/ee209bta/TSMC180PDK/Standard_Cells_and_IO/180_G_Standard_Cell/core_cell_library/core_cell_library/7-track/tcb018gbwp7t_290a/TSMCHOME/digital/Back_End/lef/tcb018gbwp7t_270a/lef/tcb018gbwp7t_6lm.lef' is ignored.
Warning : Routing layers are defined in previous LEF file already. [PHYS-109]
        : Routing layers are defined already, this layer 'METAL4' in file '/w/class.1/ee/ee209b/ee209bta/TSMC180PDK/Standard_Cells_and_IO/180_G_Standard_Cell/core_cell_library/core_cell_library/7-track/tcb018gbwp7t_290a/TSMCHOME/digital/Back_End/lef/tcb018gbwp7t_270a/lef/tcb018gbwp7t_6lm.lef' is ignored.
Warning : Routing layers are defined in previous LEF file already. [PHYS-109]
        : Routing layers are defined already, this layer 'METAL5' in file '/w/class.1/ee/ee209b/ee209bta/TSMC180PDK/Standard_Cells_and_IO/180_G_Standard_Cell/core_cell_library/core_cell_library/7-track/tcb018gbwp7t_290a/TSMCHOME/digital/Back_End/lef/tcb018gbwp7t_270a/lef/tcb018gbwp7t_6lm.lef' is ignored.
Warning : Routing layers are defined in previous LEF file already. [PHYS-109]
        : Routing layers are defined already, this layer 'METAL6' in file '/w/class.1/ee/ee209b/ee209bta/TSMC180PDK/Standard_Cells_and_IO/180_G_Standard_Cell/core_cell_library/core_cell_library/7-track/tcb018gbwp7t_290a/TSMCHOME/digital/Back_End/lef/tcb018gbwp7t_270a/lef/tcb018gbwp7t_6lm.lef' is ignored.
Warning : Site already defined before, duplicated site will be ignored. [PHYS-106]
        : Site 'core7T' read already, this site in file '/w/class.1/ee/ee209b/ee209bta/TSMC180PDK/Standard_Cells_and_IO/180_G_Standard_Cell/core_cell_library/core_cell_library/7-track/tcb018gbwp7t_290a/TSMCHOME/digital/Back_End/lef/tcb018gbwp7t_270a/lef/tcb018gbwp7t_6lm.lef' is ignored.
Warning : Site already defined before, duplicated site will be ignored. [PHYS-106]
        : Site 'bcore7T' read already, this site in file '/w/class.1/ee/ee209b/ee209bta/TSMC180PDK/Standard_Cells_and_IO/180_G_Standard_Cell/core_cell_library/core_cell_library/7-track/tcb018gbwp7t_290a/TSMCHOME/digital/Back_End/lef/tcb018gbwp7t_270a/lef/tcb018gbwp7t_6lm.lef' is ignored.
Warning : Site already defined before, duplicated site will be ignored. [PHYS-106]
        : Site 'bcoreExt7T' read already, this site in file '/w/class.1/ee/ee209b/ee209bta/TSMC180PDK/Standard_Cells_and_IO/180_G_Standard_Cell/core_cell_library/core_cell_library/7-track/tcb018gbwp7t_290a/TSMCHOME/digital/Back_End/lef/tcb018gbwp7t_270a/lef/tcb018gbwp7t_6lm.lef' is ignored.
Warning : Site already defined before, duplicated site will be ignored. [PHYS-106]
        : Site 'ccore7T' read already, this site in file '/w/class.1/ee/ee209b/ee209bta/TSMC180PDK/Standard_Cells_and_IO/180_G_Standard_Cell/core_cell_library/core_cell_library/7-track/tcb018gbwp7t_290a/TSMCHOME/digital/Back_End/lef/tcb018gbwp7t_270a/lef/tcb018gbwp7t_6lm.lef' is ignored.
Warning : Site already defined before, duplicated site will be ignored. [PHYS-106]
        : Site 'dcore7T' read already, this site in file '/w/class.1/ee/ee209b/ee209bta/TSMC180PDK/Standard_Cells_and_IO/180_G_Standard_Cell/core_cell_library/core_cell_library/7-track/tcb018gbwp7t_290a/TSMCHOME/digital/Back_End/lef/tcb018gbwp7t_270a/lef/tcb018gbwp7t_6lm.lef' is ignored.
Warning : Site already defined before, duplicated site will be ignored. [PHYS-106]
        : Site 'gacore7T' read already, this site in file '/w/class.1/ee/ee209b/ee209bta/TSMC180PDK/Standard_Cells_and_IO/180_G_Standard_Cell/core_cell_library/core_cell_library/7-track/tcb018gbwp7t_290a/TSMCHOME/digital/Back_End/lef/tcb018gbwp7t_270a/lef/tcb018gbwp7t_6lm.lef' is ignored.

  According to lef_library, there are total 6 routing layers [ V(3) / H(3) ]

Warning : The variant range of wire parameters is too large. An example of wire parameters are, a WIDTH for layer, PITCH for layer, MINSPACING for layers, etc. [PHYS-12]
        : The variant range (0.23, 2.6) of 'WIDTH' for layers 'METAL1' and 'METAL6' is too large.
        : Check the consistency of the parameters, and see if you can ignore this message or you're using different LEF file with wrong parameters.
Warning : The variant range of wire parameters is too large. An example of wire parameters are, a WIDTH for layer, PITCH for layer, MINSPACING for layers, etc. [PHYS-12]
        : The variant range (0.23, 2.5) of 'MINSPACING' for layers 'METAL1' and 'METAL6' is too large.
  Libraries have 344 usable logic and 147 usable sequential lib-cells.
Warning : Physical cell not defined in library. [PHYS-279]
        : The physical (LEF) cell FILL16BWP7T cannot be found in library.
        : Ensure that the proper library files are available and have been imported.
Warning : Physical cell not defined in library. [PHYS-279]
        : The physical (LEF) cell FILL1BWP7T cannot be found in library.
Warning : Physical cell not defined in library. [PHYS-279]
        : The physical (LEF) cell FILL2BWP7T cannot be found in library.
Warning : Physical cell not defined in library. [PHYS-279]
        : The physical (LEF) cell FILL32BWP7T cannot be found in library.
Warning : Physical cell not defined in library. [PHYS-279]
        : The physical (LEF) cell FILL4BWP7T cannot be found in library.
Warning : Physical cell not defined in library. [PHYS-279]
        : The physical (LEF) cell FILL64BWP7T cannot be found in library.
Warning : Physical cell not defined in library. [PHYS-279]
        : The physical (LEF) cell FILL8BWP7T cannot be found in library.
Warning : Physical cell not defined in library. [PHYS-279]
        : The physical (LEF) cell TAPCELLBWP7T cannot be found in library.
Warning : Physical cell not defined in library. [PHYS-279]
        : The physical (LEF) cell PCORNER cannot be found in library.
Warning : Physical cell not defined in library. [PHYS-279]
        : The physical (LEF) cell PFILLER0005 cannot be found in library.
Warning : Physical cell not defined in library. [PHYS-279]
        : The physical (LEF) cell PFILLER05 cannot be found in library.
Warning : Physical cell not defined in library. [PHYS-279]
        : The physical (LEF) cell PFILLER1 cannot be found in library.
Warning : Physical cell not defined in library. [PHYS-279]
        : The physical (LEF) cell PFILLER10 cannot be found in library.
Warning : Physical cell not defined in library. [PHYS-279]
        : The physical (LEF) cell PFILLER20 cannot be found in library.
Warning : Physical cell not defined in library. [PHYS-279]
        : The physical (LEF) cell PFILLER5 cannot be found in library.
Warning : Library cell pin 'use' attribute is inconsistent between lib and LEF. [PHYS-128]
        : Pin 'VDD' of library cell 'PVDD1CDG' is marked as POWER in LEF file.
        : Overriding lib value with LEF value. To use .lib as golden do: '::legacy::set_attribute use_power_ground_pin_from_lef false'.
Warning : Library cell pin 'use' attribute is inconsistent between lib and LEF. [PHYS-128]
        : Pin 'VDDPST' of library cell 'PVDD2CDG' is marked as POWER in LEF file.
Warning : Library cell pin 'use' attribute is inconsistent between lib and LEF. [PHYS-128]
        : Pin 'VSS' of library cell 'PVSS1CDG' is marked as GROUND in LEF file.
Warning : Library cell pin 'use' attribute is inconsistent between lib and LEF. [PHYS-128]
        : Pin 'VSSPST' of library cell 'PVSS2CDG' is marked as GROUND in LEF file.
Warning : Library cell pin 'use' attribute is inconsistent between lib and LEF. [PHYS-128]
        : Pin 'VSS' of library cell 'PVSS3CDG' is marked as GROUND in LEF file.
Warning : Physical cell not defined in library. [PHYS-279]
        : The physical (LEF) cell PAD50LAU_OBV cannot be found in library.
Warning : Physical cell not defined in library. [PHYS-279]
        : The physical (LEF) cell PAD50LAU_SM cannot be found in library.
Warning : Physical cell not defined in library. [PHYS-279]
        : The physical (LEF) cell PAD50LAU_TRL cannot be found in library.
Warning : Physical cell not defined in library. [PHYS-279]
        : The physical (LEF) cell PAD60LAU_OBV cannot be found in library.
Warning : Physical cell not defined in library. [PHYS-279]
        : The physical (LEF) cell PAD60LAU_SL_OBV cannot be found in library.
Warning : Maximum message print count reached. [MESG-11]
        : Maximum print count of '20' reached for message 'PHYS-279'.
@file(syn.tcl) 25: puts "read_hdl -sv { /w/home.09/home/liyuyao864/ee209/prbs_project/rtl/prbs_core.sv /w/home.09/home/liyuyao864/ee209/prbs_project/rtl/prbs_ctrl.sv /w/home.09/home/liyuyao864/ee209/prbs_project/rtl/prbs_top.sv /w/home.09/home/liyuyao864/ee209/prbs_project/rtl/prbs15_core.sv /w/home.09/home/liyuyao864/ee209/prbs_project/rtl/prbs15_ctrl.sv /w/home.09/home/liyuyao864/ee209/prbs_project/rtl/prbs15_top.sv /w/home.09/home/liyuyao864/ee209/prbs_project/rtl/prbs_gen_top.sv /w/home.09/home/liyuyao864/ee209/prbs_project/rtl/ber_checker_top.sv }" 
read_hdl -sv { /w/home.09/home/liyuyao864/ee209/prbs_project/rtl/prbs_core.sv /w/home.09/home/liyuyao864/ee209/prbs_project/rtl/prbs_ctrl.sv /w/home.09/home/liyuyao864/ee209/prbs_project/rtl/prbs_top.sv /w/home.09/home/liyuyao864/ee209/prbs_project/rtl/prbs15_core.sv /w/home.09/home/liyuyao864/ee209/prbs_project/rtl/prbs15_ctrl.sv /w/home.09/home/liyuyao864/ee209/prbs_project/rtl/prbs15_top.sv /w/home.09/home/liyuyao864/ee209/prbs_project/rtl/prbs_gen_top.sv /w/home.09/home/liyuyao864/ee209/prbs_project/rtl/ber_checker_top.sv }
@file(syn.tcl) 26: read_hdl -sv { /w/home.09/home/liyuyao864/ee209/prbs_project/rtl/prbs_core.sv /w/home.09/home/liyuyao864/ee209/prbs_project/rtl/prbs_ctrl.sv /w/home.09/home/liyuyao864/ee209/prbs_project/rtl/prbs_top.sv /w/home.09/home/liyuyao864/ee209/prbs_project/rtl/prbs15_core.sv /w/home.09/home/liyuyao864/ee209/prbs_project/rtl/prbs15_ctrl.sv /w/home.09/home/liyuyao864/ee209/prbs_project/rtl/prbs15_top.sv /w/home.09/home/liyuyao864/ee209/prbs_project/rtl/prbs_gen_top.sv /w/home.09/home/liyuyao864/ee209/prbs_project/rtl/ber_checker_top.sv }
@file(syn.tcl) 27: puts "elaborate ber_checker_top" 
elaborate ber_checker_top
@file(syn.tcl) 28: elaborate ber_checker_top
Info    : Elaborating Design. [ELAB-1]
        : Elaborating top-level block 'ber_checker_top' from file '/w/home.09/home/liyuyao864/ee209/prbs_project/rtl/ber_checker_top.sv'.
Info    : Done Elaborating Design. [ELAB-3]
        : Done elaborating 'ber_checker_top'.
Checking for analog nets...
Check completed for analog nets.
Checking for source RTL...
Check completed for source RTL.
Running Unified Mux Engine Tricks...
Completed Unified Mux Engine Tricks

Stage: post_elab
-------------------------------------------------------
| Trick             | Accepts | Rejects | Runtime (s) | 
-------------------------------------------------------
| ume_constant_bmux |       0 |       0 |        0.00 | 
-------------------------------------------------------
Starting clip mux common data inputs [v1.0] (stage: post_elab, startdef: ber_checker_top, recur: true)
Completed clip mux common data inputs (accepts: 0, rejects: 0, runtime: 0.000s)
Starting clip the non-user hierarchies [v2.0] (stage: post_elab, startdef: ber_checker_top, recur: true)
Completed clip the non-user hierarchies (accepts: 0, rejects: 0, runtime: 0.000s)

Stage: post_elab
--------------------------------------------------------
| Transform          | Accepts | Rejects | Runtime (s) | 
--------------------------------------------------------
| hlo_clip_mux_input |       0 |       0 |        0.00 | 
| hlo_clip           |       0 |       0 |        0.00 | 
--------------------------------------------------------
UM:   flow.cputime  flow.realtime  timing.setup.tns  timing.setup.wns  snapshot
UM:*                                                                   elaborate
@file(syn.tcl) 29: puts "init_design -top ber_checker_top" 
init_design -top ber_checker_top
@file(syn.tcl) 30: init_design -top ber_checker_top
Started checking and loading power intent for design ber_checker_top...
=======================================================================
No power intent for design 'ber_checker_top'.
Completed checking and loading power intent for design ber_checker_top (runtime:0.00s memory_usage:0.00M peak_memory:0.00M).
============================================================================================================================
#
# Reading SDC /w/home.09/home/liyuyao864/ee209/prbs_project/build_ber_checker/syn-rundir/clock_constraints_fragment.sdc for view:WCCOM.setup_view (constraint_mode:my_constraint_mode)
#
Statistics for commands executed by read_sdc:
 "create_clock"             - successful      1 , failed      0 (runtime  0.00)
 "set_clock_groups"         - successful      1 , failed      0 (runtime  0.00)
read_sdc completed in 00:00:00 (hh:mm:ss)
#
# Reading SDC /w/home.09/home/liyuyao864/ee209/prbs_project/build_ber_checker/syn-rundir/pin_constraints_fragment.sdc for view:WCCOM.setup_view (constraint_mode:my_constraint_mode)
#
Statistics for commands executed by read_sdc:
 "all_outputs"              - successful      1 , failed      0 (runtime  0.00)
 "set_load"                 - successful      1 , failed      0 (runtime  0.00)
read_sdc completed in 00:00:00 (hh:mm:ss)

  According to qrc_tech_file, there are total 6 routing layers [ V(3) / H(3) ]


  According to qrc_tech_file, there are total 6 routing layers [ V(3) / H(3) ]

Warning : Minimum width of layer in LEF does not match minimum width of layer in cap table. [PHYS-25]
        : After applying shrink factor, minimum width of layer 'METAL6' in lef is '2.6', minimum width of layer 'METAL_6' in technology file is '0.44'.
        : Compare the layer MinWidth of the cap_table_file with the MinWidth (WIDTH) of the corresponding layer in LEF. Set the attribute 'shrink_factor' to adjust the MinWidth layer value in the captable file

  According to qrc_tech_file, there are total 6 routing layers [ V(3) / H(3) ]


  According to qrc_tech_file, there are total 6 routing layers [ V(3) / H(3) ]

  Setting attribute of root '/': 'read_qrc_tech_file_rc_corner' = true
@file(syn.tcl) 31: puts "set_db root: .auto_ungroup none" 
set_db root: .auto_ungroup none
@file(syn.tcl) 32: set_db root: .auto_ungroup none
  Setting attribute of root '/': 'auto_ungroup' = none
@file(syn.tcl) 33: puts "set_units -capacitance 1.0pF" 
set_units -capacitance 1.0pF
@file(syn.tcl) 34: set_units -capacitance 1.0pF
@file(syn.tcl) 35: puts "set_load_unit -picofarads 1" 
set_load_unit -picofarads 1
@file(syn.tcl) 36: set_load_unit -picofarads 1
@file(syn.tcl) 37: puts "set_units -time 1.0ns" 
set_units -time 1.0ns
@file(syn.tcl) 38: set_units -time 1.0ns
@file(syn.tcl) 40: puts "set_dont_use \[get_db lib_cells */G*\]"
set_dont_use [get_db lib_cells */G*]
@file(syn.tcl) 41: if { [get_db lib_cells */G*] ne "" } {
    set_dont_use [get_db lib_cells */G*]
} else {
    puts "WARNING: cell */G* was not found for set_dont_use"
}
@file(syn.tcl) 47: puts "write_db -to_file pre_genus_syn_with_preserve" 
write_db -to_file pre_genus_syn_with_preserve
@file(syn.tcl) 48: write_db -to_file pre_genus_syn_with_preserve
Finished exporting design database to file 'pre_genus_syn_with_preserve' for 'ber_checker_top' (command execution time mm:ss cpu = 00:01, real = 00:01).
@file(syn.tcl) 49: puts "syn_generic" 
syn_generic
@file(syn.tcl) 50: syn_generic

Stage: pre_early_cg
-----------------------------------------------
| Transform | Accepts | Rejects | Runtime (s) | 
-----------------------------------------------
-----------------------------------------------
##Generic Timing Info for library domain: WCCOM.setup_cond typical gate delay: 147.7 ps std_slew: 35.0 ps std_load: 8.4 fF
Starting mux data reorder optimization [v1.0] (stage: pre_to_gen_setup, startdef: ber_checker_top, recur: true)
Completed mux data reorder optimization (accepts: 0, rejects: 0, runtime: 0.000s)

Stage: pre_to_gen_setup
-----------------------------------------------------
| Transform       | Accepts | Rejects | Runtime (s) | 
-----------------------------------------------------
| hlo_mux_reorder |       0 |       0 |        0.00 | 
-----------------------------------------------------
Current PLE settings:

Aspect ratio        : 1.000
Shrink factor       : 1.000
Scale of res/length : 1.000
Scale of cap/length : 1.000
Net derating factor : 1.000
Thermal factor      : 1.337
Via Resistance      : 6.983 ohm (from qrc_tech_file)
Site size           : 4.480 um (from lef [tech+cell])

                                   Capacitance    
  Layer                             / Length           Data source:
Name        Direction Utilization  (pF/micron)         qrc_tech_file
--------------------------------------------------
METAL_1         H         0.00        0.000267    
METAL_2         V         1.00        0.000241    
METAL_3         H         1.00        0.000241    
METAL_4         V         1.00        0.000242    
METAL_5         H         1.00        0.000240    
METAL_6         V         1.00        0.000293 ** 

** = 'METAL_6' is dropped because its width (2.6) is too large (threshold 2)

                                    Resistance     
  Layer                              / Length           Data source:
Name        Direction Utilization  (ohm/micron)         qrc_tech_file
---------------------------------------------------
METAL_1         H         0.00         0.451790    
METAL_2         V         1.00         0.371113    
METAL_3         H         1.00         0.371113    
METAL_4         V         1.00         0.371113    
METAL_5         H         1.00         0.371113    
METAL_6         V         1.00         0.111178 ** 

** = 'METAL_6' is dropped because its width (2.6) is too large (threshold 2)

                                        Area       
  Layer                               / Length          Data source:
Name        Direction Utilization     (micron)          lef_library
---------------------------------------------------
METAL1          H         0.00         0.230000    
METAL2          V         1.00         0.280000    
METAL3          H         1.00         0.280000    
METAL4          V         1.00         0.280000    
METAL5          H         1.00         0.280000    
METAL6          V         1.00         2.600000 ** 

** = 'METAL6' is dropped because its width (2.6) is too large (threshold 2)

Info    : Synthesizing. [SYNTH-1]
        : Synthesizing 'ber_checker_top' to generic gates using 'medium' effort.
Running Synthesis Turbo Flow Version 1.
PBS_Generic-Start - Elapsed_Time 0, CPU_Time 0.0
stamp 'PBS_Generic-Start' being created for table 'pbs_debug'

  Total Time (Wall) |  Stage Time (Wall)  |   % (Wall)   |    Date - Time     |  Memory   | Stage
--------------------+---------------------+--------------+--------------------+-----------+----------------------
 00:00:29(00:00:14) |  00:00:00(00:00:00) |   0.0(  0.0) |   17:12:42 (Apr08) |  604.6 MB | PBS_Generic-Start
--------------------+---------------------+--------------+--------------------+-----------+----------------------
Number of threads: 4 * 1   (id: pbs_debug, time_info v1.57)
Info: (*N*) indicates data that was populated from previously saved time_info database
Info: CPU time includes time of parent + longest thread
TNS Restructuring config: no_value at stage: generic applied.
Info    : Partition Based Synthesis execution skipped. [PHYS-752]
        : Design size is less than the partition size '100000' for distributed generic optimization to kick in.
Starting mux data reorder optimization [v1.0] (stage: pre_to_gen_setup, startdef: ber_checker_top, recur: true)
Completed mux data reorder optimization (accepts: 0, rejects: 0, runtime: 0.000s)

Stage: pre_to_gen_setup
-----------------------------------------------------
| Transform       | Accepts | Rejects | Runtime (s) | 
-----------------------------------------------------
| hlo_mux_reorder |       0 |       0 |        0.00 | 
-----------------------------------------------------
Starting mux data reorder optimization [v1.0] (stage: post_to_gen_setup, startdef: ber_checker_top, recur: true)
Completed mux data reorder optimization (accepts: 0, rejects: 0, runtime: 0.000s)

Stage: post_to_gen_setup
-----------------------------------------------------
| Transform       | Accepts | Rejects | Runtime (s) | 
-----------------------------------------------------
| hlo_mux_reorder |       0 |       0 |        0.00 | 
-----------------------------------------------------
Current PLE settings:

Aspect ratio        : 1.000
Shrink factor       : 1.000
Scale of res/length : 1.000
Scale of cap/length : 1.000
Net derating factor : 1.000
Thermal factor      : 1.337
Via Resistance      : 6.983 ohm (from qrc_tech_file)
Site size           : 4.480 um (from lef [tech+cell])

                                   Capacitance    
  Layer                             / Length           Data source:
Name        Direction Utilization  (pF/micron)         qrc_tech_file
--------------------------------------------------
METAL_1         H         0.00        0.000267    
METAL_2         V         1.00        0.000241    
METAL_3         H         1.00        0.000241    
METAL_4         V         1.00        0.000242    
METAL_5         H         1.00        0.000240    
METAL_6         V         1.00        0.000293 ** 

** = 'METAL_6' is dropped because its width (2.6) is too large (threshold 2)

                                    Resistance     
  Layer                              / Length           Data source:
Name        Direction Utilization  (ohm/micron)         qrc_tech_file
---------------------------------------------------
METAL_1         H         0.00         0.451790    
METAL_2         V         1.00         0.371113    
METAL_3         H         1.00         0.371113    
METAL_4         V         1.00         0.371113    
METAL_5         H         1.00         0.371113    
METAL_6         V         1.00         0.111178 ** 

** = 'METAL_6' is dropped because its width (2.6) is too large (threshold 2)

                                        Area       
  Layer                               / Length          Data source:
Name        Direction Utilization     (micron)          lef_library
---------------------------------------------------
METAL1          H         0.00         0.230000    
METAL2          V         1.00         0.280000    
METAL3          H         1.00         0.280000    
METAL4          V         1.00         0.280000    
METAL5          H         1.00         0.280000    
METAL6          V         1.00         2.600000 ** 

** = 'METAL6' is dropped because its width (2.6) is too large (threshold 2)

Running Unified Mux Engine Tricks...
Completed Unified Mux Engine Tricks

Stage: pre_hlo_rtlopt
-------------------------------------------
| Trick | Accepts | Rejects | Runtime (s) | 
-------------------------------------------
-------------------------------------------
Starting infer macro optimization [v1.0] (stage: pre_rtlopt, startdef: ber_checker_top, recur: true)
Completed infer macro optimization (accepts: 0, rejects: 0, runtime: 0.000s)
Starting decode mux sandwich optimization [v2.0] (stage: pre_rtlopt, startdef: ber_checker_top, recur: true)
Completed decode mux sandwich optimization (accepts: 0, rejects: 0, runtime: 0.000s)
Starting decode mux optimization [v1.0] (stage: pre_rtlopt, startdef: ber_checker_top, recur: true)
Completed decode mux optimization (accepts: 0, rejects: 0, runtime: 0.000s)
Starting chop wide muxes [v1.0] (stage: pre_rtlopt, startdef: ber_checker_top, recur: true)
Completed chop wide muxes (accepts: 0, rejects: 0, runtime: 0.000s)
Starting common data mux cascade opt [v1.0] (stage: pre_rtlopt, startdef: ber_checker_top, recur: true)
Completed common data mux cascade opt (accepts: 0, rejects: 0, runtime: 0.000s)
Starting mux input consolidation [v1.0] (stage: pre_rtlopt, startdef: ber_checker_top, recur: true)
Completed mux input consolidation (accepts: 0, rejects: 0, runtime: 0.000s)
Starting constant-data mux optimization [v1.0] (stage: pre_rtlopt, startdef: ber_checker_top, recur: true)
Completed constant-data mux optimization (accepts: 0, rejects: 0, runtime: 0.000s)
Starting chain-to-tree inequality transform [v2.0] (stage: pre_rtlopt, startdef: ber_checker_top, recur: true)
Completed chain-to-tree inequality transform (accepts: 0, rejects: 0, runtime: 0.000s)
Starting reconvergence optimization [v1.0] (stage: pre_rtlopt, startdef: ber_checker_top, recur: true)
Completed reconvergence optimization (accepts: 0, rejects: 0, runtime: 0.000s)
Starting logic restructure optimization [v1.0] (stage: pre_rtlopt, startdef: ber_checker_top, recur: true)
Completed logic restructure optimization (accepts: 0, rejects: 0, runtime: 0.000s)
Starting common select mux optimization [v1.0] (stage: pre_rtlopt, startdef: ber_checker_top, recur: true)
Completed common select mux optimization (accepts: 0, rejects: 0, runtime: 0.000s)
Starting identity transform [v3.0] (stage: pre_rtlopt, startdef: ber_checker_top, recur: true)
Completed identity transform (accepts: 0, rejects: 0, runtime: 0.001s)
Starting reduce operator chain [v1.0] (stage: pre_rtlopt, startdef: ber_checker_top, recur: true)
Completed reduce operator chain (accepts: 0, rejects: 0, runtime: 0.000s)
Starting common data mux cascade opt [v1.0] (stage: pre_rtlopt, startdef: ber_checker_top, recur: true)
Completed common data mux cascade opt (accepts: 0, rejects: 0, runtime: 0.000s)
Starting mux input consolidation [v1.0] (stage: pre_rtlopt, startdef: ber_checker_top, recur: true)
Completed mux input consolidation (accepts: 0, rejects: 0, runtime: 0.000s)
Starting optimize datapath elements [v1.0] (stage: pre_rtlopt, startdef: ber_checker_top, recur: true)
Completed optimize datapath elements (accepts: 0, rejects: 0, runtime: 0.000s)
Starting datapath recasting [v1.0] (stage: pre_rtlopt, startdef: ber_checker_top, recur: true)
Completed datapath recasting (accepts: 0, rejects: 0, runtime: 0.000s)
Starting clip mux common data inputs [v1.0] (stage: pre_rtlopt, startdef: ber_checker_top, recur: true)
Completed clip mux common data inputs (accepts: 0, rejects: 0, runtime: 0.000s)
Starting clip the non-user hierarchies [v2.0] (stage: pre_rtlopt, startdef: ber_checker_top, recur: true)
Completed clip the non-user hierarchies (accepts: 0, rejects: 0, runtime: 0.000s)

Stage: pre_rtlopt
---------------------------------------------------------------
| Transform                 | Accepts | Rejects | Runtime (s) | 
---------------------------------------------------------------
| hlo_infer_macro           |       0 |       0 |        0.00 | 
| hlo_decode_mux_sandwich   |       0 |       0 |        0.00 | 
| hlo_mux_decode            |       0 |       0 |        0.00 | 
| hlo_chop_mux              |       0 |       0 |        0.00 | 
| hlo_mux_cascade_opt       |       0 |       0 |        0.00 | 
| hlo_mux_consolidation     |       0 |       0 |        0.00 | 
| hlo_constant_mux_opt      |       0 |       0 |        0.00 | 
| hlo_inequality_transform  |       0 |       0 |        0.00 | 
| hlo_reconv_opt            |       0 |       0 |        0.00 | 
| hlo_restructure           |       0 |       0 |        0.00 | 
| hlo_common_select_muxopto |       0 |       0 |        0.00 | 
| hlo_identity_transform    |       0 |       0 |        0.00 | 
| hlo_reduce_operator_chain |       0 |       0 |        0.00 | 
| hlo_mux_cascade_opt       |       0 |       0 |        0.00 | 
| hlo_mux_consolidation     |       0 |       0 |        0.00 | 
| hlo_optimize_datapath     |       0 |       0 |        0.00 | 
| hlo_datapath_recast       |       0 |       0 |        0.00 | 
| hlo_clip_mux_input        |       0 |       0 |        0.00 | 
| hlo_clip                  |       0 |       0 |        0.00 | 
---------------------------------------------------------------
Running Unified Mux Engine Tricks...
Completed Unified Mux Engine Tricks

Stage: post_hlo_rtlopt
-------------------------------------------------
| Trick       | Accepts | Rejects | Runtime (s) | 
-------------------------------------------------
| ume_runtime |       0 |       0 |        0.00 | 
-------------------------------------------------
Number of big hc bmuxes before = 0
Info    : Pre-processed datapath logic. [DPOPT-6]
        : No pre-processing optimizations applied to datapath logic in 'ber_checker_top'.
Info    : Optimizing datapath logic. [DPOPT-1]
        : Optimizing datapath logic in 'ber_checker_top'.
Info    : Implementing datapath configurations. [DPOPT-3]
        : Implementing datapath configurations for 'CDN_DP_region_0_0'
CSAGen Prep Share:0 Re-Write:0 Speculation: 0
MaxCSA: Successfully built Maximal CSA Expression Expr0
MaxCSA: Successfully built Maximal CSA Expression Expr1
CDN_DP_region_0_0 level = 0 loads = 0 drivers = 0
CDN_DP_region_0_0_c0 in ber_checker_top: area: 25602872488 ,dp = 2 mux = 2 sg = slow         worst_clk_period: -1.0000 
    wns: 0  norm_wns:  -1.0000 
    fail_endp: -1 
    tns:  0  tns_per_endp:  -1.0000   norm_tns_per_endp:  -1.0000 
    tns_sense_max:  -1.0000  tns_sense_avg:  -1.0000   tns_sense_num: -1
    power:  -9223372036854775808  
 skipped
CDN_DP_region_0_0_c1 in ber_checker_top: area: 20792820344 ,dp = 2 mux = 2 sg = fast         worst_clk_period: -1.0000 
    wns: 0  norm_wns:  -1.0000 
    fail_endp: -1 
    tns:  0  tns_per_endp:  -1.0000   norm_tns_per_endp:  -1.0000 
    tns_sense_max:  -1.0000  tns_sense_avg:  -1.0000   tns_sense_num: -1
    power:  -9223372036854775808  
 is current best
CDN_DP_region_0_0_c2 in ber_checker_top: area: 20792820344 ,dp = 2 mux = 2 sg = very_slow    worst_clk_period: -1.0000 
    wns: 0  norm_wns:  -1.0000 
    fail_endp: -1 
    tns:  0  tns_per_endp:  -1.0000   norm_tns_per_endp:  -1.0000 
    tns_sense_max:  -1.0000  tns_sense_avg:  -1.0000   tns_sense_num: -1
    power:  -9223372036854775808  
 is current best
CDN_DP_region_0_0_c3 in ber_checker_top: area: 20792820344 ,dp = 2 mux = 2 sg = very_fast    worst_clk_period: -1.0000 
    wns: 0  norm_wns:  -1.0000 
    fail_endp: -1 
    tns:  0  tns_per_endp:  -1.0000   norm_tns_per_endp:  -1.0000 
    tns_sense_max:  -1.0000  tns_sense_avg:  -1.0000   tns_sense_num: -1
    power:  -9223372036854775808  
 is current best
CDN_DP_region_0_0_c4 in ber_checker_top: area: 20792820344 ,dp = 2 mux = 2 sg = very_fast    worst_clk_period: -1.0000 
    wns: 0  norm_wns:  -1.0000 
    fail_endp: -1 
    tns:  0  tns_per_endp:  -1.0000   norm_tns_per_endp:  -1.0000 
    tns_sense_max:  -1.0000  tns_sense_avg:  -1.0000   tns_sense_num: -1
    power:  -9223372036854775808  
 is current best
CDN_DP_region_0_0_c5 in ber_checker_top: area: 20792820344 ,dp = 2 mux = 2 sg = very_fast    worst_clk_period: -1.0000 
    wns: 0  norm_wns:  -1.0000 
    fail_endp: -1 
    tns:  0  tns_per_endp:  -1.0000   norm_tns_per_endp:  -1.0000 
    tns_sense_max:  -1.0000  tns_sense_avg:  -1.0000   tns_sense_num: -1
    power:  -9223372036854775808  
 is current best
CDN_DP_region_0_0_c6 in ber_checker_top: area: 20792820344 ,dp = 2 mux = 2 sg = very_fast    worst_clk_period: -1.0000 
    wns: 0  norm_wns:  -1.0000 
    fail_endp: -1 
    tns:  0  tns_per_endp:  -1.0000   norm_tns_per_endp:  -1.0000 
    tns_sense_max:  -1.0000  tns_sense_avg:  -1.0000   tns_sense_num: -1
    power:  -9223372036854775808  
 is current best
CDN_DP_region_0_0_c7 in ber_checker_top: area: 20792820344 ,dp = 2 mux = 2 sg = very_fast    worst_clk_period: -1.0000 
    wns: 0  norm_wns:  -1.0000 
    fail_endp: -1 
    tns:  0  tns_per_endp:  -1.0000   norm_tns_per_endp:  -1.0000 
    tns_sense_max:  -1.0000  tns_sense_avg:  -1.0000   tns_sense_num: -1
    power:  -9223372036854775808  
 is current best
Best config: CDN_DP_region_0_0_c7 in ber_checker_top: area: 20792820344 ,dp = 2 mux = 2 sg = very_fast    worst_clk_period: -1.0000 
    wns: 0  norm_wns:  -1.0000 
    fail_endp: -1 
    tns:  0  tns_per_endp:  -1.0000   norm_tns_per_endp:  -1.0000 
    tns_sense_max:  -1.0000  tns_sense_avg:  -1.0000   tns_sense_num: -1
    power:  -9223372036854775808  
  Smallest config area : 20792820344.  Fastest config wns;  0
##>+----------------------------------------------------------------------------------------------------------------------------------------------------------------+
##>Summary table of configs (Best config is CDN_DP_region_0_0_c7)
##>+----------------------------------------------------------------------------------------------------------------------------------------------------------------+
##>                     0                  1                  2                  3                  4                  5                  6                  7            
##>+----------------------------------------------------------------------------------------------------------------------------------------------------------------+
##>           Area      25602872488        20792820344        20792820344        20792820344        20792820344        20792820344        20792820344        20792820344  
##>            WNS         +1804.30           +2054.30           +2054.30           +2054.30           +2054.30           +2054.30           +2054.30           +2054.30  
##>            TNS                0                  0                  0                  0                  0                  0                  0                  0  
##>    Num Rewrite                0                  0                  0                  0                  0                  0                  0                  0  
##>     Num Factor                0                  0                  0                  0                  0                  0                  0                  0  
##>      Num Share                0                  0                  0                  0                  0                  0                  0                  0  
##>   Num CmultCse                0                  0                  0                  0                  0                  0                  0                  0  
##>   Num Downsize                0                  0                  0                  0                  0                  0                  0                  0  
##>  Num Speculate                0                  0                  0                  0                  0                  0                  0                  0  
##>     Runtime(s)                0                  0                  0                  0                  0                  0                  0                  0  
+----------------------------------------------------------------------------------------------------------------------------------------------------------------+
##>
##>
##>+-----------------------------------------------------------------------------------------------------------------------------------------------------------------------------------------------------+
##>Optimization Step DEBUG Table for config CDN_DP_region_0_0_c7
##>
##>                          Step                        Area   (  % Chg)         WNS (Change)          TNS (Change)                Power   (  % Chg)        Runtime (s)        Comment                   
##>+-----------------------------------------------------------------------------------------------------------------------------------------------------------------------------------------------------+
##>EquationExtraction              START            25602872488 (       )     1804.30 (        )          0 (        )                    0 (       )              
##> rewrite                        START            38693520728 ( +51.13)     1762.00 (  -42.30)          0 (       0)                    0 (  +0.00)              (a,ar) Expr0_from --> Expr0_to
##>                                  END            54950279240 ( +42.01)     1762.00 (   +0.00)          0 (       0)                    0 (  +0.00)           0  
##> rewrite                        START            54950279240 (  +0.00)     1762.00 (   +0.00)          0 (       0)                    0 (  +0.00)              (a,ar) Expr1_from --> Expr1_to
##>                                  END            71207037752 ( +29.58)     1762.00 (   +0.00)          0 (       0)                    0 (  +0.00)           0  
##>                                  END            25602872488 (  +0.00)     1804.30 (   +0.00)          0 (       0)                    0 (  +0.00)           0  
##>createMaxCarrySave              START            25602872488 (  +0.00)     1804.30 (   +0.00)          0 (       0)                    0 (  +0.00)              
##> datapath_rewrite_one_def       START            25602872488 (  +0.00)     1804.30 (   +0.00)          0 (       0)                    0 (  +0.00)              
##>                                  END            25602872488 (  +0.00)     1804.30 (   +0.00)          0 (       0)                    0 (  +0.00)           0  
##> csa_opto                       START            25602872488 (  +0.00)     1804.30 (   +0.00)          0 (       0)                    0 (  +0.00)              
##>                                  END            23654496936 (  -7.61)     1957.50 ( +153.20)          0 (       0)                    0 (  +0.00)           0  
##>                                  END            23654496936 (  -7.61)     1957.50 ( +153.20)          0 (       0)                    0 (  +0.00)           0  
##>canonicalize_by_names           START            23654496936 (  +0.00)     1957.50 (   +0.00)          0 (       0)                    0 (  +0.00)              
##>                                  END            23654496936 (  +0.00)     1957.50 (   +0.00)          0 (       0)                    0 (  +0.00)           0  
##>datapath_rewrite_post_csa_one_  START            23654496936 (  +0.00)     1957.50 (   +0.00)          0 (       0)                    0 (  +0.00)              
##>                                  END            23654496936 (  +0.00)     1957.50 (   +0.00)          0 (       0)                    0 (  +0.00)           0  
##>datapath_csa_factoring_one_gde  START            23654496936 (  +0.00)     1957.50 (   +0.00)          0 (       0)                    0 (  +0.00)              
##>                                  END            23654496936 (  +0.00)     1957.50 (   +0.00)          0 (       0)                    0 (  +0.00)           0  
##>dpopt_share_one_def             START            23654496936 (  +0.00)     1957.50 (   +0.00)          0 (       0)                    0 (  +0.00)              
##>                                  END            23654496936 (  +0.00)     1957.50 (   +0.00)          0 (       0)                    0 (  +0.00)           0  
##>datapath_rewrite_post_share     START            23654496936 (  +0.00)     1957.50 (   +0.00)          0 (       0)                    0 (  +0.00)              
##>                                  END            23654496936 (  +0.00)     1957.50 (   +0.00)          0 (       0)                    0 (  +0.00)           0  
##>dp_combine_const_mult_with_com  START            23654496936 (  +0.00)     1957.50 (   +0.00)          0 (       0)                    0 (  +0.00)              
##>                                  END            23654496936 (  +0.00)     1957.50 (   +0.00)          0 (       0)                    0 (  +0.00)           0  
##>dp_operator_level_decompositio  START            23654496936 (  +0.00)     1957.50 (   +0.00)          0 (       0)                    0 (  +0.00)              
##>                                  END            23654496936 (  +0.00)     1957.50 (   +0.00)          0 (       0)                    0 (  +0.00)           0  
##>selective_flatten_dp_config     START            23654496936 (  +0.00)     1957.50 (   +0.00)          0 (       0)                    0 (  +0.00)              
##>                                  END            23654496936 (  +0.00)     1957.50 (   +0.00)          0 (       0)                    0 (  +0.00)           0  
##>createMaxCarrySave              START            23654496936 (  +0.00)     1957.50 (   +0.00)          0 (       0)                    0 (  +0.00)              
##> datapath_rewrite_one_def       START            23654496936 (  +0.00)     1957.50 (   +0.00)          0 (       0)                    0 (  +0.00)              
##>  fast_cse_elim                 START            23654496936 (  +0.00)     1957.50 (   +0.00)          0 (       0)                    0 (  +0.00)              
##>                                  END            23654496936 (  +0.00)     1957.50 (   +0.00)          0 (       0)                    0 (  +0.00)           0  
##>  fast_cse_elim                 START            23654496936 (  +0.00)     1957.50 (   +0.00)          0 (       0)                    0 (  +0.00)              
##>                                  END            23654496936 (  +0.00)     1957.50 (   +0.00)          0 (       0)                    0 (  +0.00)           0  
##>                                  END            23654496936 (  +0.00)     1957.50 (   +0.00)          0 (       0)                    0 (  +0.00)           0  
##> csa_opto                       START            23654496936 (  +0.00)     1957.50 (   +0.00)          0 (       0)                    0 (  +0.00)              
##>                                  END            23654496936 (  +0.00)     1957.50 (   +0.00)          0 (       0)                    0 (  +0.00)           0  
##>                                  END            23654496936 (  +0.00)     1957.50 (   +0.00)          0 (       0)                    0 (  +0.00)           0  
##>context_based_simplify          START            23410949992 (  -1.03)     2004.30 (  +46.80)          0 (       0)                    0 (  +0.00)              
##>                                  END            20792820344 ( -11.18)     2054.30 (  +50.00)          0 (       0)                    0 (  +0.00)           0  
##>group_csa_final_adder_dp        START            20792820344 (  +0.00)     2054.30 (   +0.00)          0 (       0)                    0 (  +0.00)              
##>                                  END            20792820344 (  +0.00)     2054.30 (   +0.00)          0 (       0)                    0 (  +0.00)           0  
##>dpopt_flatten_critical_muxes_i  START            20792820344 (  +0.00)     2054.30 (   +0.00)          0 (       0)                    0 (  +0.00)              
##>                                  END            20792820344 (  +0.00)     2054.30 (   +0.00)          0 (       0)                    0 (  +0.00)           0  
##>create_score                    START            20792820344 (  +0.00)     2054.30 (   +0.00)          0 (       0)                    0 (  +0.00)              
##>                                  END            20792820344 (  +0.00)     2054.30 (   +0.00)          0 (       0)                    0 (  +0.00)           0  
##>+-----------------------------------------------------------------------------------------------------------------------------------------------------------------------------------------------------+
Committed config: CDN_DP_region_0_0_c7
Info    : Done implementing datapath configurations. [DPOPT-4]
        : Selected 'very_fast' configuration 7 for module 'CDN_DP_region_0_0_c7'.
          Optimizations applied to 'very_fast' configuration:
            rewriting(0), factoring(0), sharing(0), cmultcse(0), downsizing(0), speculation(0)
Info    : Implementing datapath configurations. [DPOPT-3]
        : Implementing datapath configurations for 'CDN_DP_region_5_0'
CSAGen Prep Share:0 Re-Write:0 Speculation: 0
CDN_DP_region_5_0 level = 0 loads = 0 drivers = 0
CDN_DP_region_5_0_c0 in prbs_ctrl_LFSR_W7_DEFAULT_SEED1: area: 882857672 ,dp = 0 mux = 1 sg = slow         worst_clk_period: -1.0000 
    wns: 0  norm_wns:  -1.0000 
    fail_endp: -1 
    tns:  0  tns_per_endp:  -1.0000   norm_tns_per_endp:  -1.0000 
    tns_sense_max:  -1.0000  tns_sense_avg:  -1.0000   tns_sense_num: -1
    power:  -9223372036854775808  
 skipped
CDN_DP_region_5_0_c1 in prbs_ctrl_LFSR_W7_DEFAULT_SEED1: area: 882857672 ,dp = 0 mux = 1 sg = fast         worst_clk_period: -1.0000 
    wns: 0  norm_wns:  -1.0000 
    fail_endp: -1 
    tns:  0  tns_per_endp:  -1.0000   norm_tns_per_endp:  -1.0000 
    tns_sense_max:  -1.0000  tns_sense_avg:  -1.0000   tns_sense_num: -1
    power:  -9223372036854775808  
 is current best
CDN_DP_region_5_0_c2 in prbs_ctrl_LFSR_W7_DEFAULT_SEED1: area: 882857672 ,dp = 0 mux = 1 sg = very_slow    worst_clk_period: -1.0000 
    wns: 0  norm_wns:  -1.0000 
    fail_endp: -1 
    tns:  0  tns_per_endp:  -1.0000   norm_tns_per_endp:  -1.0000 
    tns_sense_max:  -1.0000  tns_sense_avg:  -1.0000   tns_sense_num: -1
    power:  -9223372036854775808  
 is current best
CDN_DP_region_5_0_c3 in prbs_ctrl_LFSR_W7_DEFAULT_SEED1: area: 882857672 ,dp = 0 mux = 1 sg = very_fast    worst_clk_period: -1.0000 
    wns: 0  norm_wns:  -1.0000 
    fail_endp: -1 
    tns:  0  tns_per_endp:  -1.0000   norm_tns_per_endp:  -1.0000 
    tns_sense_max:  -1.0000  tns_sense_avg:  -1.0000   tns_sense_num: -1
    power:  -9223372036854775808  
 is current best
CDN_DP_region_5_0_c4 in prbs_ctrl_LFSR_W7_DEFAULT_SEED1: area: 882857672 ,dp = 0 mux = 1 sg = very_fast    worst_clk_period: -1.0000 
    wns: 0  norm_wns:  -1.0000 
    fail_endp: -1 
    tns:  0  tns_per_endp:  -1.0000   norm_tns_per_endp:  -1.0000 
    tns_sense_max:  -1.0000  tns_sense_avg:  -1.0000   tns_sense_num: -1
    power:  -9223372036854775808  
 is current best
CDN_DP_region_5_0_c5 in prbs_ctrl_LFSR_W7_DEFAULT_SEED1: area: 882857672 ,dp = 0 mux = 1 sg = very_fast    worst_clk_period: -1.0000 
    wns: 0  norm_wns:  -1.0000 
    fail_endp: -1 
    tns:  0  tns_per_endp:  -1.0000   norm_tns_per_endp:  -1.0000 
    tns_sense_max:  -1.0000  tns_sense_avg:  -1.0000   tns_sense_num: -1
    power:  -9223372036854775808  
 is current best
CDN_DP_region_5_0_c6 in prbs_ctrl_LFSR_W7_DEFAULT_SEED1: area: 882857672 ,dp = 0 mux = 1 sg = very_fast    worst_clk_period: -1.0000 
    wns: 0  norm_wns:  -1.0000 
    fail_endp: -1 
    tns:  0  tns_per_endp:  -1.0000   norm_tns_per_endp:  -1.0000 
    tns_sense_max:  -1.0000  tns_sense_avg:  -1.0000   tns_sense_num: -1
    power:  -9223372036854775808  
 is current best
CDN_DP_region_5_0_c7 in prbs_ctrl_LFSR_W7_DEFAULT_SEED1: area: 882857672 ,dp = 0 mux = 1 sg = very_fast    worst_clk_period: -1.0000 
    wns: 0  norm_wns:  -1.0000 
    fail_endp: -1 
    tns:  0  tns_per_endp:  -1.0000   norm_tns_per_endp:  -1.0000 
    tns_sense_max:  -1.0000  tns_sense_avg:  -1.0000   tns_sense_num: -1
    power:  -9223372036854775808  
 is current best
Best config: CDN_DP_region_5_0_c7 in prbs_ctrl_LFSR_W7_DEFAULT_SEED1: area: 882857672 ,dp = 0 mux = 1 sg = very_fast    worst_clk_period: -1.0000 
    wns: 0  norm_wns:  -1.0000 
    fail_endp: -1 
    tns:  0  tns_per_endp:  -1.0000   norm_tns_per_endp:  -1.0000 
    tns_sense_max:  -1.0000  tns_sense_avg:  -1.0000   tns_sense_num: -1
    power:  -9223372036854775808  
  Smallest config area : 882857672.  Fastest config wns;  0
##>+----------------------------------------------------------------------------------------------------------------------------------------------------------------+
##>Summary table of configs (Best config is CDN_DP_region_5_0_c7)
##>+----------------------------------------------------------------------------------------------------------------------------------------------------------------+
##>                     0                  1                  2                  3                  4                  5                  6                  7            
##>+----------------------------------------------------------------------------------------------------------------------------------------------------------------+
##>           Area        882857672          882857672          882857672          882857672          882857672          882857672          882857672          882857672  
##>            WNS    +214748364.70      +214748364.70      +214748364.70      +214748364.70      +214748364.70      +214748364.70      +214748364.70      +214748364.70  
##>            TNS                0                  0                  0                  0                  0                  0                  0                  0  
##>    Num Rewrite                0                  0                  0                  0                  0                  0                  0                  0  
##>     Num Factor                0                  0                  0                  0                  0                  0                  0                  0  
##>      Num Share                0                  0                  0                  0                  0                  0                  0                  0  
##>   Num CmultCse                0                  0                  0                  0                  0                  0                  0                  0  
##>   Num Downsize                0                  0                  0                  0                  0                  0                  0                  0  
##>  Num Speculate                0                  0                  0                  0                  0                  0                  0                  0  
##>     Runtime(s)                0                  0                  0                  0                  0                  0                  0                  0  
+----------------------------------------------------------------------------------------------------------------------------------------------------------------+
##>
##>
##>+-----------------------------------------------------------------------------------------------------------------------------------------------------------------------------------------------------+
##>Optimization Step DEBUG Table for config CDN_DP_region_5_0_c7
##>
##>                          Step                        Area   (  % Chg)         WNS (Change)          TNS (Change)                Power   (  % Chg)        Runtime (s)        Comment                   
##>+-----------------------------------------------------------------------------------------------------------------------------------------------------------------------------------------------------+
##>EquationExtraction              START              882857672 (       )    214748364.70 (        )          0 (        )                    0 (       )              
##>                                  END              882857672 (  +0.00)    214748364.70 (   +0.00)          0 (       0)                    0 (  +0.00)           0  
##>createMaxCarrySave              START              882857672 (  +0.00)    214748364.70 (   +0.00)          0 (       0)                    0 (  +0.00)              
##> datapath_rewrite_one_def       START              882857672 (  +0.00)    214748364.70 (   +0.00)          0 (       0)                    0 (  +0.00)              
##>                                  END              882857672 (  +0.00)    214748364.70 (   +0.00)          0 (       0)                    0 (  +0.00)           0  
##> csa_opto                       START              882857672 (  +0.00)    214748364.70 (   +0.00)          0 (       0)                    0 (  +0.00)              
##>                                  END              882857672 (  +0.00)    214748364.70 (   +0.00)          0 (       0)                    0 (  +0.00)           0  
##>                                  END              882857672 (  +0.00)    214748364.70 (   +0.00)          0 (       0)                    0 (  +0.00)           0  
##>canonicalize_by_names           START              882857672 (  +0.00)    214748364.70 (   +0.00)          0 (       0)                    0 (  +0.00)              
##>                                  END              882857672 (  +0.00)    214748364.70 (   +0.00)          0 (       0)                    0 (  +0.00)           0  
##>datapath_rewrite_post_csa_one_  START              882857672 (  +0.00)    214748364.70 (   +0.00)          0 (       0)                    0 (  +0.00)              
##>                                  END              882857672 (  +0.00)    214748364.70 (   +0.00)          0 (       0)                    0 (  +0.00)           0  
##>datapath_csa_factoring_one_gde  START              882857672 (  +0.00)    214748364.70 (   +0.00)          0 (       0)                    0 (  +0.00)              
##>                                  END              882857672 (  +0.00)    214748364.70 (   +0.00)          0 (       0)                    0 (  +0.00)           0  
##>dpopt_share_one_def             START              882857672 (  +0.00)    214748364.70 (   +0.00)          0 (       0)                    0 (  +0.00)              
##>                                  END              882857672 (  +0.00)    214748364.70 (   +0.00)          0 (       0)                    0 (  +0.00)           0  
##>datapath_rewrite_post_share     START              882857672 (  +0.00)    214748364.70 (   +0.00)          0 (       0)                    0 (  +0.00)              
##>                                  END              882857672 (  +0.00)    214748364.70 (   +0.00)          0 (       0)                    0 (  +0.00)           0  
##>dp_combine_const_mult_with_com  START              882857672 (  +0.00)    214748364.70 (   +0.00)          0 (       0)                    0 (  +0.00)              
##>                                  END              882857672 (  +0.00)    214748364.70 (   +0.00)          0 (       0)                    0 (  +0.00)           0  
##>dp_operator_level_decompositio  START              882857672 (  +0.00)    214748364.70 (   +0.00)          0 (       0)                    0 (  +0.00)              
##>                                  END              882857672 (  +0.00)    214748364.70 (   +0.00)          0 (       0)                    0 (  +0.00)           0  
##>selective_flatten_dp_config     START              882857672 (  +0.00)    214748364.70 (   +0.00)          0 (       0)                    0 (  +0.00)              
##>                                  END              882857672 (  +0.00)    214748364.70 (   +0.00)          0 (       0)                    0 (  +0.00)           0  
##>createMaxCarrySave              START              882857672 (  +0.00)    214748364.70 (   +0.00)          0 (       0)                    0 (  +0.00)              
##> datapath_rewrite_one_def       START              882857672 (  +0.00)    214748364.70 (   +0.00)          0 (       0)                    0 (  +0.00)              
##>  fast_cse_elim                 START              882857672 (  +0.00)    214748364.70 (   +0.00)          0 (       0)                    0 (  +0.00)              
##>                                  END              882857672 (  +0.00)    214748364.70 (   +0.00)          0 (       0)                    0 (  +0.00)           0  
##>  fast_cse_elim                 START              882857672 (  +0.00)    214748364.70 (   +0.00)          0 (       0)                    0 (  +0.00)              
##>                                  END              882857672 (  +0.00)    214748364.70 (   +0.00)          0 (       0)                    0 (  +0.00)           0  
##>                                  END              882857672 (  +0.00)    214748364.70 (   +0.00)          0 (       0)                    0 (  +0.00)           0  
##> csa_opto                       START              882857672 (  +0.00)    214748364.70 (   +0.00)          0 (       0)                    0 (  +0.00)              
##>                                  END              882857672 (  +0.00)    214748364.70 (   +0.00)          0 (       0)                    0 (  +0.00)           0  
##>                                  END              882857672 (  +0.00)    214748364.70 (   +0.00)          0 (       0)                    0 (  +0.00)           0  
##>context_based_simplify          START              882857672 (  +0.00)    214748364.70 (   +0.00)          0 (       0)                    0 (  +0.00)              
##>                                  END              882857672 (  +0.00)    214748364.70 (   +0.00)          0 (       0)                    0 (  +0.00)           0  
##>group_csa_final_adder_dp        START              882857672 (  +0.00)    214748364.70 (   +0.00)          0 (       0)                    0 (  +0.00)              
##>                                  END              882857672 (  +0.00)    214748364.70 (   +0.00)          0 (       0)                    0 (  +0.00)           0  
##>dpopt_flatten_critical_muxes_i  START              882857672 (  +0.00)    214748364.70 (   +0.00)          0 (       0)                    0 (  +0.00)              
##>                                  END              882857672 (  +0.00)    214748364.70 (   +0.00)          0 (       0)                    0 (  +0.00)           0  
##>create_score                    START              882857672 (  +0.00)    214748364.70 (   +0.00)          0 (       0)                    0 (  +0.00)              
##>                                  END              882857672 (  +0.00)    214748364.70 (   +0.00)          0 (       0)                    0 (  +0.00)           0  
##>+-----------------------------------------------------------------------------------------------------------------------------------------------------------------------------------------------------+
Committed config: CDN_DP_region_5_0_c7
Info    : Done implementing datapath configurations. [DPOPT-4]
        : Selected 'very_fast' configuration 7 for module 'CDN_DP_region_5_0_c7'.
          Optimizations applied to 'very_fast' configuration:
            rewriting(0), factoring(0), sharing(0), cmultcse(0), downsizing(0), speculation(0)
Info    : Implementing datapath configurations. [DPOPT-3]
        : Implementing datapath configurations for 'CDN_DP_region_2_0'
CSAGen Prep Share:0 Re-Write:1 Speculation: 0
MaxCSA: Successfully built Maximal CSA Expression Expr2
CDN_DP_region_2_0 level = 0 loads = 0 drivers = 0
CDN_DP_region_2_0_c0 in prbs15_ctrl_LFSR_W15_DEFAULT_SEED1: area: 2526799544 ,dp = 1 mux = 1 sg = slow         worst_clk_period: -1.0000 
    wns: 0  norm_wns:  -1.0000 
    fail_endp: -1 
    tns:  0  tns_per_endp:  -1.0000   norm_tns_per_endp:  -1.0000 
    tns_sense_max:  -1.0000  tns_sense_avg:  -1.0000   tns_sense_num: -1
    power:  -9223372036854775808  
 skipped
CDN_DP_region_2_0_c1 in prbs15_ctrl_LFSR_W15_DEFAULT_SEED1: area: 2465912808 ,dp = 1 mux = 1 sg = fast         worst_clk_period: -1.0000 
    wns: 0  norm_wns:  -1.0000 
    fail_endp: -1 
    tns:  0  tns_per_endp:  -1.0000   norm_tns_per_endp:  -1.0000 
    tns_sense_max:  -1.0000  tns_sense_avg:  -1.0000   tns_sense_num: -1
    power:  -9223372036854775808  
 is current best
CDN_DP_region_2_0_c2 in prbs15_ctrl_LFSR_W15_DEFAULT_SEED1: area: 2465912808 ,dp = 1 mux = 1 sg = very_slow    worst_clk_period: -1.0000 
    wns: 0  norm_wns:  -1.0000 
    fail_endp: -1 
    tns:  0  tns_per_endp:  -1.0000   norm_tns_per_endp:  -1.0000 
    tns_sense_max:  -1.0000  tns_sense_avg:  -1.0000   tns_sense_num: -1
    power:  -9223372036854775808  
 is current best
CDN_DP_region_2_0_c3 in prbs15_ctrl_LFSR_W15_DEFAULT_SEED1: area: 2465912808 ,dp = 1 mux = 1 sg = very_fast    worst_clk_period: -1.0000 
    wns: 0  norm_wns:  -1.0000 
    fail_endp: -1 
    tns:  0  tns_per_endp:  -1.0000   norm_tns_per_endp:  -1.0000 
    tns_sense_max:  -1.0000  tns_sense_avg:  -1.0000   tns_sense_num: -1
    power:  -9223372036854775808  
 is current best
CDN_DP_region_2_0_c4 in prbs15_ctrl_LFSR_W15_DEFAULT_SEED1: area: 2465912808 ,dp = 1 mux = 1 sg = very_fast    worst_clk_period: -1.0000 
    wns: 0  norm_wns:  -1.0000 
    fail_endp: -1 
    tns:  0  tns_per_endp:  -1.0000   norm_tns_per_endp:  -1.0000 
    tns_sense_max:  -1.0000  tns_sense_avg:  -1.0000   tns_sense_num: -1
    power:  -9223372036854775808  
 is current best
CDN_DP_region_2_0_c5 in prbs15_ctrl_LFSR_W15_DEFAULT_SEED1: area: 2465912808 ,dp = 1 mux = 1 sg = very_fast    worst_clk_period: -1.0000 
    wns: 0  norm_wns:  -1.0000 
    fail_endp: -1 
    tns:  0  tns_per_endp:  -1.0000   norm_tns_per_endp:  -1.0000 
    tns_sense_max:  -1.0000  tns_sense_avg:  -1.0000   tns_sense_num: -1
    power:  -9223372036854775808  
 is current best
CDN_DP_region_2_0_c6 in prbs15_ctrl_LFSR_W15_DEFAULT_SEED1: area: 2465912808 ,dp = 1 mux = 1 sg = very_fast    worst_clk_period: -1.0000 
    wns: 0  norm_wns:  -1.0000 
    fail_endp: -1 
    tns:  0  tns_per_endp:  -1.0000   norm_tns_per_endp:  -1.0000 
    tns_sense_max:  -1.0000  tns_sense_avg:  -1.0000   tns_sense_num: -1
    power:  -9223372036854775808  
 is current best
CDN_DP_region_2_0_c7 in prbs15_ctrl_LFSR_W15_DEFAULT_SEED1: area: 2344139336 ,dp = 1 mux = 1 sg = very_fast    worst_clk_period: -1.0000 
    wns: 0  norm_wns:  -1.0000 
    fail_endp: -1 
    tns:  0  tns_per_endp:  -1.0000   norm_tns_per_endp:  -1.0000 
    tns_sense_max:  -1.0000  tns_sense_avg:  -1.0000   tns_sense_num: -1
    power:  -9223372036854775808  
 is current best
Best config: CDN_DP_region_2_0_c7 in prbs15_ctrl_LFSR_W15_DEFAULT_SEED1: area: 2344139336 ,dp = 1 mux = 1 sg = very_fast    worst_clk_period: -1.0000 
    wns: 0  norm_wns:  -1.0000 
    fail_endp: -1 
    tns:  0  tns_per_endp:  -1.0000   norm_tns_per_endp:  -1.0000 
    tns_sense_max:  -1.0000  tns_sense_avg:  -1.0000   tns_sense_num: -1
    power:  -9223372036854775808  
  Smallest config area : 2344139336.  Fastest config wns;  0
##>+----------------------------------------------------------------------------------------------------------------------------------------------------------------+
##>Summary table of configs (Best config is CDN_DP_region_2_0_c7)
##>+----------------------------------------------------------------------------------------------------------------------------------------------------------------+
##>                     0                  1                  2                  3                  4                  5                  6                  7            
##>+----------------------------------------------------------------------------------------------------------------------------------------------------------------+
##>           Area       2526799544         2465912808         2465912808         2465912808         2465912808         2465912808         2465912808         2344139336  
##>            WNS    +214748364.70      +214748364.70      +214748364.70      +214748364.70      +214748364.70      +214748364.70      +214748364.70      +214748364.70  
##>            TNS                0                  0                  0                  0                  0                  0                  0                  0  
##>    Num Rewrite                0                  0                  0                  0                  0                  0                  0                  1  
##>     Num Factor                0                  0                  0                  0                  0                  0                  0                  0  
##>      Num Share                0                  0                  0                  0                  0                  0                  0                  0  
##>   Num CmultCse                0                  0                  0                  0                  0                  0                  0                  0  
##>   Num Downsize                0                  0                  0                  0                  0                  0                  0                  0  
##>  Num Speculate                0                  0                  0                  0                  0                  0                  0                  0  
##>     Runtime(s)                0                  0                  0                  0                  0                  0                  0                  0  
+----------------------------------------------------------------------------------------------------------------------------------------------------------------+
##>
##>
##>+-----------------------------------------------------------------------------------------------------------------------------------------------------------------------------------------------------+
##>Optimization Step DEBUG Table for config CDN_DP_region_2_0_c7
##>
##>                          Step                        Area   (  % Chg)         WNS (Change)          TNS (Change)                Power   (  % Chg)        Runtime (s)        Comment                   
##>+-----------------------------------------------------------------------------------------------------------------------------------------------------------------------------------------------------+
##>EquationExtraction              START             2526799544 (       )    214748364.70 (        )          0 (        )                    0 (       )              
##> rewrite                        START             2526799544 (  +0.00)    214748364.70 (   +0.00)          0 (       0)                    0 (  +0.00)              (a,ar) equal_from_uns --> equal_to_uns
##>                                  END             2344139336 (  -7.23)    214748364.70 (   +0.00)          0 (       0)                    0 (  +0.00)           0  
##> rewrite                        START             2344139336 (  +0.00)    214748364.70 (   +0.00)          0 (       0)                    0 (  +0.00)              (a,ar) Expr2_from --> Expr2_to
##>                                  END            11172716056 (+376.62)    214748364.70 (   +0.00)          0 (       0)                    0 (  +0.00)           0  
##>                                  END             2344139336 (  -7.23)    214748364.70 (   +0.00)          0 (       0)                    0 (  +0.00)           0  
##>createMaxCarrySave              START             2344139336 (  +0.00)    214748364.70 (   +0.00)          0 (       0)                    0 (  +0.00)              
##> datapath_rewrite_one_def       START             2344139336 (  +0.00)    214748364.70 (   +0.00)          0 (       0)                    0 (  +0.00)              
##>                                  END             2344139336 (  +0.00)    214748364.70 (   +0.00)          0 (       0)                    0 (  +0.00)           0  
##> csa_opto                       START             2344139336 (  +0.00)    214748364.70 (   +0.00)          0 (       0)                    0 (  +0.00)              
##>                                  END             5723353184 (+144.16)    214748364.70 (   +0.00)          0 (       0)                    0 (  +0.00)           0  
##>                                  END             5723353184 (+144.16)    214748364.70 (   +0.00)          0 (       0)                    0 (  +0.00)           0  
##>canonicalize_by_names           START             5723353184 (  +0.00)    214748364.70 (   +0.00)          0 (       0)                    0 (  +0.00)              
##>                                  END             5723353184 (  +0.00)    214748364.70 (   +0.00)          0 (       0)                    0 (  +0.00)           0  
##>datapath_rewrite_post_csa_one_  START             5723353184 (  +0.00)    214748364.70 (   +0.00)          0 (       0)                    0 (  +0.00)              
##>                                  END             5723353184 (  +0.00)    214748364.70 (   +0.00)          0 (       0)                    0 (  +0.00)           0  
##>datapath_csa_factoring_one_gde  START             5723353184 (  +0.00)    214748364.70 (   +0.00)          0 (       0)                    0 (  +0.00)              
##>                                  END             5723353184 (  +0.00)    214748364.70 (   +0.00)          0 (       0)                    0 (  +0.00)           0  
##>dpopt_share_one_def             START             5723353184 (  +0.00)    214748364.70 (   +0.00)          0 (       0)                    0 (  +0.00)              
##>                                  END             5723353184 (  +0.00)    214748364.70 (   +0.00)          0 (       0)                    0 (  +0.00)           0  
##>datapath_rewrite_post_share     START             5723353184 (  +0.00)    214748364.70 (   +0.00)          0 (       0)                    0 (  +0.00)              
##>                                  END             5723353184 (  +0.00)    214748364.70 (   +0.00)          0 (       0)                    0 (  +0.00)           0  
##>dp_combine_const_mult_with_com  START             5723353184 (  +0.00)    214748364.70 (   +0.00)          0 (       0)                    0 (  +0.00)              
##>                                  END             5723353184 (  +0.00)    214748364.70 (   +0.00)          0 (       0)                    0 (  +0.00)           0  
##>dp_operator_level_decompositio  START             5723353184 (  +0.00)    214748364.70 (   +0.00)          0 (       0)                    0 (  +0.00)              
##>                                  END             5723353184 (  +0.00)    214748364.70 (   +0.00)          0 (       0)                    0 (  +0.00)           0  
##>selective_flatten_dp_config     START             5723353184 (  +0.00)    214748364.70 (   +0.00)          0 (       0)                    0 (  +0.00)              
##>                                  END             5723353184 (  +0.00)    214748364.70 (   +0.00)          0 (       0)                    0 (  +0.00)           0  
##>createMaxCarrySave              START             5723353184 (  +0.00)    214748364.70 (   +0.00)          0 (       0)                    0 (  +0.00)              
##> datapath_rewrite_one_def       START             5723353184 (  +0.00)    214748364.70 (   +0.00)          0 (       0)                    0 (  +0.00)              
##>  fast_cse_elim                 START             5723353184 (  +0.00)    214748364.70 (   +0.00)          0 (       0)                    0 (  +0.00)              
##>                                  END             5723353184 (  +0.00)    214748364.70 (   +0.00)          0 (       0)                    0 (  +0.00)           0  
##>  fast_cse_elim                 START             5723353184 (  +0.00)    214748364.70 (   +0.00)          0 (       0)                    0 (  +0.00)              
##>                                  END             5723353184 (  +0.00)    214748364.70 (   +0.00)          0 (       0)                    0 (  +0.00)           0  
##>                                  END             5723353184 (  +0.00)    214748364.70 (   +0.00)          0 (       0)                    0 (  +0.00)           0  
##> csa_opto                       START             5723353184 (  +0.00)    214748364.70 (   +0.00)          0 (       0)                    0 (  +0.00)              
##>                                  END             5723353184 (  +0.00)    214748364.70 (   +0.00)          0 (       0)                    0 (  +0.00)           0  
##>                                  END             5723353184 (  +0.00)    214748364.70 (   +0.00)          0 (       0)                    0 (  +0.00)           0  
##>context_based_simplify          START             2344139336 ( -59.04)    214748364.70 (   +0.00)          0 (       0)                    0 (  +0.00)              
##>                                  END             2344139336 (  +0.00)    214748364.70 (   +0.00)          0 (       0)                    0 (  +0.00)           0  
##>group_csa_final_adder_dp        START             2344139336 (  +0.00)    214748364.70 (   +0.00)          0 (       0)                    0 (  +0.00)              
##>                                  END             2344139336 (  +0.00)    214748364.70 (   +0.00)          0 (       0)                    0 (  +0.00)           0  
##>dpopt_flatten_critical_muxes_i  START             2344139336 (  +0.00)    214748364.70 (   +0.00)          0 (       0)                    0 (  +0.00)              
##>                                  END             2344139336 (  +0.00)    214748364.70 (   +0.00)          0 (       0)                    0 (  +0.00)           0  
##>create_score                    START             2344139336 (  +0.00)    214748364.70 (   +0.00)          0 (       0)                    0 (  +0.00)              
##>                                  END             2344139336 (  +0.00)    214748364.70 (   +0.00)          0 (       0)                    0 (  +0.00)           0  
##>+-----------------------------------------------------------------------------------------------------------------------------------------------------------------------------------------------------+
Committed config: CDN_DP_region_2_0_c7
Info    : Done implementing datapath configurations. [DPOPT-4]
        : Selected 'very_fast' configuration 7 for module 'CDN_DP_region_2_0_c7'.
          Optimizations applied to 'very_fast' configuration:
            rewriting(1), factoring(0), sharing(0), cmultcse(0), downsizing(0), speculation(0)
Info:  Ungrouped 0 dp-cluster instances.  0 cluster instances were left intact, to aid verification.
Info    : Done optimizing datapath logic. [DPOPT-2]
        : Done optimizing datapath logic in 'ber_checker_top'.
Number of big hc bmuxes after = 0
Starting logic reduction [v1.0] (stage: post_rtlopt, startdef: ber_checker_top, recur: true)
Completed logic reduction (accepts: 0, rejects: 0, runtime: 0.000s)
Starting mux data reorder optimization [v1.0] (stage: post_rtlopt, startdef: ber_checker_top, recur: true)
Completed mux data reorder optimization (accepts: 0, rejects: 0, runtime: 0.000s)

Stage: post_rtlopt
---------------------------------------------------------
| Transform           | Accepts | Rejects | Runtime (s) | 
---------------------------------------------------------
| hlo_logic_reduction |       0 |       0 |        0.00 | 
| hlo_mux_reorder     |       0 |       0 |        0.00 | 
---------------------------------------------------------
Starting mux speculation [v1.0] (stage: post_muxopt, startdef: ber_checker_top, recur: true)
Starting speculation optimization
Completed speculation optimization (accepts:0)
Completed mux speculation (accepts: 0, rejects: 0, runtime: 0.017s)

Stage: post_muxopt
-----------------------------------------------------
| Transform       | Accepts | Rejects | Runtime (s) | 
-----------------------------------------------------
| hlo_speculation |       0 |       0 |        0.02 | 
-----------------------------------------------------
==================================
Stage : to_generic 
==================================
  =================
   Message Summary
  =================
---------------------------------------------------------------------------------------------------
|    Id    |  Sev   |Count |                            Message Text                              |
---------------------------------------------------------------------------------------------------
| CDFG-738 |Info    |    4 |Common subexpression eliminated.                                      |
| CDFG-739 |Info    |    4 |Common subexpression kept.                                            |
| CWD-19   |Info    |   26 |An implementation was inferred.                                       |
| DPOPT-1  |Info    |    1 |Optimizing datapath logic.                                            |
| DPOPT-2  |Info    |    1 |Done optimizing datapath logic.                                       |
| DPOPT-3  |Info    |    3 |Implementing datapath configurations.                                 |
| DPOPT-4  |Info    |    3 |Done implementing datapath configurations.                            |
| DPOPT-6  |Info    |    1 |Pre-processed datapath logic.                                         |
| ELAB-1   |Info    |    1 |Elaborating Design.                                                   |
| ELAB-2   |Info    |    7 |Elaborating Subdesign.                                                |
| ELAB-3   |Info    |    1 |Done Elaborating Design.                                              |
| LBR-9    |Warning |   36 |Library cell has no output pins defined.                              |
|          |        |      |Add the missing output pin(s)                                         |
|          |        |      | , then reload the library. Else the library cell will be marked as   |
|          |        |      | timing model i.e. unusable. Timing_model means that the cell does    |
|          |        |      | not have any defined function. If there is no output pin, Genus will |
|          |        |      | mark library cell as unusable i.e. the attribute 'usable' will be    |
|          |        |      | marked to 'false' on the libcell. Therefore, the cell is not used    |
|          |        |      | for mapping and it will not be picked up from the library for        |
|          |        |      | synthesis. If you query the attribute 'unusable_reason' on the       |
|          |        |      | libcell; result will be: 'Library cell has no output pins.'Note: The |
|          |        |      | message LBR-9 is only for the logical pins and not for the           |
|          |        |      | power_ground pins. Genus will depend upon the output function        |
|          |        |      | defined in the pin group (output pin)                                |
|          |        |      | of the cell, to use it for mapping. The pg_pin will not have any     |
|          |        |      | function defined.                                                    |
| LBR-12   |Warning |    1 |Found libraries with and without pg_pin construct.                    |
|          |        |      |This can lead to issues later in the flow.                            |
| LBR-38   |Warning |    1 |Libraries have inconsistent nominal operating conditions. In the      |
|          |        |      | Liberty library, there are attributes called nom_voltage,            |
|          |        |      | nom_process and nom_temperature. Genus reports the message, if the   |
|          |        |      | respective values of the 2 given .libs differ.                       |
|          |        |      |This is a common source of delay calculation confusion and should be  |
|          |        |      | avoided.                                                             |
| LBR-40   |Info    |   91 |An unsupported construct was detected in this library.                |
|          |        |      |Check to see if this construct is really needed for synthesis. Many   |
|          |        |      | liberty constructs are not actually required.                        |
| LBR-41   |Info    |   11 |An output library pin lacks a function attribute.                     |
|          |        |      |If the remainder of this library cell's semantic checks are           |
|          |        |      | successful, it will be considered as a timing-model                  |
|          |        |      | (because one of its outputs does not have a valid function.          |
| LBR-109  |Info    |    1 |Set default library domain.                                           |
| LBR-155  |Info    |   96 |Mismatch in unateness between 'timing_sense' attribute and the        |
|          |        |      | function.                                                            |
|          |        |      |The 'timing_sense' attribute will be respected.                       |
| LBR-161  |Info    |    1 |Setting the maximum print count of this message to 10 if              |
|          |        |      | information_level is less than 9.                                    |
| LBR-162  |Info    |  122 |Both 'pos_unate' and 'neg_unate' timing_sense arcs have been          |
|          |        |      | processed.                                                           |
|          |        |      |Setting the 'timing_sense' to non_unate.                              |
| LBR-412  |Info    |    2 |Created nominal operating condition.                                  |
|          |        |      |The nominal operating condition is represented, either by the nominal |
|          |        |      | PVT values specified in the library source                           |
|          |        |      | (via nom_process,nom_voltage and nom_temperature respectively)       |
|          |        |      | , or by the default PVT values (1.0,1.0,1.0).                        |
| LBR-518  |Info    |   11 |Missing a function attribute in the output pin definition.            |
| PHYS-12  |Warning |    2 |The variant range of wire parameters is too large. An example of wire |
|          |        |      | parameters are, a WIDTH for layer, PITCH for layer, MINSPACING for   |
|          |        |      | layers, etc.                                                         |
|          |        |      |Check the consistency of the parameters, and see if you can ignore    |
|          |        |      | this message or you're using different LEF file with wrong           |
|          |        |      | parameters.                                                          |
| PHYS-25  |Warning |    1 |Minimum width of layer in LEF does not match minimum width of layer   |
|          |        |      | in cap table.                                                        |
|          |        |      |Compare the layer MinWidth of the cap_table_file with the MinWidth    |
|          |        |      | (WIDTH)                                                              |
|          |        |      | of the corresponding layer in LEF. Set the attribute 'shrink_factor' |
|          |        |      | to adjust the MinWidth layer value in the captable file              |
| PHYS-106 |Warning |    6 |Site already defined before, duplicated site will be ignored.         |
| PHYS-109 |Warning |    6 |Routing layers are defined in previous LEF file already.              |
| PHYS-120 |Warning |    2 |MASTERSLICE layer found after ROUTING or CUT layer.                   |
|          |        |      |Masterslice layers are typically polysilicon layers. You must define  |
|          |        |      | layers in process order from bottom to top. Correct the layer order  |
|          |        |      | in the LEF file.                                                     |
| PHYS-128 |Warning |    5 |Library cell pin 'use' attribute is inconsistent between lib and LEF. |
|          |        |      |Overriding lib value with LEF value. To use .lib as golden do:        |
|          |        |      | '::legacy::set_attribute use_power_ground_pin_from_lef false'.       |
| PHYS-279 |Warning |   36 |Physical cell not defined in library.                                 |
|          |        |      |Ensure that the proper library files are available and have been      |
|          |        |      | imported.                                                            |
| PHYS-752 |Info    |    1 |Partition Based Synthesis execution skipped.                          |
| SYNTH-1  |Info    |    1 |Synthesizing.                                                         |
| TIM-1000 |Info    |    1 |Multimode clock gating check is disabled.                             |
| TUI-32   |Warning |    2 |This attribute will be obsolete in a next major release.              |
---------------------------------------------------------------------------------------------------
Current PLE settings:

Aspect ratio        : 1.000
Shrink factor       : 1.000
Scale of res/length : 1.000
Scale of cap/length : 1.000
Net derating factor : 1.000
Thermal factor      : 1.337
Via Resistance      : 6.983 ohm (from qrc_tech_file)
Site size           : 4.480 um (from lef [tech+cell])

                                   Capacitance    
  Layer                             / Length           Data source:
Name        Direction Utilization  (pF/micron)         qrc_tech_file
--------------------------------------------------
METAL_1         H         0.00        0.000267    
METAL_2         V         1.00        0.000241    
METAL_3         H         1.00        0.000241    
METAL_4         V         1.00        0.000242    
METAL_5         H         1.00        0.000240    
METAL_6         V         1.00        0.000293 ** 

** = 'METAL_6' is dropped because its width (2.6) is too large (threshold 2)

                                    Resistance     
  Layer                              / Length           Data source:
Name        Direction Utilization  (ohm/micron)         qrc_tech_file
---------------------------------------------------
METAL_1         H         0.00         0.451790    
METAL_2         V         1.00         0.371113    
METAL_3         H         1.00         0.371113    
METAL_4         V         1.00         0.371113    
METAL_5         H         1.00         0.371113    
METAL_6         V         1.00         0.111178 ** 

** = 'METAL_6' is dropped because its width (2.6) is too large (threshold 2)

                                        Area       
  Layer                               / Length          Data source:
Name        Direction Utilization     (micron)          lef_library
---------------------------------------------------
METAL1          H         0.00         0.230000    
METAL2          V         1.00         0.280000    
METAL3          H         1.00         0.280000    
METAL4          V         1.00         0.280000    
METAL5          H         1.00         0.280000    
METAL6          V         1.00         2.600000 ** 

** = 'METAL6' is dropped because its width (2.6) is too large (threshold 2)

Mapper: Libraries have:
	domain WCCOM.setup_cond: 344 combo usable cells and 147 sequential usable cells
Multi-threaded constant propagation [1|0] ...
Inserting clock-gating logic .....
Clock Gating Status
===================
Category                                Number    Percentage
------------------------------------------------------------------
Gated flip-flops                        86		100%
Ungated flip-flops
  Cannot map to requested logic         0		  0%
  Enable signal is constant             0		  0%
  Excluded from clock-gating            0		  0%
  User preserved                        0		  0%
  Libcell unusable                      0		  0%
  Timing exception in enable logic      0		  0%
  Register bank width too small         0		  0%
Total flip-flops                        86		100%
Total CG Modules                        4
Multi-threaded Virtual Mapping    (4 threads per ST process, 4 of 32 CPUs usable)
==================================
Stage : first_condense 
==================================
  =================
   Message Summary
  =================
---------------------------------------------------------------------------------------------------
|   Id    |Sev  |Count |                              Message Text                                |
---------------------------------------------------------------------------------------------------
| POPT-12 |Info |    1 |Could not find any user created clock-gating module.                      |
|         |     |      |Looking for Integrated clock-gating cell in library.                      |
| POPT-96 |Info |    1 |One or more cost groups were automatically created for clock gate enable  |
|         |     |      | paths.                                                                   |
|         |     |      |This feature can be disabled by setting the attribute                     |
|         |     |      | lp_clock_gating_auto_cost_grouping false.                                |
---------------------------------------------------------------------------------------------------
 
Global mapping target info
==========================
Cost Group 'clk' target slack:   117 ps
Target path end-point (Pin: total_count_reg[27]/d)

Cost Group 'cg_enable_group_clk' target slack:   111 ps
Target path end-point (Pin: CLKGATE_RC_CG_HIER_INST0/RC_CGIC_INST/E (CKLNQD1BWP7T/E))


Test connection status for design: ber_checker_top
==================================================
Connected 0 out of 0 clock-gating instances.

State Retention Synthesis Status
================================

Category                        Flops   Percentage
--------------------------------------------------
Total instances                    86        100.0
Excluded from State Retention      86        100.0
    - Will not convert             86        100.0
      - Preserved                   0          0.0
      - Power intent excluded      86        100.0
    - Could not convert             0          0.0
      - Scan type                   0          0.0
      - No suitable cell            0          0.0
State Retention instances           0          0.0
--------------------------------------------------

PBS_Generic_Opt-Post - Elapsed_Time 5, CPU_Time 4.733856000000003
stamp 'PBS_Generic_Opt-Post' being created for table 'pbs_debug'

  Total Time (Wall) |  Stage Time (Wall)  |   % (Wall)   |    Date - Time     |  Memory   | Stage
--------------------+---------------------+--------------+--------------------+-----------+----------------------
 00:00:29(00:00:14) |  00:00:00(00:00:00) |   0.0(  0.0) |   17:12:42 (Apr08) |  604.6 MB | PBS_Generic-Start
--------------------+---------------------+--------------+--------------------+-----------+----------------------
 00:00:33(00:00:19) |  00:00:04(00:00:05) | 100.0(100.0) |   17:12:47 (Apr08) |  864.4 MB | PBS_Generic_Opt-Post
--------------------+---------------------+--------------+--------------------+-----------+----------------------
Number of threads: 4 * 1   (id: pbs_debug, time_info v1.57)
Info: (*N*) indicates data that was populated from previously saved time_info database
Info: CPU time includes time of parent + longest thread
PBS_Generic-Postgen HBO Optimizations - Elapsed_Time 0, CPU_Time 0.0
stamp 'PBS_Generic-Postgen HBO Optimizations' being created for table 'pbs_debug'

  Total Time (Wall) |  Stage Time (Wall)  |   % (Wall)   |    Date - Time     |  Memory   | Stage
--------------------+---------------------+--------------+--------------------+-----------+----------------------
 00:00:29(00:00:14) |  00:00:00(00:00:00) |   0.0(  0.0) |   17:12:42 (Apr08) |  604.6 MB | PBS_Generic-Start
--------------------+---------------------+--------------+--------------------+-----------+----------------------
 00:00:33(00:00:19) |  00:00:04(00:00:05) | 100.0(100.0) |   17:12:47 (Apr08) |  864.4 MB | PBS_Generic_Opt-Post
--------------------+---------------------+--------------+--------------------+-----------+----------------------
 00:00:33(00:00:19) |  00:00:00(00:00:00) |   0.0(  0.0) |   17:12:47 (Apr08) |  864.4 MB | PBS_Generic-Postgen HBO Optimizations
--------------------+---------------------+--------------+--------------------+-----------+----------------------
Number of threads: 4 * 1   (id: pbs_debug, time_info v1.57)
Info: (*N*) indicates data that was populated from previously saved time_info database
Info: CPU time includes time of parent + longest thread
##>=================== Cadence Confidential (Generic-Logical) ===================
##>=================== Cadence Confidential (Generic-Logical) ===================
##>Main Thread Summary:
##>----------------------------------------------------------------------------------------
##>STEP                           Elapsed       WNS       TNS     Insts      Area    Memory
##>----------------------------------------------------------------------------------------
##>G:Initial                            0         -         -       609     12953       604
##>G:Setup                              0         -         -         -         -         -
##>G:Launch ST                          0         -         -         -         -         -
##>G:Design Partition                   0         -         -         -         -         -
##>G:Create Partition Netlists          0         -         -         -         -         -
##>G:Init Power                         0         -         -         -         -         -
##>G:Budgeting                          0         -         -         -         -         -
##>G:Derenv-DB                          0         -         -         -         -         -
##>G:Debug Outputs                      0         -         -         -         -         -
##>G:ST loading                         0         -         -         -         -         -
##>G:Distributed                        0         -         -         -         -         -
##>G:Timer                              0         -         -         -         -         -
##>G:Assembly                           0         -         -         -         -         -
##>G:DFT                                0         -         -         -         -         -
##>G:Const Prop                         0         -         -       560     11854       864
##>G:Misc                               5
##>----------------------------------------------------------------------------------------
##>Total Elapsed                        5
##>========================================================================================
Info    : Done synthesizing. [SYNTH-2]
        : Done synthesizing 'ber_checker_top' to generic gates.
      flow.cputime  flow.realtime  timing.setup.tns  timing.setup.wns  snapshot
UM:*                                                                   syn_gen
@file(syn.tcl) 51: puts "write_db -to_file pre_genus_maybe_syn_map" 
write_db -to_file pre_genus_maybe_syn_map
@file(syn.tcl) 52: write_db -to_file pre_genus_maybe_syn_map
Finished exporting design database to file 'pre_genus_maybe_syn_map' for 'ber_checker_top' (command execution time mm:ss cpu = 00:00, real = 00:01).
@file(syn.tcl) 53: puts "syn_map" 
syn_map
@file(syn.tcl) 54: syn_map
##Generic Timing Info for library domain: WCCOM.setup_cond typical gate delay: 147.7 ps std_slew: 35.0 ps std_load: 8.4 fF
Current PLE settings:

Aspect ratio        : 1.000
Shrink factor       : 1.000
Scale of res/length : 1.000
Scale of cap/length : 1.000
Net derating factor : 1.000
Thermal factor      : 1.337
Via Resistance      : 6.983 ohm (from qrc_tech_file)
Site size           : 4.480 um (from lef [tech+cell])

                                   Capacitance    
  Layer                             / Length           Data source:
Name        Direction Utilization  (pF/micron)         qrc_tech_file
--------------------------------------------------
METAL_1         H         0.00        0.000267    
METAL_2         V         1.00        0.000241    
METAL_3         H         1.00        0.000241    
METAL_4         V         1.00        0.000242    
METAL_5         H         1.00        0.000240    
METAL_6         V         1.00        0.000293 ** 

** = 'METAL_6' is dropped because its width (2.6) is too large (threshold 2)

                                    Resistance     
  Layer                              / Length           Data source:
Name        Direction Utilization  (ohm/micron)         qrc_tech_file
---------------------------------------------------
METAL_1         H         0.00         0.451790    
METAL_2         V         1.00         0.371113    
METAL_3         H         1.00         0.371113    
METAL_4         V         1.00         0.371113    
METAL_5         H         1.00         0.371113    
METAL_6         V         1.00         0.111178 ** 

** = 'METAL_6' is dropped because its width (2.6) is too large (threshold 2)

                                        Area       
  Layer                               / Length          Data source:
Name        Direction Utilization     (micron)          lef_library
---------------------------------------------------
METAL1          H         0.00         0.230000    
METAL2          V         1.00         0.280000    
METAL3          H         1.00         0.280000    
METAL4          V         1.00         0.280000    
METAL5          H         1.00         0.280000    
METAL6          V         1.00         2.600000 ** 

** = 'METAL6' is dropped because its width (2.6) is too large (threshold 2)

Info    : Mapping. [SYNTH-4]
        : Mapping 'ber_checker_top' using 'high' effort.
Mapper: Libraries have:
	domain WCCOM.setup_cond: 344 combo usable cells and 147 sequential usable cells
Configuring mapper costing (none)
TNS Restructuring config: no_value at stage: map applied.
PBS_TechMap-Start - Elapsed_Time 0, CPU_Time 0.0
stamp 'PBS_TechMap-Start' being created for table 'pbs_debug'

  Total Time (Wall) |  Stage Time (Wall)  |   % (Wall)   |    Date - Time     |  Memory   | Stage
--------------------+---------------------+--------------+--------------------+-----------+----------------------
 00:00:29(00:00:14) |  00:00:00(00:00:00) |   0.0(  0.0) |   17:12:42 (Apr08) |  604.6 MB | PBS_Generic-Start
--------------------+---------------------+--------------+--------------------+-----------+----------------------
 00:00:33(00:00:19) |  00:00:04(00:00:05) |  82.6( 71.4) |   17:12:47 (Apr08) |  864.4 MB | PBS_Generic_Opt-Post
--------------------+---------------------+--------------+--------------------+-----------+----------------------
 00:00:33(00:00:19) |  00:00:00(00:00:00) |   0.0(  0.0) |   17:12:47 (Apr08) |  864.4 MB | PBS_Generic-Postgen HBO Optimizations
--------------------+---------------------+--------------+--------------------+-----------+----------------------
 00:00:34(00:00:21) |  00:00:01(00:00:02) |  17.4( 28.6) |   17:12:49 (Apr08) |  864.4 MB | PBS_TechMap-Start
--------------------+---------------------+--------------+--------------------+-----------+----------------------
Number of threads: 4 * 1   (id: pbs_debug, time_info v1.57)
Info: (*N*) indicates data that was populated from previously saved time_info database
Info: CPU time includes time of parent + longest thread
PBS_TechMap-Premap HBO Optimizations - Elapsed_Time 0, CPU_Time 0.0
stamp 'PBS_TechMap-Premap HBO Optimizations' being created for table 'pbs_debug'

  Total Time (Wall) |  Stage Time (Wall)  |   % (Wall)   |    Date - Time     |  Memory   | Stage
--------------------+---------------------+--------------+--------------------+-----------+----------------------
 00:00:29(00:00:14) |  00:00:00(00:00:00) |   0.0(  0.0) |   17:12:42 (Apr08) |  604.6 MB | PBS_Generic-Start
--------------------+---------------------+--------------+--------------------+-----------+----------------------
 00:00:33(00:00:19) |  00:00:04(00:00:05) |  82.6( 71.4) |   17:12:47 (Apr08) |  864.4 MB | PBS_Generic_Opt-Post
--------------------+---------------------+--------------+--------------------+-----------+----------------------
 00:00:33(00:00:19) |  00:00:00(00:00:00) |   0.0(  0.0) |   17:12:47 (Apr08) |  864.4 MB | PBS_Generic-Postgen HBO Optimizations
--------------------+---------------------+--------------+--------------------+-----------+----------------------
 00:00:34(00:00:21) |  00:00:01(00:00:02) |  17.4( 28.6) |   17:12:49 (Apr08) |  864.4 MB | PBS_TechMap-Start
--------------------+---------------------+--------------+--------------------+-----------+----------------------
 00:00:34(00:00:21) |  00:00:00(00:00:00) |   0.0(  0.0) |   17:12:49 (Apr08) |  864.4 MB | PBS_TechMap-Premap HBO Optimizations
--------------------+---------------------+--------------+--------------------+-----------+----------------------
Number of threads: 4 * 1   (id: pbs_debug, time_info v1.57)
Info: (*N*) indicates data that was populated from previously saved time_info database
Info: CPU time includes time of parent + longest thread
Info    : Partition Based Synthesis execution skipped. [PHYS-752]
        : Design size is less than the partition size '100000' for distributed mapping optimization to kick in.
Current PLE settings:

Aspect ratio        : 1.000
Shrink factor       : 1.000
Scale of res/length : 1.000
Scale of cap/length : 1.000
Net derating factor : 1.000
Thermal factor      : 1.337
Via Resistance      : 6.983 ohm (from qrc_tech_file)
Site size           : 4.480 um (from lef [tech+cell])

                                   Capacitance    
  Layer                             / Length           Data source:
Name        Direction Utilization  (pF/micron)         qrc_tech_file
--------------------------------------------------
METAL_1         H         0.00        0.000267    
METAL_2         V         1.00        0.000241    
METAL_3         H         1.00        0.000241    
METAL_4         V         1.00        0.000242    
METAL_5         H         1.00        0.000240    
METAL_6         V         1.00        0.000293 ** 

** = 'METAL_6' is dropped because its width (2.6) is too large (threshold 2)

                                    Resistance     
  Layer                              / Length           Data source:
Name        Direction Utilization  (ohm/micron)         qrc_tech_file
---------------------------------------------------
METAL_1         H         0.00         0.451790    
METAL_2         V         1.00         0.371113    
METAL_3         H         1.00         0.371113    
METAL_4         V         1.00         0.371113    
METAL_5         H         1.00         0.371113    
METAL_6         V         1.00         0.111178 ** 

** = 'METAL_6' is dropped because its width (2.6) is too large (threshold 2)

                                        Area       
  Layer                               / Length          Data source:
Name        Direction Utilization     (micron)          lef_library
---------------------------------------------------
METAL1          H         0.00         0.230000    
METAL2          V         1.00         0.280000    
METAL3          H         1.00         0.280000    
METAL4          V         1.00         0.280000    
METAL5          H         1.00         0.280000    
METAL6          V         1.00         2.600000 ** 

** = 'METAL6' is dropped because its width (2.6) is too large (threshold 2)

Mapper: Libraries have:
	domain WCCOM.setup_cond: 344 combo usable cells and 147 sequential usable cells
Multi-threaded Virtual Mapping    (4 threads per ST process, 4 of 32 CPUs usable)
 
Global mapping target info
==========================
Cost Group 'clk' target slack:   117 ps
Target path end-point (Pin: total_count_reg[27]/d)

Cost Group 'cg_enable_group_clk' target slack:   111 ps
Target path end-point (Pin: CLKGATE_RC_CG_HIER_INST0/RC_CGIC_INST/E (CKLNQD1BWP7T/E))

Multi-threaded Technology Mapping (4 threads per ST process, 4 of 32 CPUs usable)
 
Global mapping status
=====================
                                   Group   
                                  Tot Wrst 
                           Total  Weighted 
Operation                   Area   Slacks  
 global_map                11210        0 

             Cost Group            Target    Slack    Diff.  Constr.
--------------------------------------------------------------------
    cg_enable_group_clk               111     2247              4000 
                    clk               117      864              4000 

 
Global incremental target info
==============================
Cost Group 'clk' target slack:    77 ps
Target path end-point (Pin: total_count_reg[31]/D (DFKCNQD1BWP7T/D))

Cost Group 'cg_enable_group_clk' target slack:    74 ps
Target path end-point (Pin: CLKGATE_RC_CG_HIER_INST0/RC_CGIC_INST/E (CKLNQD1BWP7T/E))

==================================
Stage : global_incr_map 
==================================
  =================
   Message Summary
  =================
---------------------------------------------------------------------------------------------------
|    Id    |Sev  |Count |                              Message Text                               |
---------------------------------------------------------------------------------------------------
| LBR-155  |Info |   24 |Mismatch in unateness between 'timing_sense' attribute and the function. |
|          |     |      |The 'timing_sense' attribute will be respected.                          |
| PA-7     |Info |   24 |Resetting power analysis results.                                        |
|          |     |      |All computed switching activities are removed.                           |
| PHYS-752 |Info |    1 |Partition Based Synthesis execution skipped.                             |
| SYNTH-2  |Info |    1 |Done synthesizing.                                                       |
| SYNTH-4  |Info |    1 |Mapping.                                                                 |
---------------------------------------------------------------------------------------------------
 
Global incremental optimization status
======================================
                                   Group   
                                  Tot Wrst 
                           Total  Weighted 
Operation                   Area   Slacks  
 global_incr               10989        0 

             Cost Group            Target    Slack    Diff.  Constr.
--------------------------------------------------------------------
    cg_enable_group_clk                74     2247              4000 
                    clk                77      360              4000 


Test connection status for design: ber_checker_top
==================================================
Connected 0 out of 0 clock-gating instances.

State Retention Synthesis Status
================================

Category                        Flops   Percentage
--------------------------------------------------
Total instances                    86        100.0
Excluded from State Retention      86        100.0
    - Will not convert             86        100.0
      - Preserved                   0          0.0
      - Power intent excluded      86        100.0
    - Could not convert             0          0.0
      - Scan type                   0          0.0
      - No suitable cell            0          0.0
State Retention instances           0          0.0
--------------------------------------------------

INFO: skipping constant propagation
PBS_Techmap-Global Mapping - Elapsed_Time 2, CPU_Time 3.008390999999996
stamp 'PBS_Techmap-Global Mapping' being created for table 'pbs_debug'

  Total Time (Wall) |  Stage Time (Wall)  |   % (Wall)   |    Date - Time     |  Memory   | Stage
--------------------+---------------------+--------------+--------------------+-----------+----------------------
 00:00:29(00:00:14) |  00:00:00(00:00:00) |   0.0(  0.0) |   17:12:42 (Apr08) |  604.6 MB | PBS_Generic-Start
--------------------+---------------------+--------------+--------------------+-----------+----------------------
 00:00:33(00:00:19) |  00:00:04(00:00:05) |  54.1( 55.6) |   17:12:47 (Apr08) |  864.4 MB | PBS_Generic_Opt-Post
--------------------+---------------------+--------------+--------------------+-----------+----------------------
 00:00:33(00:00:19) |  00:00:00(00:00:00) |   0.0(  0.0) |   17:12:47 (Apr08) |  864.4 MB | PBS_Generic-Postgen HBO Optimizations
--------------------+---------------------+--------------+--------------------+-----------+----------------------
 00:00:34(00:00:21) |  00:00:01(00:00:02) |  11.4( 22.2) |   17:12:49 (Apr08) |  864.4 MB | PBS_TechMap-Start
--------------------+---------------------+--------------+--------------------+-----------+----------------------
 00:00:34(00:00:21) |  00:00:00(00:00:00) |   0.0(  0.0) |   17:12:49 (Apr08) |  864.4 MB | PBS_TechMap-Premap HBO Optimizations
--------------------+---------------------+--------------+--------------------+-----------+----------------------
 00:00:37(00:00:23) |  00:00:03(00:00:02) |  34.4( 22.2) |   17:12:51 (Apr08) |  864.4 MB | PBS_Techmap-Global Mapping
--------------------+---------------------+--------------+--------------------+-----------+----------------------
Number of threads: 4 * 1   (id: pbs_debug, time_info v1.57)
Info: (*N*) indicates data that was populated from previously saved time_info database
Info: CPU time includes time of parent + longest thread
Info    : Wrote formal verification information. [CFM-5]
        : Wrote 'fv/ber_checker_top/fv_map.fv.json' for netlist 'fv/ber_checker_top/fv_map.v.gz'.
Info    : Wrote dofile. [CFM-1]
        : Dofile is 'fv/ber_checker_top/rtl_to_fv_map.do'.
        : Alias mapping flow is enabled.
PBS_TechMap-Datapath Postmap Operations - Elapsed_Time 1, CPU_Time 0.9970769999999973
stamp 'PBS_TechMap-Datapath Postmap Operations' being created for table 'pbs_debug'

  Total Time (Wall) |  Stage Time (Wall)  |   % (Wall)   |    Date - Time     |  Memory   | Stage
--------------------+---------------------+--------------+--------------------+-----------+----------------------
 00:00:29(00:00:14) |  00:00:00(00:00:00) |   0.0(  0.0) |   17:12:42 (Apr08) |  604.6 MB | PBS_Generic-Start
--------------------+---------------------+--------------+--------------------+-----------+----------------------
 00:00:33(00:00:19) |  00:00:04(00:00:05) |  48.6( 50.0) |   17:12:47 (Apr08) |  864.4 MB | PBS_Generic_Opt-Post
--------------------+---------------------+--------------+--------------------+-----------+----------------------
 00:00:33(00:00:19) |  00:00:00(00:00:00) |   0.0(  0.0) |   17:12:47 (Apr08) |  864.4 MB | PBS_Generic-Postgen HBO Optimizations
--------------------+---------------------+--------------+--------------------+-----------+----------------------
 00:00:34(00:00:21) |  00:00:01(00:00:02) |  10.3( 20.0) |   17:12:49 (Apr08) |  864.4 MB | PBS_TechMap-Start
--------------------+---------------------+--------------+--------------------+-----------+----------------------
 00:00:34(00:00:21) |  00:00:00(00:00:00) |   0.0(  0.0) |   17:12:49 (Apr08) |  864.4 MB | PBS_TechMap-Premap HBO Optimizations
--------------------+---------------------+--------------+--------------------+-----------+----------------------
 00:00:37(00:00:23) |  00:00:03(00:00:02) |  30.9( 20.0) |   17:12:51 (Apr08) |  864.4 MB | PBS_Techmap-Global Mapping
--------------------+---------------------+--------------+--------------------+-----------+----------------------
 00:00:38(00:00:24) |  00:00:00(00:00:01) |  10.2( 10.0) |   17:12:52 (Apr08) |  856.2 MB | PBS_TechMap-Datapath Postmap Operations
--------------------+---------------------+--------------+--------------------+-----------+----------------------
Number of threads: 4 * 1   (id: pbs_debug, time_info v1.57)
Info: (*N*) indicates data that was populated from previously saved time_info database
Info: CPU time includes time of parent + longest thread
PBS_TechMap-Postmap HBO Optimizations - Elapsed_Time 1, CPU_Time -0.0030939999999972656
stamp 'PBS_TechMap-Postmap HBO Optimizations' being created for table 'pbs_debug'

  Total Time (Wall) |  Stage Time (Wall)  |   % (Wall)   |    Date - Time     |  Memory   | Stage
--------------------+---------------------+--------------+--------------------+-----------+----------------------
 00:00:29(00:00:14) |  00:00:00(00:00:00) |   0.0(  0.0) |   17:12:42 (Apr08) |  604.6 MB | PBS_Generic-Start
--------------------+---------------------+--------------+--------------------+-----------+----------------------
 00:00:33(00:00:19) |  00:00:04(00:00:05) |  48.6( 45.5) |   17:12:47 (Apr08) |  864.4 MB | PBS_Generic_Opt-Post
--------------------+---------------------+--------------+--------------------+-----------+----------------------
 00:00:33(00:00:19) |  00:00:00(00:00:00) |   0.0(  0.0) |   17:12:47 (Apr08) |  864.4 MB | PBS_Generic-Postgen HBO Optimizations
--------------------+---------------------+--------------+--------------------+-----------+----------------------
 00:00:34(00:00:21) |  00:00:01(00:00:02) |  10.3( 18.2) |   17:12:49 (Apr08) |  864.4 MB | PBS_TechMap-Start
--------------------+---------------------+--------------+--------------------+-----------+----------------------
 00:00:34(00:00:21) |  00:00:00(00:00:00) |   0.0(  0.0) |   17:12:49 (Apr08) |  864.4 MB | PBS_TechMap-Premap HBO Optimizations
--------------------+---------------------+--------------+--------------------+-----------+----------------------
 00:00:37(00:00:23) |  00:00:03(00:00:02) |  30.9( 18.2) |   17:12:51 (Apr08) |  864.4 MB | PBS_Techmap-Global Mapping
--------------------+---------------------+--------------+--------------------+-----------+----------------------
 00:00:38(00:00:24) |  00:00:00(00:00:01) |  10.2(  9.1) |   17:12:52 (Apr08) |  856.2 MB | PBS_TechMap-Datapath Postmap Operations
--------------------+---------------------+--------------+--------------------+-----------+----------------------
 00:00:38(00:00:25) |  00:00:00(00:00:01) |  -0.0(  9.1) |   17:12:53 (Apr08) |  856.2 MB | PBS_TechMap-Postmap HBO Optimizations
--------------------+---------------------+--------------+--------------------+-----------+----------------------
Number of threads: 4 * 1   (id: pbs_debug, time_info v1.57)
Info: (*N*) indicates data that was populated from previously saved time_info database
Info: CPU time includes time of parent + longest thread
 Doing ConstProp on design:ber_checker_top ... 

Inserting clock-gating logic .....
Clock Gating Status
===================
Category                                Number    Percentage
------------------------------------------------------------------
Gated flip-flops                        86		100%
Ungated flip-flops
  Cannot map to requested logic         0		  0%
  Enable signal is constant             0		  0%
  Excluded from clock-gating            0		  0%
  User preserved                        0		  0%
  Libcell unusable                      0		  0%
  Timing exception in enable logic      0		  0%
  Register bank width too small         0		  0%
Total flip-flops                        86		100%
Total CG Modules                        4

Test connection status for design: ber_checker_top
==================================================
Connected 0 out of 0 clock-gating instances.
  Decloning clock-gating logic from design:ber_checker_top
Clock-gating declone status
===========================
Total number of clock-gating instances before: 4
Total number of clock-gating instances after : 4
Time taken by ConstProp Step: 00:00:00
PBS_TechMap-Postmap Clock Gating - Elapsed_Time 0, CPU_Time 0.0
stamp 'PBS_TechMap-Postmap Clock Gating' being created for table 'pbs_debug'

  Total Time (Wall) |  Stage Time (Wall)  |   % (Wall)   |    Date - Time     |  Memory   | Stage
--------------------+---------------------+--------------+--------------------+-----------+----------------------
 00:00:29(00:00:14) |  00:00:00(00:00:00) |   0.0(  0.0) |   17:12:42 (Apr08) |  604.6 MB | PBS_Generic-Start
--------------------+---------------------+--------------+--------------------+-----------+----------------------
 00:00:33(00:00:19) |  00:00:04(00:00:05) |  48.6( 45.5) |   17:12:47 (Apr08) |  864.4 MB | PBS_Generic_Opt-Post
--------------------+---------------------+--------------+--------------------+-----------+----------------------
 00:00:33(00:00:19) |  00:00:00(00:00:00) |   0.0(  0.0) |   17:12:47 (Apr08) |  864.4 MB | PBS_Generic-Postgen HBO Optimizations
--------------------+---------------------+--------------+--------------------+-----------+----------------------
 00:00:34(00:00:21) |  00:00:01(00:00:02) |  10.3( 18.2) |   17:12:49 (Apr08) |  864.4 MB | PBS_TechMap-Start
--------------------+---------------------+--------------+--------------------+-----------+----------------------
 00:00:34(00:00:21) |  00:00:00(00:00:00) |   0.0(  0.0) |   17:12:49 (Apr08) |  864.4 MB | PBS_TechMap-Premap HBO Optimizations
--------------------+---------------------+--------------+--------------------+-----------+----------------------
 00:00:37(00:00:23) |  00:00:03(00:00:02) |  30.9( 18.2) |   17:12:51 (Apr08) |  864.4 MB | PBS_Techmap-Global Mapping
--------------------+---------------------+--------------+--------------------+-----------+----------------------
 00:00:38(00:00:24) |  00:00:00(00:00:01) |  10.2(  9.1) |   17:12:52 (Apr08) |  856.2 MB | PBS_TechMap-Datapath Postmap Operations
--------------------+---------------------+--------------+--------------------+-----------+----------------------
 00:00:38(00:00:25) |  00:00:00(00:00:01) |  -0.0(  9.1) |   17:12:53 (Apr08) |  856.2 MB | PBS_TechMap-Postmap HBO Optimizations
--------------------+---------------------+--------------+--------------------+-----------+----------------------
 00:00:38(00:00:25) |  00:00:00(00:00:00) |   0.0(  0.0) |   17:12:53 (Apr08) |  856.2 MB | PBS_TechMap-Postmap Clock Gating
--------------------+---------------------+--------------+--------------------+-----------+----------------------
Number of threads: 4 * 1   (id: pbs_debug, time_info v1.57)
Info: (*N*) indicates data that was populated from previously saved time_info database
Info: CPU time includes time of parent + longest thread
-------------------------------------------------------------------------------
 hi_fo_buf                 10989        0         0         0        0        0

           Trick     Calls     Accepts   Attempts    Time(secs) 
-----------------------------------------------------------
       hi_fo_buf         0  (        0 /        0 )  0.00

 
Incremental optimization status
===============================
                                   Group   
                                  Tot Wrst     Total - - - - DRC Totals - - - -
                           Total  Weighted      Neg      Max       Max     Max  
Operation                   Area   Slacks      Slack    Trans      Cap   Fanout 
 init_delay                10989        0         0         0        0        0

           Trick     Calls     Accepts   Attempts    Time(secs) 
-----------------------------------------------------------
       crit_upsz         0  (        0 /        0 )  0.00
    plc_bal_star         0  (        0 /        0 )  0.00
     drc_buftimb         0  (        0 /        0 )  0.00
          plc_st         0  (        0 /        0 )  0.00
    plc_st_fence         0  (        0 /        0 )  0.00
        plc_star         0  (        0 /        0 )  0.00
      plc_laf_st         0  (        0 /        0 )  0.00
 plc_laf_st_fence         0  (        0 /        0 )  0.00
     drc_buftims         0  (        0 /        0 )  0.00
            fopt         0  (        0 /        0 )  0.00
   plc_laf_lo_st         0  (        0 /        0 )  0.00
       plc_lo_st         0  (        0 /        0 )  0.00
        mb_split         0  (        0 /        0 )  0.00

 
Local TNS optimization status
=============================
                                   Group   
                                  Tot Wrst     Total - - - - DRC Totals - - - -
                           Total  Weighted      Neg      Max       Max     Max  
Operation                   Area   Slacks      Slack    Trans      Cap   Fanout 
 init_tns                  10989        0         0         0        0        0

           Trick     Calls     Accepts   Attempts    Time(secs) 
-----------------------------------------------------------
    plc_bal_star         0  (        0 /        0 )  0.00
     drc_buftimb         0  (        0 /        0 )  0.00
     drc_buftims         0  (        0 /        0 )  0.00
       crit_upsz         0  (        0 /        0 )  0.00
   plc_laf_lo_st         0  (        0 /        0 )  0.00
       plc_lo_st         0  (        0 /        0 )  0.00
            fopt         0  (        0 /        0 )  0.00
       crit_dnsz         0  (        0 /        0 )  0.00
             dup         0  (        0 /        0 )  0.00
        setup_dn         0  (        0 /        0 )  0.00
        mb_split         0  (        0 /        0 )  0.00

PBS_TechMap-Postmap Cleanup - Elapsed_Time 1, CPU_Time 0.9968100000000035
stamp 'PBS_TechMap-Postmap Cleanup' being created for table 'pbs_debug'

  Total Time (Wall) |  Stage Time (Wall)  |   % (Wall)   |    Date - Time     |  Memory   | Stage
--------------------+---------------------+--------------+--------------------+-----------+----------------------
 00:00:29(00:00:14) |  00:00:00(00:00:00) |   0.0(  0.0) |   17:12:42 (Apr08) |  604.6 MB | PBS_Generic-Start
--------------------+---------------------+--------------+--------------------+-----------+----------------------
 00:00:33(00:00:19) |  00:00:04(00:00:05) |  44.1( 41.7) |   17:12:47 (Apr08) |  864.4 MB | PBS_Generic_Opt-Post
--------------------+---------------------+--------------+--------------------+-----------+----------------------
 00:00:33(00:00:19) |  00:00:00(00:00:00) |   0.0(  0.0) |   17:12:47 (Apr08) |  864.4 MB | PBS_Generic-Postgen HBO Optimizations
--------------------+---------------------+--------------+--------------------+-----------+----------------------
 00:00:34(00:00:21) |  00:00:01(00:00:02) |   9.3( 16.7) |   17:12:49 (Apr08) |  864.4 MB | PBS_TechMap-Start
--------------------+---------------------+--------------+--------------------+-----------+----------------------
 00:00:34(00:00:21) |  00:00:00(00:00:00) |   0.0(  0.0) |   17:12:49 (Apr08) |  864.4 MB | PBS_TechMap-Premap HBO Optimizations
--------------------+---------------------+--------------+--------------------+-----------+----------------------
 00:00:37(00:00:23) |  00:00:03(00:00:02) |  28.0( 16.7) |   17:12:51 (Apr08) |  864.4 MB | PBS_Techmap-Global Mapping
--------------------+---------------------+--------------+--------------------+-----------+----------------------
 00:00:38(00:00:24) |  00:00:00(00:00:01) |   9.3(  8.3) |   17:12:52 (Apr08) |  856.2 MB | PBS_TechMap-Datapath Postmap Operations
--------------------+---------------------+--------------+--------------------+-----------+----------------------
 00:00:38(00:00:25) |  00:00:00(00:00:01) |  -0.0(  8.3) |   17:12:53 (Apr08) |  856.2 MB | PBS_TechMap-Postmap HBO Optimizations
--------------------+---------------------+--------------+--------------------+-----------+----------------------
 00:00:38(00:00:25) |  00:00:00(00:00:00) |   0.0(  0.0) |   17:12:53 (Apr08) |  856.2 MB | PBS_TechMap-Postmap Clock Gating
--------------------+---------------------+--------------+--------------------+-----------+----------------------
 00:00:39(00:00:26) |  00:00:00(00:00:01) |   9.3(  8.3) |   17:12:54 (Apr08) |  856.2 MB | PBS_TechMap-Postmap Cleanup
--------------------+---------------------+--------------+--------------------+-----------+----------------------
Number of threads: 4 * 1   (id: pbs_debug, time_info v1.57)
Info: (*N*) indicates data that was populated from previously saved time_info database
Info: CPU time includes time of parent + longest thread
PBS_Techmap-Post_MBCI - Elapsed_Time 0, CPU_Time 0.0
stamp 'PBS_Techmap-Post_MBCI' being created for table 'pbs_debug'

  Total Time (Wall) |  Stage Time (Wall)  |   % (Wall)   |    Date - Time     |  Memory   | Stage
--------------------+---------------------+--------------+--------------------+-----------+----------------------
 00:00:29(00:00:14) |  00:00:00(00:00:00) |   0.0(  0.0) |   17:12:42 (Apr08) |  604.6 MB | PBS_Generic-Start
--------------------+---------------------+--------------+--------------------+-----------+----------------------
 00:00:33(00:00:19) |  00:00:04(00:00:05) |  44.1( 41.7) |   17:12:47 (Apr08) |  864.4 MB | PBS_Generic_Opt-Post
--------------------+---------------------+--------------+--------------------+-----------+----------------------
 00:00:33(00:00:19) |  00:00:00(00:00:00) |   0.0(  0.0) |   17:12:47 (Apr08) |  864.4 MB | PBS_Generic-Postgen HBO Optimizations
--------------------+---------------------+--------------+--------------------+-----------+----------------------
 00:00:34(00:00:21) |  00:00:01(00:00:02) |   9.3( 16.7) |   17:12:49 (Apr08) |  864.4 MB | PBS_TechMap-Start
--------------------+---------------------+--------------+--------------------+-----------+----------------------
 00:00:34(00:00:21) |  00:00:00(00:00:00) |   0.0(  0.0) |   17:12:49 (Apr08) |  864.4 MB | PBS_TechMap-Premap HBO Optimizations
--------------------+---------------------+--------------+--------------------+-----------+----------------------
 00:00:37(00:00:23) |  00:00:03(00:00:02) |  28.0( 16.7) |   17:12:51 (Apr08) |  864.4 MB | PBS_Techmap-Global Mapping
--------------------+---------------------+--------------+--------------------+-----------+----------------------
 00:00:38(00:00:24) |  00:00:00(00:00:01) |   9.3(  8.3) |   17:12:52 (Apr08) |  856.2 MB | PBS_TechMap-Datapath Postmap Operations
--------------------+---------------------+--------------+--------------------+-----------+----------------------
 00:00:38(00:00:25) |  00:00:00(00:00:01) |  -0.0(  8.3) |   17:12:53 (Apr08) |  856.2 MB | PBS_TechMap-Postmap HBO Optimizations
--------------------+---------------------+--------------+--------------------+-----------+----------------------
 00:00:38(00:00:25) |  00:00:00(00:00:00) |   0.0(  0.0) |   17:12:53 (Apr08) |  856.2 MB | PBS_TechMap-Postmap Clock Gating
--------------------+---------------------+--------------+--------------------+-----------+----------------------
 00:00:39(00:00:26) |  00:00:00(00:00:01) |   9.3(  8.3) |   17:12:54 (Apr08) |  856.2 MB | PBS_TechMap-Postmap Cleanup
--------------------+---------------------+--------------+--------------------+-----------+----------------------
 00:00:39(00:00:26) |  00:00:00(00:00:00) |   0.0(  0.0) |   17:12:54 (Apr08) |  856.2 MB | PBS_Techmap-Post_MBCI
--------------------+---------------------+--------------+--------------------+-----------+----------------------
Number of threads: 4 * 1   (id: pbs_debug, time_info v1.57)
Info: (*N*) indicates data that was populated from previously saved time_info database
Info: CPU time includes time of parent + longest thread
##>=================== Cadence Confidential (Mapping-Logical) ===================
##>Main Thread Summary:
##>----------------------------------------------------------------------------------------
##>STEP                           Elapsed       WNS       TNS     Insts      Area    Memory
##>----------------------------------------------------------------------------------------
##>M:Initial                            0         -         -       560     11854       864
##>M:Pre Cleanup                        0         -         -       560     11854       864
##>M:Setup                              0         -         -         -         -         -
##>M:Launch ST                          0         -         -         -         -         -
##>M:Design Partition                   0         -         -         -         -         -
##>M:Create Partition Netlists          0         -         -         -         -         -
##>M:Init Power                         0         -         -         -         -         -
##>M:Budgeting                          0         -         -         -         -         -
##>M:Derenv-DB                          0         -         -         -         -         -
##>M:Debug Outputs                      0         -         -         -         -         -
##>M:ST loading                         0         -         -         -         -         -
##>M:Distributed                        0         -         -         -         -         -
##>M:Timer                              0         -         -         -         -         -
##>M:Assembly                           0         -         -         -         -         -
##>M:DFT                                0         -         -         -         -         -
##>M:DP Operations                      1         -         -       314      7665       856
##>M:Const Prop                         1       359         0       314      7665       856
##>M:Cleanup                            1       359         0       314      7665       856
##>M:MBCI                               0         -         -       314      7665       856
##>M:Const Gate Removal                 0         -         -         -         -         -
##>M:Misc                               2
##>----------------------------------------------------------------------------------------
##>Total Elapsed                        5
##>========================================================================================
Info    : Done mapping. [SYNTH-5]
        : Done mapping 'ber_checker_top'.
      flow.cputime  flow.realtime  timing.setup.tns  timing.setup.wns  snapshot
UM:*                                                                   syn_map
@file(syn.tcl) 55: puts "write_db -to_file pre_add_tieoffs" 
write_db -to_file pre_add_tieoffs
@file(syn.tcl) 56: write_db -to_file pre_add_tieoffs
Finished exporting design database to file 'pre_add_tieoffs' for 'ber_checker_top' (command execution time mm:ss cpu = 00:00, real = 00:00).
@file(syn.tcl) 57: puts "set_db message:WSDF-201 .max_print 20" 
set_db message:WSDF-201 .max_print 20
@file(syn.tcl) 58: set_db message:WSDF-201 .max_print 20
  Setting attribute of message 'WSDF-201': 'max_print' = 20
@file(syn.tcl) 59: puts "set_db use_tiehilo_for_const duplicate" 
set_db use_tiehilo_for_const duplicate
@file(syn.tcl) 60: set_db use_tiehilo_for_const duplicate
  Setting attribute of root '/': 'use_tiehilo_for_const' = duplicate
@file(syn.tcl) 61: puts "add_tieoffs -high TIEHBWP7T -low TIELBWP7T -max_fanout 1 -verbose" 
add_tieoffs -high TIEHBWP7T -low TIELBWP7T -max_fanout 1 -verbose
@file(syn.tcl) 62: add_tieoffs -high TIEHBWP7T -low TIELBWP7T -max_fanout 1 -verbose
Info    : Connecting constant net to TIELO/TIEHI cells. [UTUI-207]
        : Connecting all 1'b0 in module design:ber_checker_top, tielo_cell is lib_cell:WCCOM.setup_set/tcb018gbwp7twc_ccs/TIELBWP7T, tiehi_cell is lib_cell:WCCOM.setup_set/tcb018gbwp7twc_ccs/TIEHBWP7T.
Info    : Connecting constant net to TIELO/TIEHI cells. [UTUI-207]
        : Connecting all 1'b0 in module module:ber_checker_top/prbs15_core_LFSR_W15_DEFAULT_SEED1, tielo_cell is lib_cell:WCCOM.setup_set/tcb018gbwp7twc_ccs/TIELBWP7T, tiehi_cell is lib_cell:WCCOM.setup_set/tcb018gbwp7twc_ccs/TIEHBWP7T.
Info    : Connecting constant net to TIELO/TIEHI cells. [UTUI-207]
        : Connecting all 1'b0 in module module:ber_checker_top/prbs15_ctrl_LFSR_W15_DEFAULT_SEED1, tielo_cell is lib_cell:WCCOM.setup_set/tcb018gbwp7twc_ccs/TIELBWP7T, tiehi_cell is lib_cell:WCCOM.setup_set/tcb018gbwp7twc_ccs/TIEHBWP7T.
Info    : Connecting constant net to TIELO/TIEHI cells. [UTUI-207]
        : Connecting all 1'b0 in module module:ber_checker_top/prbs15_top, tielo_cell is lib_cell:WCCOM.setup_set/tcb018gbwp7twc_ccs/TIELBWP7T, tiehi_cell is lib_cell:WCCOM.setup_set/tcb018gbwp7twc_ccs/TIEHBWP7T.
Info    : Connecting constant net to TIELO/TIEHI cells. [UTUI-207]
        : Connecting all 1'b0 in module module:ber_checker_top/prbs_core_LFSR_W7_DEFAULT_SEED1, tielo_cell is lib_cell:WCCOM.setup_set/tcb018gbwp7twc_ccs/TIELBWP7T, tiehi_cell is lib_cell:WCCOM.setup_set/tcb018gbwp7twc_ccs/TIEHBWP7T.
Info    : Connecting constant net to TIELO/TIEHI cells. [UTUI-207]
        : Connecting all 1'b0 in module module:ber_checker_top/prbs_ctrl_LFSR_W7_DEFAULT_SEED1, tielo_cell is lib_cell:WCCOM.setup_set/tcb018gbwp7twc_ccs/TIELBWP7T, tiehi_cell is lib_cell:WCCOM.setup_set/tcb018gbwp7twc_ccs/TIEHBWP7T.
Info    : Connecting constant net to TIELO/TIEHI cells. [UTUI-207]
        : Connecting all 1'b0 in module module:ber_checker_top/prbs_top, tielo_cell is lib_cell:WCCOM.setup_set/tcb018gbwp7twc_ccs/TIELBWP7T, tiehi_cell is lib_cell:WCCOM.setup_set/tcb018gbwp7twc_ccs/TIEHBWP7T.
@file(syn.tcl) 63: puts "write_db -to_file pre_write_regs" 
write_db -to_file pre_write_regs
@file(syn.tcl) 64: write_db -to_file pre_write_regs
Finished exporting design database to file 'pre_write_regs' for 'ber_checker_top' (command execution time mm:ss cpu = 00:00, real = 00:00).
@file(syn.tcl) 66:         set write_cells_ir "./find_regs_cells.json"
@file(syn.tcl) 67:         set write_cells_ir [open $write_cells_ir "w"]
@file(syn.tcl) 68:         puts $write_cells_ir "\["
@file(syn.tcl) 70:         set refs [get_db [get_db lib_cells -if .is_sequential==true] .base_name]
@file(syn.tcl) 72:         set len [llength $refs]
@file(syn.tcl) 74:         for {set i 0} {$i < [llength $refs]} {incr i} {
            if {$i == $len - 1} {
                puts $write_cells_ir "    \"[lindex $refs $i]\""
            } else {
                puts $write_cells_ir "    \"[lindex $refs $i]\","
            }
        }
@file(syn.tcl) 82:         puts $write_cells_ir "\]"
@file(syn.tcl) 83:         close $write_cells_ir
@file(syn.tcl) 84:         set write_regs_ir "./find_regs_paths.json"
@file(syn.tcl) 85:         set write_regs_ir [open $write_regs_ir "w"]
@file(syn.tcl) 86:         puts $write_regs_ir "\["
@file(syn.tcl) 88:         set regs [get_db [get_db [all_registers -edge_triggered -output_pins] -if .direction==out] .name]
@file(syn.tcl) 90:         set len [llength $regs]
@file(syn.tcl) 92:         for {set i 0} {$i < [llength $regs]} {incr i} {
            #regsub -all {/} [lindex $regs $i] . myreg
            set myreg [lindex $regs $i]
            if {$i == $len - 1} {
                puts $write_regs_ir "    \"$myreg\""
            } else {
                puts $write_regs_ir "    \"$myreg\","
            }
        }
@file(syn.tcl) 102:         puts $write_regs_ir "\]"
@file(syn.tcl) 104:         close $write_regs_ir
@file(syn.tcl) 106: puts "write_db -to_file pre_generate_reports" 
write_db -to_file pre_generate_reports
@file(syn.tcl) 107: write_db -to_file pre_generate_reports
Finished exporting design database to file 'pre_generate_reports' for 'ber_checker_top' (command execution time mm:ss cpu = 00:00, real = 00:00).
@file(syn.tcl) 108: puts "write_reports -directory reports -tag final" 
write_reports -directory reports -tag final
@file(syn.tcl) 109: write_reports -directory reports -tag final
Info    : Joules engine is used. [RPT-16]
        : Joules engine is being used for the command report_gates -power.
Info   : ACTP-0001 [ACTPInfo] Activity propagation started for stim#0 netlist
       : ber_checker_top
Info   : ACTP-0009 [ACTPInfo] Activity Propagation Progress Report :   0%   1%   2%   3%   4%   5%   6%   7%   8%   9%  10%  11%  12%  13%  14%  15%  16%  17%  18%  19%  20%  21%  22%  23%  24%  25%  26%  27%  28%  29%  30%  31%  32%  33%  34%  35%  36%  37%  38%  39%  40%  41%  42%  43%  44%  45%  46%  47%  48%  49%  50%  51%  52%  53%  54%  55%  56%  57%  58%  59%  60%  61%  62%  63%  64%  65%  66%  67%  68%  69%  70%  71%  72%  73%  74%  75%  76%  77%  78%  79%  80%  81%  82%  83%  84%  85%  86%  87%  88%  89%  90%  91%  92%  93%  94%  95%  96%  97%  98%  99% 100%
Info   : ACTP-0001 Activity propagation ended for stim#0
Info   : PWRA-0001 [PwrInfo] compute_power effective options 
       : -mode : vectorless
       : -skip_propagation : 1
       : -frequency_scaling_factor : 1.0
       : -use_clock_freq : stim
       : -stim :/stim#0
       : -fromGenus : 1
Info   : ACTP-0001 Timing initialization started
Info   : ACTP-0001 Timing initialization ended
Info   : PWRA-0002 [PwrInfo] Skipping activity propagation due to -skip_ap
       : option....
Warning: PWRA-0302 [PwrWarn] Frequency scaling is not applicable for vectorless
       : flow. Ignoring frequency scaling.
Warning: PWRA-0304 [PwrWarn] -stim option is not applicable with vectorless mode
       : of power analysis, ignored this option.
Info   : PWRA-0002 Started 'vectorless' power computation.
Info   : PWRA-0009 [PwrInfo] Power Computation Progress Report :   0%   1%   2%   3%   4%   5%   6%   7%   8%   9%  10%  11%  12%  13%  14%  15%  16%  17%  18%  19%  20%  21%  22%  23%  24%  25%  26%  27%  28%  29%  30%  31%  32%  33%  34%  35%  36%  37%  38%  39%  40%  41%  42%  43%  44%  45%  46%  47%  48%  49%  50%  51%  52%  53%  54%  55%  56%  57%  58%  59%  60%  61%  62%  63%  64%  65%  66%  67%  68%  69%  70%  71%  72%  73%  74%  75%  76%  77%  78%  79%  80%  81%  82%  83%  84%  85%  86%  87%  88%  89%  90%  91%  92%  93%  94%  95%  96%  97%  98%  99% 100%
Info   : PWRA-0002 Finished power computation.
Info   : PWRA-0007 [PwrInfo] Completed successfully.
       : Info=6, Warn=2, Error=0, Fatal=0


Working Directory = /w/home.09/home/liyuyao864/ee209/prbs_project/build_ber_checker/syn-rundir
QoS Summary for ber_checker_top
================================================================================
Metric                          final          
================================================================================
Slack (ps):                       360
  R2R (ps):                       360
  I2R (ps):                  no_value
  R2O (ps):                  no_value
  I2O (ps):                  no_value
  CG  (ps):                     2,247
TNS (ps):                           0
  R2R (ps):                         0
  I2R (ps):                  no_value
  R2O (ps):                  no_value
  I2O (ps):                  no_value
  CG  (ps):                         0
Failing Paths:                      0
Cell Area:                      8,021
Total Cell Area:                8,021
Leaf Instances:                   368
Total Instances:                  368
Utilization (%):                 0.00
Tot. Net Length (um):        no_value
Avg. Net Length (um):        no_value
Route Overflow H (%):        no_value
Route Overflow V (%):        no_value
MBCI(%) (bits/gate) :            0.00
Norm Cong Hotspot Area:
  Max Cong:                  no_value
  Tot Cong:                  no_value
================================================================================
CPU  Runtime (h:m:s):        00:00:37
Real Runtime (h:m:s):        00:00:27
CPU  Elapsed (h:m:s):        00:00:42
Real Elapsed (h:m:s):        00:00:29
Memory (MB):                  1377.62
================================================================================
================================================================================
Flow Settings:
================================================================================
Total Runtime (h:m:s): 00:00:27
Total Memory (MB):     1377.62
Executable Version:    21.19-s055_1
================================================================================
Total Cell Area =  Cell Area + Physical Cell Area
Total Instances =  Leaf Instances + Physical Instances




@file(syn.tcl) 110: puts "write_db -to_file pre_write_outputs" 
write_db -to_file pre_write_outputs
@file(syn.tcl) 111: write_db -to_file pre_write_outputs
Finished exporting design database to file 'pre_write_outputs' for 'ber_checker_top' (command execution time mm:ss cpu = 00:00, real = 00:00).
@file(syn.tcl) 112: puts "update_names -suffix _mapped -module" 
update_names -suffix _mapped -module
@file(syn.tcl) 113: update_names -suffix _mapped -module
Warning : Port names affected by change_names do not automatically get updated in written out SV wrapper module. [CHNM-108] [update_names]
        : If user is setting  write_sv_port_wrapper = true then the port names affected by usage of change_name  
    need to be updated manually in the written out SV wrapper module.
        : If user is setting write_sv_port_wrapper = true then the port names affected by usage of change_name need to be updated manually in the written out SV wrapper module.
@file(syn.tcl) 114: puts "write_hdl > /w/home.09/home/liyuyao864/ee209/prbs_project/build_ber_checker/syn-rundir/ber_checker_top.mapped.v" 
write_hdl > /w/home.09/home/liyuyao864/ee209/prbs_project/build_ber_checker/syn-rundir/ber_checker_top.mapped.v
@file(syn.tcl) 115: write_hdl > /w/home.09/home/liyuyao864/ee209/prbs_project/build_ber_checker/syn-rundir/ber_checker_top.mapped.v
@file(syn.tcl) 116: puts "write_script > ber_checker_top.mapped.scr" 
write_script > ber_checker_top.mapped.scr
@file(syn.tcl) 117: write_script > ber_checker_top.mapped.scr
Warning : This command will be obsolete in a next major release. [TUI-37]
        : Use 'write_db -common' for saving design databases to operate with other Cadence tools. Use 'write_design' in future releases for saving files for operations with non-Cadence tools.

@file(syn.tcl) 118: puts "write_sdc -view WCCOM.setup_view > /w/home.09/home/liyuyao864/ee209/prbs_project/build_ber_checker/syn-rundir/ber_checker_top.mapped.sdc" 
write_sdc -view WCCOM.setup_view > /w/home.09/home/liyuyao864/ee209/prbs_project/build_ber_checker/syn-rundir/ber_checker_top.mapped.sdc
@file(syn.tcl) 119: write_sdc -view WCCOM.setup_view > /w/home.09/home/liyuyao864/ee209/prbs_project/build_ber_checker/syn-rundir/ber_checker_top.mapped.sdc
Finished SDC export (command execution time mm:ss (real) = 00:00).
@file(syn.tcl) 120: puts "write_sdf -nosplit_timing_check -timescale ns > /w/home.09/home/liyuyao864/ee209/prbs_project/build_ber_checker/syn-rundir/ber_checker_top.mapped.sdf" 
write_sdf -nosplit_timing_check -timescale ns > /w/home.09/home/liyuyao864/ee209/prbs_project/build_ber_checker/syn-rundir/ber_checker_top.mapped.sdf
@file(syn.tcl) 121: write_sdf -nosplit_timing_check -timescale ns > /w/home.09/home/liyuyao864/ee209/prbs_project/build_ber_checker/syn-rundir/ber_checker_top.mapped.sdf
Warning : Default value for an option has changed in this release. [WSDF-104]
        : Default value for -setuphold has changed from split to merge_always. Specify '-setuphold split' to preserve the behavior of the previous release.
        : Specify the option explicitly.
Warning : Default value for an option has changed in this release. [WSDF-104]
        : Default value for -recrem has changed from split to merge_always. Specify '-recrem split' to preserve the behavior of the previous release.
Warning : No delay description exists for an instance. [WSDF-201]
        : Cell u_prbs_gen_top/u_prbs7_top/u_prbs_core/tie_0_cell.
        : The timing arc of the instance does not exist or is disabled by disable_timing or constant value. The delay information will not be generated for the instance. The instance could be a loop breaker or its inputs could be driven by constant
Warning : No delay description exists for an instance. [WSDF-201]
        : Cell u_prbs_gen_top/u_prbs7_top/u_prbs_core/tie_0_cell1.
Warning : No delay description exists for an instance. [WSDF-201]
        : Cell u_prbs_gen_top/u_prbs7_top/u_prbs_core/tie_0_cell2.
Warning : No delay description exists for an instance. [WSDF-201]
        : Cell u_prbs_gen_top/u_prbs7_top/u_prbs_core/tie_0_cell3.
Warning : No delay description exists for an instance. [WSDF-201]
        : Cell u_prbs_gen_top/u_prbs7_top/u_prbs_core/tie_0_cell4.
Warning : No delay description exists for an instance. [WSDF-201]
        : Cell u_prbs_gen_top/u_prbs7_top/u_prbs_core/tie_0_cell5.
Warning : No delay description exists for an instance. [WSDF-201]
        : Cell u_prbs_gen_top/u_prbs7_top/u_prbs_core/tie_0_cell6.
Warning : No delay description exists for an instance. [WSDF-201]
        : Cell u_prbs_gen_top/u_prbs7_top/u_prbs_core/tie_0_cell7.
Warning : No delay description exists for an instance. [WSDF-201]
        : Cell u_prbs_gen_top/u_prbs7_top/u_prbs_ctrl/tie_0_cell.
Warning : No delay description exists for an instance. [WSDF-201]
        : Cell u_prbs_gen_top/u_prbs7_top/u_prbs_ctrl/tie_0_cell1.
Warning : No delay description exists for an instance. [WSDF-201]
        : Cell u_prbs_gen_top/u_prbs7_top/u_prbs_ctrl/tie_0_cell2.
Warning : No delay description exists for an instance. [WSDF-201]
        : Cell u_prbs_gen_top/u_prbs7_top/u_prbs_ctrl/tie_0_cell3.
Warning : No delay description exists for an instance. [WSDF-201]
        : Cell u_prbs_gen_top/u_prbs7_top/u_prbs_ctrl/tie_0_cell4.
Warning : No delay description exists for an instance. [WSDF-201]
        : Cell u_prbs_gen_top/u_prbs7_top/u_prbs_ctrl/tie_0_cell5.
Warning : No delay description exists for an instance. [WSDF-201]
        : Cell u_prbs_gen_top/u_prbs7_top/u_prbs_ctrl/tie_0_cell6.
Warning : No delay description exists for an instance. [WSDF-201]
        : Cell u_prbs_gen_top/u_prbs7_top/u_prbs_ctrl/tie_0_cell7.
Warning : No delay description exists for an instance. [WSDF-201]
        : Cell u_prbs_gen_top/u_prbs7_top/tie_0_cell.
Warning : No delay description exists for an instance. [WSDF-201]
        : Cell u_prbs_gen_top/u_prbs7_top/tie_0_cell1.
Warning : No delay description exists for an instance. [WSDF-201]
        : Cell u_prbs_gen_top/u_prbs15_top/u_prbs15_core/tie_0_cell.
Warning : No delay description exists for an instance. [WSDF-201]
        : Cell u_prbs_gen_top/u_prbs15_top/u_prbs15_core/tie_0_cell1.
Warning : Maximum message print count reached. [MESG-11]
        : Maximum print count of '20' reached for message 'WSDF-201'.
@file(syn.tcl) 122: puts "write_design -innovus -hierarchical -gzip_files ber_checker_top" 
write_design -innovus -hierarchical -gzip_files ber_checker_top
@file(syn.tcl) 123: write_design -innovus -hierarchical -gzip_files ber_checker_top
Warning : This command will be obsolete in a next major release. [TUI-37]
        : Option '-innovus' is being obsoleted. Use 'write_db -common' for saving design databases to operate with other Cadence tools. Use 'write_design' in future releases for saving files for operations with non-Cadence tools.

Warning : This command will be obsolete in a next major release. [TUI-37]
        : Option '-hierarchical' is being obsoleted. Use 'write_db -common' for saving design databases to operate with other Cadence tools. Use 'write_design' in future releases for saving files for operations with non-Cadence tools.

(write_design): Writing Innovus content. Constraint interface is: 'mmmc2'
(write_design): Writing Genus content. Constraint interface is 'mmmc2'
Warning : Attribute design_process_node is not set for this design. [PHYS-1011]
        : Missing data.
        : When attribute design_process_node is not set to an appropriate integer value >=5 and <=250, then Innovus will assume its own default value for the design process node. See the Innovus setDesignMode -process <> command for more information about what this setting does.
Exporting design data for 'ber_checker_top' to genus_invs_des/genus...
%# Begin write_design (04/08 17:12:56, mem=1383.62M)
      flow.cputime  flow.realtime  timing.setup.tns  timing.setup.wns  snapshot
UM:*                                                                   write_design
No loop breaker instances found (cdn_loop_breaker).
File genus_invs_des/genus.mmmc.tcl has been written.
Finished SDC export (command execution time mm:ss (real) = 00:00).
Info: file genus_invs_des/genus.my_constraint_mode.sdc has been written
Info: file genus_invs_des/genus.my_constraint_mode.sdc has been written
  Setting attribute of root '/': 'opt_spatial_power_driven' = false

Number of user defined NDR nets found: 0

Number of NDR nets found: 0
Number of nets with minimum layer assignments: 0

** To load the database source genus_invs_des/genus.invs_setup.tcl in an Innovus session.
** To load the database source genus_invs_des/genus.genus_setup.tcl in an Genus(TM) Synthesis Solution session.
Finished exporting design data for 'ber_checker_top' (command execution time mm:ss cpu = 00:01, real = 00:02).
.
%# End write_design (04/08 17:12:58, total cpu=00:00:01, real=00:00:02, peak res=864.40M, current mem=1385.62M)
@file(syn.tcl) 124: puts "quit" 
quit
@file(syn.tcl) 125: quit

Lic Summary:
[17:12:58.318880] Cdslmd servers: landfair
[17:12:58.318898] Feature usage summary:
[17:12:58.318899] Genus_Synthesis

